gene_id	group	label	orthogroup	is_wgd	is_duplicate	is_singleton	family_size	dup_mode	function_class	age
g000000	crop1	0	OG00082	0	1	0	6	transposed	kinase	3
g000001	crop1	0	OG00122	1	1	0	4	wgd	TF	2
g000002	crop1	0	OG00082	0	0	1	1	singleton	enzyme	3
g000003	crop1	0	OG00294	0	1	0	9	proximal	defense	2
g000004	crop1	0	OG00222	0	1	0	4	dispersed	enzyme	4
g000005	crop1	0	OG00033	0	0	1	1	singleton	kinase	4
g000006	crop1	0	OG00119	0	1	0	11	dispersed	enzyme	2
g000007	crop1	0	OG00269	0	1	0	3	dispersed	other	4
g000008	crop1	0	OG00257	1	1	0	3	wgd	transporter	3
g000009	crop1	0	OG00246	1	1	0	3	wgd	TF	2
g000010	crop1	0	OG00136	0	1	0	8	transposed	defense	4
g000011	crop1	0	OG00159	0	1	0	8	transposed	kinase	1
g000012	crop1	0	OG00073	0	1	0	4	transposed	other	4
g000013	crop1	0	OG00212	0	1	0	9	transposed	other	1
g000014	crop1	0	OG00252	0	1	0	2	proximal	other	2
g000015	crop1	0	OG00018	0	1	0	6	proximal	enzyme	1
g000016	crop1	0	OG00358	1	1	0	6	wgd	TF	3
g000017	crop1	0	OG00009	0	1	0	2	proximal	other	3
g000018	crop1	1	OG00259	1	1	0	7	wgd	TF	3
g000019	crop1	0	OG00075	1	1	0	5	wgd	TF	2
g000020	crop1	0	OG00049	0	1	0	3	proximal	enzyme	3
g000021	crop1	0	OG00323	1	1	0	8	wgd	hormone	2
g000022	crop1	0	OG00030	0	1	0	3	transposed	enzyme	4
g000023	crop1	0	OG00254	0	1	0	9	transposed	enzyme	4
g000024	crop1	0	OG00331	1	1	0	3	wgd	kinase	1
g000025	crop1	0	OG00398	1	1	0	4	wgd	TF	3
g000026	crop1	0	OG00221	0	0	1	1	singleton	transporter	4
g000027	crop1	0	OG00345	1	1	0	10	wgd	TF	3
g000028	crop1	0	OG00182	0	1	0	6	tandem	other	4
g000029	crop1	0	OG00026	0	1	0	4	proximal	TF	1
g000030	crop1	0	OG00134	0	1	0	3	tandem	TF	1
g000031	crop1	0	OG00158	0	1	0	10	dispersed	other	3
g000032	crop1	0	OG00092	0	1	0	11	dispersed	other	4
g000033	crop1	0	OG00315	0	1	0	11	transposed	defense	1
g000034	crop1	0	OG00141	0	1	0	11	tandem	other	4
g000035	crop1	0	OG00175	0	0	1	1	singleton	TF	1
g000036	crop1	0	OG00080	1	1	0	2	wgd	TF	4
g000037	crop1	0	OG00269	0	1	0	8	transposed	enzyme	4
g000038	crop1	0	OG00065	0	1	0	10	transposed	enzyme	2
g000039	crop1	0	OG00374	0	1	0	8	dispersed	other	1
g000040	crop1	0	OG00102	0	1	0	5	tandem	enzyme	2
g000041	crop1	0	OG00106	0	1	0	7	transposed	kinase	3
g000042	crop1	0	OG00052	1	1	0	3	wgd	kinase	3
g000043	crop1	0	OG00120	1	1	0	7	wgd	other	4
g000044	crop1	0	OG00025	0	1	0	4	transposed	other	1
g000045	crop1	0	OG00015	1	1	0	11	wgd	kinase	4
g000046	crop1	0	OG00013	0	1	0	4	transposed	kinase	4
g000047	crop1	0	OG00193	0	1	0	4	dispersed	defense	1
g000048	crop1	0	OG00313	0	1	0	8	tandem	other	1
g000049	crop1	0	OG00396	1	1	0	11	wgd	enzyme	3
g000050	crop1	0	OG00140	0	1	0	6	tandem	enzyme	3
g000051	crop1	0	OG00165	0	1	0	3	proximal	enzyme	2
g000052	crop1	0	OG00393	0	1	0	4	dispersed	kinase	1
g000053	crop1	0	OG00028	0	1	0	3	transposed	TF	1
g000054	crop1	0	OG00100	0	1	0	6	tandem	hormone	3
g000055	crop1	0	OG00087	1	1	0	9	wgd	kinase	1
g000056	crop1	0	OG00250	0	1	0	5	transposed	transporter	4
g000057	crop1	0	OG00116	1	1	0	11	wgd	kinase	2
g000058	crop1	0	OG00062	0	0	1	1	singleton	defense	3
g000059	crop1	0	OG00209	0	1	0	4	dispersed	defense	4
g000060	crop1	0	OG00229	0	1	0	10	tandem	enzyme	3
g000061	crop1	0	OG00228	0	1	0	9	dispersed	enzyme	4
g000062	crop1	0	OG00161	0	0	1	1	singleton	defense	4
g000063	crop1	0	OG00080	0	1	0	6	transposed	defense	4
g000064	crop1	0	OG00326	1	1	0	8	wgd	enzyme	4
g000065	crop1	0	OG00216	0	0	1	1	singleton	defense	2
g000066	crop1	0	OG00261	1	1	0	3	wgd	enzyme	2
g000067	crop1	1	OG00204	1	1	0	3	wgd	hormone	2
g000068	crop1	0	OG00135	0	1	0	7	dispersed	enzyme	4
g000069	crop1	0	OG00076	0	1	0	10	transposed	other	2
g000070	crop1	0	OG00047	0	1	0	10	transposed	other	1
g000071	crop1	0	OG00289	0	1	0	2	transposed	other	2
g000072	crop1	0	OG00210	1	1	0	9	wgd	TF	1
g000073	crop1	0	OG00284	0	1	0	6	dispersed	other	2
g000074	crop1	0	OG00107	1	1	0	2	wgd	kinase	1
g000075	crop1	0	OG00253	1	1	0	5	wgd	hormone	4
g000076	crop1	0	OG00378	0	1	0	6	dispersed	enzyme	2
g000077	crop1	0	OG00120	0	1	0	10	tandem	enzyme	4
g000078	crop1	0	OG00239	0	1	0	9	transposed	other	3
g000079	crop1	0	OG00383	0	1	0	8	transposed	enzyme	1
g000080	crop1	0	OG00082	0	0	1	1	singleton	transporter	2
g000081	crop1	0	OG00227	0	0	1	1	singleton	enzyme	4
g000082	crop1	0	OG00177	0	0	1	1	singleton	kinase	4
g000083	crop1	0	OG00146	0	1	0	10	dispersed	defense	1
g000084	crop1	0	OG00022	0	1	0	9	dispersed	TF	4
g000085	crop1	0	OG00227	0	1	0	6	tandem	enzyme	1
g000086	crop1	1	OG00345	0	1	0	8	transposed	kinase	1
g000087	crop1	0	OG00204	1	1	0	7	wgd	TF	4
g000088	crop1	0	OG00244	1	1	0	8	wgd	defense	2
g000089	crop1	0	OG00303	0	1	0	2	tandem	TF	3
g000090	crop1	0	OG00077	1	1	0	9	wgd	enzyme	4
g000091	crop1	0	OG00188	0	1	0	4	tandem	defense	2
g000092	crop1	0	OG00139	0	1	0	6	transposed	defense	3
g000093	crop1	0	OG00110	1	1	0	2	wgd	TF	3
g000094	crop1	0	OG00091	1	1	0	7	wgd	transporter	4
g000095	crop1	0	OG00161	0	1	0	11	proximal	defense	1
g000096	crop1	0	OG00148	0	1	0	6	dispersed	transporter	3
g000097	crop1	0	OG00363	0	1	0	4	tandem	enzyme	4
g000098	crop1	0	OG00399	0	1	0	6	dispersed	enzyme	4
g000099	crop1	0	OG00092	1	1	0	10	wgd	TF	3
g000100	crop1	1	OG00368	1	1	0	7	wgd	hormone	2
g000101	crop1	1	OG00263	1	1	0	6	wgd	transporter	3
g000102	crop1	0	OG00043	0	1	0	9	tandem	defense	3
g000103	crop1	0	OG00122	1	1	0	11	wgd	TF	3
g000104	crop1	0	OG00376	0	1	0	4	tandem	other	4
g000105	crop1	0	OG00336	0	1	0	8	transposed	TF	4
g000106	crop1	0	OG00045	0	1	0	10	tandem	transporter	1
g000107	crop1	0	OG00378	0	1	0	6	tandem	other	3
g000108	crop1	0	OG00384	0	1	0	7	dispersed	hormone	1
g000109	crop1	0	OG00265	0	1	0	9	proximal	defense	3
g000110	crop1	0	OG00171	0	1	0	4	transposed	kinase	2
g000111	crop1	0	OG00086	0	1	0	6	dispersed	other	3
g000112	crop1	0	OG00278	0	1	0	11	transposed	hormone	4
g000113	crop1	0	OG00171	0	1	0	7	transposed	defense	4
g000114	crop1	0	OG00297	0	1	0	3	transposed	defense	3
g000115	crop1	0	OG00328	0	1	0	3	transposed	TF	2
g000116	crop1	0	OG00395	0	1	0	5	tandem	kinase	2
g000117	crop1	0	OG00242	0	1	0	2	transposed	defense	4
g000118	crop1	0	OG00099	1	1	0	5	wgd	kinase	2
g000119	crop1	0	OG00060	0	1	0	9	dispersed	transporter	4
g000120	crop1	0	OG00166	0	1	0	4	transposed	TF	2
g000121	crop1	0	OG00278	0	1	0	3	transposed	hormone	3
g000122	crop1	0	OG00021	1	1	0	6	wgd	enzyme	1
g000123	crop1	0	OG00261	0	1	0	6	dispersed	hormone	4
g000124	crop1	0	OG00047	1	1	0	7	wgd	hormone	1
g000125	crop1	0	OG00254	0	1	0	2	dispersed	other	1
g000126	crop1	0	OG00124	0	1	0	9	transposed	kinase	3
g000127	crop1	0	OG00177	0	0	1	1	singleton	defense	4
g000128	crop1	0	OG00065	0	1	0	11	transposed	defense	4
g000129	crop1	0	OG00305	0	1	0	2	dispersed	defense	3
g000130	crop1	0	OG00120	0	1	0	8	tandem	other	2
g000131	crop1	0	OG00227	1	1	0	11	wgd	other	1
g000132	crop1	0	OG00068	1	1	0	9	wgd	TF	2
g000133	crop1	0	OG00042	1	1	0	3	wgd	other	4
g000134	crop1	0	OG00130	1	1	0	9	wgd	TF	1
g000135	crop1	0	OG00190	1	1	0	3	wgd	hormone	1
g000136	crop1	0	OG00096	0	1	0	3	transposed	enzyme	1
g000137	crop1	0	OG00035	0	1	0	6	tandem	defense	3
g000138	crop1	0	OG00323	0	1	0	11	tandem	other	4
g000139	crop1	0	OG00089	0	1	0	2	dispersed	transporter	1
g000140	crop1	0	OG00322	0	1	0	6	transposed	other	1
g000141	crop1	0	OG00396	0	0	1	1	singleton	hormone	1
g000142	crop1	0	OG00096	0	1	0	4	transposed	other	2
g000143	crop1	0	OG00184	1	1	0	10	wgd	defense	3
g000144	crop1	0	OG00149	0	1	0	6	tandem	TF	1
g000145	crop1	0	OG00145	0	1	0	4	transposed	other	1
g000146	crop1	0	OG00268	1	1	0	10	wgd	transporter	2
g000147	crop1	0	OG00026	0	1	0	6	transposed	transporter	3
g000148	crop1	0	OG00041	1	1	0	10	wgd	kinase	1
g000149	crop1	0	OG00136	1	1	0	4	wgd	TF	3
g000150	crop1	0	OG00176	0	0	1	1	singleton	enzyme	1
g000151	crop1	0	OG00123	1	1	0	3	wgd	kinase	4
g000152	crop1	0	OG00107	1	1	0	9	wgd	kinase	3
g000153	crop1	0	OG00027	0	1	0	5	tandem	other	4
g000154	crop1	0	OG00120	0	0	1	1	singleton	other	3
g000155	crop1	0	OG00274	0	1	0	8	transposed	kinase	2
g000156	crop1	0	OG00351	0	1	0	3	proximal	enzyme	4
g000157	crop1	0	OG00173	1	1	0	3	wgd	other	2
g000158	crop1	0	OG00184	0	1	0	4	transposed	TF	1
g000159	crop1	1	OG00208	0	1	0	9	tandem	defense	4
g000160	crop1	0	OG00061	0	1	0	5	tandem	enzyme	1
g000161	crop1	0	OG00071	0	1	0	2	dispersed	TF	3
g000162	crop1	0	OG00201	0	0	1	1	singleton	other	2
g000163	crop1	1	OG00076	1	1	0	6	wgd	TF	2
g000164	crop1	0	OG00218	0	1	0	11	transposed	transporter	4
g000165	crop1	0	OG00362	0	1	0	2	transposed	enzyme	1
g000166	crop1	0	OG00057	0	1	0	8	transposed	hormone	4
g000167	crop1	0	OG00242	0	1	0	11	proximal	kinase	4
g000168	crop1	0	OG00191	1	1	0	6	wgd	hormone	4
g000169	crop1	0	OG00235	0	1	0	7	tandem	enzyme	2
g000170	crop1	0	OG00238	0	1	0	6	tandem	enzyme	3
g000171	crop1	0	OG00394	0	1	0	5	dispersed	TF	3
g000172	crop1	0	OG00206	0	1	0	5	proximal	other	1
g000173	crop1	0	OG00279	0	1	0	9	transposed	enzyme	3
g000174	crop1	0	OG00037	0	1	0	5	dispersed	other	3
g000175	crop1	0	OG00003	0	1	0	6	transposed	defense	3
g000176	crop1	0	OG00102	0	1	0	3	transposed	enzyme	2
g000177	crop1	0	OG00112	1	1	0	5	wgd	other	4
g000178	crop1	0	OG00053	0	1	0	4	proximal	defense	3
g000179	crop1	0	OG00278	1	1	0	9	wgd	other	3
g000180	crop1	0	OG00021	0	0	1	1	singleton	enzyme	3
g000181	crop1	0	OG00254	0	0	1	1	singleton	other	4
g000182	crop1	0	OG00096	1	1	0	3	wgd	kinase	4
g000183	crop1	0	OG00129	0	1	0	6	transposed	kinase	4
g000184	crop1	0	OG00297	0	1	0	8	tandem	enzyme	4
g000185	crop1	0	OG00355	0	0	1	1	singleton	enzyme	4
g000186	crop1	0	OG00151	0	1	0	5	dispersed	other	2
g000187	crop1	1	OG00312	0	1	0	8	transposed	kinase	4
g000188	crop1	0	OG00193	1	1	0	11	wgd	enzyme	4
g000189	crop1	0	OG00016	0	0	1	1	singleton	other	4
g000190	crop1	0	OG00348	1	1	0	8	wgd	defense	2
g000191	crop1	0	OG00132	0	1	0	2	dispersed	kinase	1
g000192	crop1	0	OG00210	0	1	0	2	tandem	TF	1
g000193	crop1	0	OG00161	0	1	0	3	tandem	enzyme	4
g000194	crop1	1	OG00165	1	1	0	6	wgd	TF	2
g000195	crop1	0	OG00098	0	1	0	8	tandem	enzyme	3
g000196	crop1	0	OG00381	0	1	0	11	tandem	enzyme	4
g000197	crop1	0	OG00006	0	0	1	1	singleton	other	1
g000198	crop1	0	OG00396	0	0	1	1	singleton	other	4
g000199	crop1	0	OG00010	0	1	0	5	proximal	transporter	3
g000200	crop1	0	OG00378	1	1	0	8	wgd	TF	4
g000201	crop1	0	OG00106	0	1	0	3	transposed	other	1
g000202	crop1	0	OG00315	0	1	0	2	tandem	other	1
g000203	crop1	0	OG00193	0	1	0	2	dispersed	TF	3
g000204	crop1	0	OG00001	0	1	0	8	dispersed	enzyme	1
g000205	crop1	0	OG00368	1	1	0	3	wgd	TF	3
g000206	crop1	0	OG00088	0	1	0	8	transposed	kinase	3
g000207	crop1	0	OG00322	0	0	1	1	singleton	TF	3
g000208	crop1	0	OG00133	0	1	0	11	dispersed	enzyme	3
g000209	crop1	0	OG00272	0	0	1	1	singleton	defense	3
g000210	crop1	0	OG00280	1	1	0	2	wgd	transporter	3
g000211	crop1	0	OG00037	0	1	0	8	transposed	kinase	2
g000212	crop1	0	OG00256	0	1	0	9	dispersed	defense	3
g000213	crop1	0	OG00321	0	1	0	10	dispersed	other	2
g000214	crop1	0	OG00376	1	1	0	8	wgd	kinase	1
g000215	crop1	0	OG00321	0	1	0	11	tandem	defense	1
g000216	crop1	0	OG00042	0	1	0	3	transposed	defense	3
g000217	crop1	0	OG00270	0	1	0	5	dispersed	hormone	1
g000218	crop1	0	OG00326	0	1	0	3	transposed	transporter	4
g000219	crop1	0	OG00084	0	0	1	1	singleton	enzyme	4
g000220	crop1	0	OG00060	0	1	0	10	dispersed	other	3
g000221	crop1	0	OG00170	0	1	0	7	transposed	enzyme	4
g000222	crop1	0	OG00099	0	0	1	1	singleton	other	4
g000223	crop1	0	OG00096	0	1	0	3	dispersed	hormone	4
g000224	crop1	0	OG00232	0	0	1	1	singleton	enzyme	4
g000225	crop1	0	OG00275	0	1	0	4	dispersed	hormone	1
g000226	crop1	0	OG00011	0	1	0	2	proximal	other	4
g000227	crop1	0	OG00223	0	1	0	7	tandem	enzyme	4
g000228	crop1	0	OG00092	0	1	0	8	transposed	kinase	4
g000229	crop1	0	OG00150	0	1	0	10	tandem	other	4
g000230	crop1	0	OG00216	0	0	1	1	singleton	defense	3
g000231	crop1	0	OG00209	1	1	0	4	wgd	enzyme	1
g000232	crop1	0	OG00243	0	1	0	11	dispersed	hormone	1
g000233	crop1	0	OG00321	0	1	0	10	tandem	defense	4
g000234	crop1	1	OG00343	0	1	0	8	transposed	enzyme	4
g000235	crop1	0	OG00038	0	1	0	7	dispersed	transporter	2
g000236	crop1	0	OG00012	0	0	1	1	singleton	transporter	2
g000237	crop1	0	OG00273	1	1	0	10	wgd	hormone	1
g000238	crop1	0	OG00339	1	1	0	11	wgd	TF	2
g000239	crop1	0	OG00058	0	0	1	1	singleton	transporter	4
g000240	crop1	0	OG00301	1	1	0	3	wgd	TF	2
g000241	crop1	0	OG00178	1	1	0	4	wgd	TF	1
g000242	crop1	0	OG00105	1	1	0	8	wgd	other	2
g000243	crop1	0	OG00170	0	1	0	6	dispersed	defense	1
g000244	crop1	0	OG00029	0	1	0	5	tandem	transporter	2
g000245	crop1	0	OG00196	0	1	0	9	transposed	other	4
g000246	crop1	0	OG00031	1	1	0	6	wgd	TF	4
g000247	crop1	0	OG00167	0	1	0	10	tandem	other	4
g000248	crop1	0	OG00128	0	1	0	2	tandem	TF	1
g000249	crop1	0	OG00227	0	1	0	2	dispersed	defense	1
g000250	crop1	1	OG00109	1	1	0	5	wgd	hormone	2
g000251	crop1	0	OG00235	1	1	0	4	wgd	kinase	4
g000252	crop1	0	OG00090	0	1	0	5	tandem	other	2
g000253	crop1	0	OG00392	0	1	0	11	dispersed	TF	1
g000254	crop1	0	OG00159	0	1	0	7	transposed	enzyme	2
g000255	crop1	0	OG00234	0	1	0	8	transposed	defense	1
g000256	crop1	0	OG00335	0	0	1	1	singleton	transporter	3
g000257	crop1	0	OG00046	0	0	1	1	singleton	defense	1
g000258	crop1	0	OG00389	1	1	0	5	wgd	defense	2
g000259	crop1	0	OG00075	0	1	0	2	tandem	enzyme	4
g000260	crop1	0	OG00200	1	1	0	2	wgd	TF	2
g000261	crop1	0	OG00385	0	0	1	1	singleton	hormone	3
g000262	crop1	0	OG00273	0	1	0	11	transposed	enzyme	1
g000263	crop1	0	OG00052	0	1	0	10	transposed	TF	4
g000264	crop1	0	OG00027	1	1	0	3	wgd	TF	2
g000265	crop1	0	OG00067	1	1	0	5	wgd	enzyme	3
g000266	crop1	0	OG00349	0	1	0	8	proximal	transporter	3
g000267	crop1	0	OG00340	1	1	0	3	wgd	transporter	1
g000268	crop1	0	OG00103	0	1	0	2	tandem	other	2
g000269	crop1	0	OG00253	0	1	0	8	dispersed	other	4
g000270	crop1	0	OG00385	0	1	0	4	transposed	kinase	4
g000271	crop1	0	OG00255	1	1	0	9	wgd	transporter	2
g000272	crop1	0	OG00090	0	1	0	8	transposed	TF	4
g000273	crop1	0	OG00217	0	1	0	2	tandem	defense	2
g000274	crop1	0	OG00311	1	1	0	5	wgd	transporter	3
g000275	crop1	0	OG00358	0	1	0	6	dispersed	TF	2
g000276	crop1	0	OG00370	0	1	0	4	dispersed	TF	3
g000277	crop1	0	OG00184	0	1	0	5	tandem	defense	1
g000278	crop1	0	OG00212	0	0	1	1	singleton	kinase	1
g000279	crop1	0	OG00137	0	0	1	1	singleton	other	4
g000280	crop1	0	OG00171	0	1	0	5	tandem	defense	3
g000281	crop1	0	OG00170	0	0	1	1	singleton	defense	1
g000282	crop1	0	OG00245	0	1	0	2	tandem	kinase	4
g000283	crop1	1	OG00107	1	1	0	7	wgd	TF	1
g000284	crop1	0	OG00284	1	1	0	11	wgd	enzyme	3
g000285	crop1	0	OG00249	0	1	0	8	transposed	other	3
g000286	crop1	0	OG00128	0	0	1	1	singleton	transporter	3
g000287	crop1	0	OG00127	0	1	0	6	dispersed	kinase	1
g000288	crop1	0	OG00004	0	1	0	11	proximal	defense	3
g000289	crop1	0	OG00004	0	1	0	5	tandem	TF	1
g000290	crop1	0	OG00388	1	1	0	9	wgd	kinase	2
g000291	crop1	0	OG00163	0	1	0	11	transposed	enzyme	1
g000292	crop1	0	OG00059	1	1	0	7	wgd	kinase	2
g000293	crop1	0	OG00280	0	1	0	8	tandem	other	2
g000294	crop1	0	OG00187	1	1	0	2	wgd	defense	4
g000295	crop1	0	OG00373	0	1	0	6	dispersed	other	3
g000296	crop1	0	OG00169	0	1	0	3	dispersed	TF	1
g000297	crop1	0	OG00309	0	1	0	4	dispersed	transporter	3
g000298	crop1	0	OG00203	1	1	0	10	wgd	transporter	2
g000299	crop1	0	OG00046	1	1	0	7	wgd	hormone	1
g000300	crop1	0	OG00298	0	1	0	8	dispersed	enzyme	2
g000301	crop1	0	OG00016	0	1	0	2	dispersed	transporter	3
g000302	crop1	0	OG00313	0	1	0	4	transposed	kinase	2
g000303	crop1	0	OG00362	0	1	0	11	proximal	kinase	4
g000304	crop1	0	OG00002	1	1	0	6	wgd	kinase	4
g000305	crop1	0	OG00103	0	1	0	5	transposed	TF	4
g000306	crop1	0	OG00291	1	1	0	8	wgd	transporter	3
g000307	crop1	0	OG00367	0	1	0	4	transposed	kinase	4
g000308	crop1	0	OG00162	0	0	1	1	singleton	enzyme	1
g000309	crop1	0	OG00339	0	1	0	2	transposed	enzyme	3
g000310	crop1	0	OG00083	1	1	0	3	wgd	TF	1
g000311	crop1	0	OG00324	0	1	0	11	transposed	defense	2
g000312	crop1	0	OG00056	1	1	0	9	wgd	enzyme	4
g000313	crop1	0	OG00278	0	1	0	4	tandem	enzyme	4
g000314	crop1	0	OG00301	0	0	1	1	singleton	TF	2
g000315	crop1	0	OG00114	1	1	0	3	wgd	other	3
g000316	crop1	0	OG00346	0	1	0	11	dispersed	TF	2
g000317	crop1	0	OG00160	0	1	0	4	proximal	other	3
g000318	crop1	0	OG00228	0	1	0	3	tandem	defense	2
g000319	crop1	0	OG00246	0	0	1	1	singleton	other	2
g000320	crop1	0	OG00118	0	1	0	9	dispersed	transporter	4
g000321	crop1	0	OG00278	0	1	0	7	transposed	TF	4
g000322	crop1	0	OG00216	0	0	1	1	singleton	other	4
g000323	crop1	0	OG00064	0	1	0	10	dispersed	enzyme	2
g000324	crop1	0	OG00132	0	1	0	7	transposed	hormone	2
g000325	crop1	0	OG00280	0	1	0	6	dispersed	other	4
g000326	crop1	0	OG00378	0	1	0	7	tandem	enzyme	1
g000327	crop1	1	OG00234	1	1	0	11	wgd	TF	3
g000328	crop1	0	OG00004	0	1	0	8	dispersed	kinase	3
g000329	crop1	0	OG00312	0	0	1	1	singleton	other	2
g000330	crop1	0	OG00159	0	1	0	9	transposed	TF	4
g000331	crop1	0	OG00357	0	1	0	5	transposed	TF	4
g000332	crop1	0	OG00005	0	1	0	4	proximal	other	2
g000333	crop1	0	OG00115	1	1	0	11	wgd	TF	3
g000334	crop1	1	OG00134	0	1	0	2	dispersed	hormone	2
g000335	crop1	0	OG00263	1	1	0	9	wgd	other	3
g000336	crop1	0	OG00161	0	1	0	10	tandem	enzyme	1
g000337	crop1	0	OG00340	1	1	0	5	wgd	TF	2
g000338	crop1	0	OG00313	0	1	0	5	tandem	kinase	4
g000339	crop1	0	OG00349	0	1	0	3	tandem	defense	2
g000340	crop1	0	OG00212	0	1	0	3	proximal	kinase	1
g000341	crop1	0	OG00386	0	1	0	8	transposed	TF	1
g000342	crop1	0	OG00339	1	1	0	10	wgd	TF	2
g000343	crop1	1	OG00250	1	1	0	6	wgd	kinase	4
g000344	crop1	0	OG00139	0	1	0	9	dispersed	defense	2
g000345	crop1	0	OG00089	0	1	0	9	tandem	defense	4
g000346	crop1	0	OG00233	0	1	0	8	tandem	defense	2
g000347	crop1	0	OG00216	0	1	0	2	dispersed	hormone	1
g000348	crop1	0	OG00109	1	1	0	4	wgd	TF	1
g000349	crop1	0	OG00208	1	1	0	6	wgd	enzyme	2
g000350	crop1	0	OG00337	0	0	1	1	singleton	other	2
g000351	crop1	0	OG00010	0	0	1	1	singleton	enzyme	3
g000352	crop1	0	OG00359	0	1	0	8	proximal	transporter	3
g000353	crop1	0	OG00120	0	1	0	11	proximal	other	3
g000354	crop1	0	OG00189	0	1	0	7	tandem	other	3
g000355	crop1	0	OG00185	1	1	0	10	wgd	transporter	4
g000356	crop1	0	OG00206	0	1	0	6	dispersed	kinase	4
g000357	crop1	0	OG00273	0	1	0	11	dispersed	TF	3
g000358	crop1	0	OG00301	0	1	0	8	transposed	defense	3
g000359	crop1	0	OG00362	0	1	0	2	transposed	defense	4
g000360	crop1	0	OG00253	1	1	0	10	wgd	defense	4
g000361	crop1	0	OG00070	0	1	0	3	transposed	TF	2
g000362	crop1	0	OG00044	0	1	0	11	dispersed	hormone	2
g000363	crop1	0	OG00001	0	1	0	3	transposed	transporter	1
g000364	crop1	0	OG00210	0	1	0	11	dispersed	other	3
g000365	crop1	0	OG00159	0	1	0	8	tandem	defense	3
g000366	crop1	0	OG00155	0	1	0	6	tandem	TF	4
g000367	crop1	0	OG00175	1	1	0	2	wgd	other	2
g000368	crop1	0	OG00118	0	1	0	8	transposed	other	1
g000369	crop1	0	OG00133	0	1	0	5	transposed	other	1
g000370	crop1	0	OG00374	0	1	0	6	transposed	hormone	2
g000371	crop1	0	OG00206	0	1	0	9	dispersed	enzyme	2
g000372	crop1	0	OG00067	1	1	0	7	wgd	hormone	3
g000373	crop1	0	OG00072	1	1	0	3	wgd	TF	2
g000374	crop1	0	OG00175	0	1	0	10	tandem	transporter	3
g000375	crop1	0	OG00365	1	1	0	3	wgd	TF	1
g000376	crop1	0	OG00024	0	1	0	11	transposed	enzyme	4
g000377	crop1	1	OG00181	0	0	1	1	singleton	other	1
g000378	crop1	0	OG00109	0	0	1	1	singleton	enzyme	1
g000379	crop1	0	OG00380	0	1	0	4	proximal	defense	2
g000380	crop1	0	OG00240	0	0	1	1	singleton	enzyme	3
g000381	crop1	0	OG00376	0	1	0	9	tandem	defense	4
g000382	crop1	0	OG00158	1	1	0	9	wgd	other	1
g000383	crop1	0	OG00031	0	0	1	1	singleton	enzyme	2
g000384	crop1	0	OG00312	1	1	0	3	wgd	transporter	1
g000385	crop1	0	OG00065	0	1	0	5	transposed	enzyme	1
g000386	crop1	0	OG00258	1	1	0	10	wgd	kinase	2
g000387	crop1	0	OG00076	0	1	0	10	dispersed	enzyme	3
g000388	crop1	0	OG00395	0	1	0	9	transposed	other	3
g000389	crop1	0	OG00158	0	1	0	9	tandem	other	2
g000390	crop1	0	OG00384	0	1	0	8	tandem	enzyme	4
g000391	crop1	0	OG00085	1	1	0	6	wgd	kinase	4
g000392	crop1	0	OG00263	0	1	0	10	dispersed	other	1
g000393	crop1	0	OG00069	1	1	0	10	wgd	kinase	2
g000394	crop1	0	OG00319	0	1	0	8	tandem	defense	3
g000395	crop1	0	OG00370	0	0	1	1	singleton	transporter	3
g000396	crop1	0	OG00090	0	1	0	6	dispersed	kinase	3
g000397	crop1	0	OG00012	0	1	0	7	tandem	enzyme	2
g000398	crop1	0	OG00017	1	1	0	3	wgd	hormone	4
g000399	crop1	0	OG00177	0	1	0	10	transposed	kinase	1
g000400	crop1	0	OG00232	0	0	1	1	singleton	transporter	3
g000401	crop1	0	OG00191	0	1	0	10	proximal	defense	2
g000402	crop1	0	OG00325	0	0	1	1	singleton	TF	4
g000403	crop1	0	OG00189	0	1	0	10	tandem	enzyme	2
g000404	crop1	0	OG00398	0	0	1	1	singleton	kinase	2
g000405	crop1	0	OG00031	1	1	0	10	wgd	defense	3
g000406	crop1	0	OG00161	0	1	0	10	dispersed	enzyme	1
g000407	crop1	0	OG00001	0	1	0	2	tandem	defense	3
g000408	crop1	0	OG00120	0	0	1	1	singleton	hormone	3
g000409	crop1	0	OG00112	0	1	0	5	dispersed	defense	2
g000410	crop1	0	OG00152	0	1	0	6	tandem	other	2
g000411	crop1	0	OG00238	0	1	0	2	dispersed	TF	2
g000412	crop1	1	OG00289	1	1	0	11	wgd	transporter	4
g000413	crop1	0	OG00384	0	1	0	9	tandem	other	3
g000414	crop1	1	OG00340	0	1	0	5	tandem	defense	4
g000415	crop1	0	OG00134	1	1	0	10	wgd	other	2
g000416	crop1	0	OG00290	0	1	0	8	transposed	TF	3
g000417	crop1	0	OG00305	0	1	0	8	transposed	transporter	2
g000418	crop1	0	OG00045	1	1	0	9	wgd	hormone	2
g000419	crop1	0	OG00251	0	1	0	8	proximal	other	4
g000420	crop1	0	OG00257	1	1	0	3	wgd	other	3
g000421	crop1	0	OG00117	0	1	0	8	transposed	other	2
g000422	crop1	0	OG00343	1	1	0	6	wgd	defense	1
g000423	crop1	0	OG00265	0	1	0	11	proximal	enzyme	2
g000424	crop1	1	OG00286	0	1	0	5	dispersed	TF	1
g000425	crop1	0	OG00309	1	1	0	8	wgd	other	2
g000426	crop1	0	OG00397	0	1	0	3	transposed	enzyme	4
g000427	crop1	0	OG00017	0	0	1	1	singleton	TF	2
g000428	crop1	0	OG00382	0	0	1	1	singleton	enzyme	2
g000429	crop1	0	OG00288	0	1	0	6	transposed	kinase	2
g000430	crop1	0	OG00201	1	1	0	4	wgd	hormone	3
g000431	crop1	0	OG00326	0	1	0	7	transposed	enzyme	4
g000432	crop1	0	OG00242	0	0	1	1	singleton	other	3
g000433	crop1	0	OG00164	0	1	0	8	transposed	other	2
g000434	crop1	0	OG00300	1	1	0	7	wgd	hormone	4
g000435	crop1	0	OG00271	0	1	0	9	tandem	defense	3
g000436	crop1	0	OG00348	0	1	0	3	transposed	other	1
g000437	crop1	0	OG00086	0	1	0	3	dispersed	TF	4
g000438	crop1	0	OG00353	0	1	0	6	transposed	kinase	3
g000439	crop1	0	OG00349	0	1	0	11	dispersed	kinase	4
g000440	crop1	0	OG00015	0	1	0	3	dispersed	TF	1
g000441	crop1	0	OG00245	0	0	1	1	singleton	transporter	4
g000442	crop1	0	OG00381	0	1	0	4	proximal	enzyme	3
g000443	crop1	0	OG00044	1	1	0	8	wgd	hormone	3
g000444	crop1	0	OG00240	0	0	1	1	singleton	enzyme	4
g000445	crop1	1	OG00099	1	1	0	8	wgd	TF	1
g000446	crop1	0	OG00069	0	1	0	2	tandem	other	2
g000447	crop1	0	OG00188	0	1	0	2	transposed	enzyme	1
g000448	crop1	0	OG00327	1	1	0	10	wgd	hormone	4
g000449	crop1	0	OG00107	1	1	0	6	wgd	hormone	1
g000450	crop1	0	OG00196	1	1	0	5	wgd	enzyme	1
g000451	crop1	0	OG00307	1	1	0	3	wgd	other	2
g000452	crop1	0	OG00033	1	1	0	11	wgd	TF	4
g000453	crop1	0	OG00073	0	1	0	7	dispersed	other	1
g000454	crop1	0	OG00284	0	1	0	11	dispersed	other	4
g000455	crop1	0	OG00354	0	1	0	5	dispersed	other	1
g000456	crop1	0	OG00009	0	1	0	8	proximal	enzyme	1
g000457	crop1	0	OG00169	0	0	1	1	singleton	enzyme	1
g000458	crop1	0	OG00299	0	1	0	4	dispersed	TF	4
g000459	crop1	0	OG00278	1	1	0	11	wgd	other	4
g000460	crop1	0	OG00089	0	0	1	1	singleton	enzyme	1
g000461	crop1	0	OG00163	1	1	0	7	wgd	TF	1
g000462	crop1	0	OG00076	0	1	0	6	transposed	enzyme	1
g000463	crop1	0	OG00034	1	1	0	8	wgd	TF	1
g000464	crop1	0	OG00074	0	1	0	10	tandem	kinase	3
g000465	crop1	0	OG00127	0	0	1	1	singleton	enzyme	2
g000466	crop1	0	OG00194	0	1	0	4	dispersed	transporter	3
g000467	crop1	0	OG00315	1	1	0	7	wgd	TF	3
g000468	crop1	0	OG00123	1	1	0	8	wgd	transporter	3
g000469	crop1	0	OG00048	0	1	0	6	dispersed	TF	4
g000470	crop1	0	OG00055	0	1	0	3	tandem	transporter	1
g000471	crop1	0	OG00217	0	1	0	10	dispersed	TF	4
g000472	crop1	0	OG00205	0	1	0	8	tandem	enzyme	1
g000473	crop1	1	OG00315	1	1	0	10	wgd	other	2
g000474	crop1	0	OG00347	0	1	0	6	transposed	defense	4
g000475	crop1	0	OG00179	1	1	0	2	wgd	TF	3
g000476	crop1	0	OG00347	1	1	0	6	wgd	transporter	2
g000477	crop1	0	OG00318	0	0	1	1	singleton	TF	4
g000478	crop1	0	OG00398	1	1	0	4	wgd	other	2
g000479	crop1	0	OG00379	0	1	0	4	dispersed	enzyme	1
g000480	crop1	0	OG00369	0	1	0	10	proximal	other	3
g000481	crop1	0	OG00289	0	1	0	11	proximal	defense	2
g000482	crop1	0	OG00131	0	1	0	8	transposed	other	3
g000483	crop1	0	OG00189	0	1	0	7	tandem	other	1
g000484	crop1	0	OG00200	0	1	0	2	dispersed	defense	1
g000485	crop1	0	OG00008	0	1	0	4	dispersed	kinase	3
g000486	crop1	0	OG00104	1	1	0	7	wgd	kinase	1
g000487	crop1	0	OG00207	0	1	0	2	dispersed	kinase	1
g000488	crop1	0	OG00157	0	0	1	1	singleton	other	1
g000489	crop1	0	OG00166	0	1	0	5	dispersed	enzyme	1
g000490	crop1	0	OG00354	1	1	0	9	wgd	enzyme	3
g000491	crop1	0	OG00220	1	1	0	8	wgd	transporter	2
g000492	crop1	0	OG00237	0	1	0	3	dispersed	other	2
g000493	crop1	0	OG00259	0	0	1	1	singleton	other	3
g000494	crop1	0	OG00378	1	1	0	9	wgd	TF	4
g000495	crop1	0	OG00349	0	1	0	9	transposed	defense	1
g000496	crop1	0	OG00059	0	1	0	8	transposed	enzyme	4
g000497	crop1	0	OG00033	0	1	0	5	transposed	other	1
g000498	crop1	0	OG00040	0	1	0	4	tandem	defense	1
g000499	crop1	0	OG00334	0	1	0	5	transposed	kinase	3
g000500	crop1	0	OG00297	0	0	1	1	singleton	enzyme	4
g000501	crop1	0	OG00039	0	0	1	1	singleton	other	4
g000502	crop1	0	OG00132	0	1	0	2	dispersed	other	4
g000503	crop1	0	OG00116	0	1	0	9	transposed	transporter	3
g000504	crop1	0	OG00306	1	1	0	2	wgd	transporter	2
g000505	crop1	0	OG00354	0	1	0	5	dispersed	enzyme	1
g000506	crop1	1	OG00365	1	1	0	3	wgd	enzyme	3
g000507	crop1	0	OG00209	0	0	1	1	singleton	enzyme	3
g000508	crop1	1	OG00093	1	1	0	3	wgd	other	1
g000509	crop1	0	OG00088	0	1	0	9	proximal	enzyme	1
g000510	crop1	0	OG00250	0	0	1	1	singleton	defense	2
g000511	crop1	0	OG00276	0	1	0	7	tandem	kinase	4
g000512	crop1	0	OG00375	0	1	0	9	transposed	enzyme	2
g000513	crop1	0	OG00258	0	1	0	9	dispersed	other	4
g000514	crop1	0	OG00282	0	1	0	6	dispersed	other	1
g000515	crop1	0	OG00391	0	1	0	8	tandem	kinase	2
g000516	crop1	0	OG00386	1	1	0	9	wgd	TF	3
g000517	crop1	0	OG00253	0	1	0	2	proximal	other	2
g000518	crop1	0	OG00093	0	0	1	1	singleton	kinase	3
g000519	crop1	0	OG00135	0	0	1	1	singleton	TF	1
g000520	crop1	0	OG00087	0	1	0	10	transposed	defense	2
g000521	crop1	0	OG00033	0	1	0	7	transposed	defense	1
g000522	crop1	0	OG00352	0	1	0	2	dispersed	transporter	2
g000523	crop1	0	OG00335	0	1	0	7	transposed	defense	3
g000524	crop1	0	OG00369	0	1	0	4	dispersed	hormone	1
g000525	crop1	0	OG00348	0	1	0	7	proximal	kinase	2
g000526	crop1	0	OG00249	0	1	0	2	transposed	enzyme	3
g000527	crop1	0	OG00396	0	1	0	10	transposed	defense	4
g000528	crop1	0	OG00106	0	0	1	1	singleton	TF	3
g000529	crop1	0	OG00189	0	1	0	9	transposed	TF	1
g000530	crop1	0	OG00399	0	1	0	11	tandem	defense	1
g000531	crop1	0	OG00113	1	1	0	9	wgd	TF	3
g000532	crop1	0	OG00102	1	1	0	6	wgd	other	4
g000533	crop1	0	OG00155	1	1	0	9	wgd	kinase	4
g000534	crop1	0	OG00160	1	1	0	5	wgd	kinase	1
g000535	crop1	0	OG00317	0	1	0	8	transposed	kinase	1
g000536	crop1	0	OG00198	0	1	0	5	transposed	other	1
g000537	crop1	0	OG00006	1	1	0	11	wgd	other	1
g000538	crop1	0	OG00253	0	0	1	1	singleton	kinase	3
g000539	crop1	0	OG00375	1	1	0	10	wgd	hormone	4
g000540	crop1	0	OG00340	1	1	0	8	wgd	other	2
g000541	crop1	1	OG00023	1	1	0	3	wgd	hormone	2
g000542	crop1	0	OG00356	0	0	1	1	singleton	kinase	2
g000543	crop1	0	OG00333	0	1	0	3	dispersed	enzyme	2
g000544	crop1	0	OG00313	0	1	0	7	dispersed	other	4
g000545	crop1	0	OG00246	0	0	1	1	singleton	other	3
g000546	crop1	0	OG00077	0	0	1	1	singleton	other	1
g000547	crop1	0	OG00216	0	1	0	4	transposed	hormone	2
g000548	crop1	0	OG00277	0	1	0	11	proximal	defense	1
g000549	crop1	0	OG00175	0	1	0	10	tandem	hormone	2
g000550	crop1	0	OG00145	0	1	0	9	dispersed	enzyme	4
g000551	crop1	0	OG00304	1	1	0	7	wgd	enzyme	1
g000552	crop1	0	OG00169	1	1	0	4	wgd	TF	3
g000553	crop1	0	OG00008	1	1	0	3	wgd	hormone	1
g000554	crop1	0	OG00321	0	1	0	5	transposed	other	1
g000555	crop1	0	OG00140	1	1	0	9	wgd	other	1
g000556	crop1	0	OG00129	1	1	0	3	wgd	TF	3
g000557	crop1	0	OG00056	0	1	0	3	transposed	other	3
g000558	crop1	0	OG00280	0	1	0	3	tandem	defense	1
g000559	crop1	0	OG00375	0	1	0	5	transposed	transporter	2
g000560	crop1	0	OG00374	0	1	0	6	dispersed	other	3
g000561	crop1	0	OG00212	1	1	0	8	wgd	TF	2
g000562	crop1	0	OG00067	0	1	0	8	dispersed	transporter	2
g000563	crop1	0	OG00372	1	1	0	7	wgd	hormone	4
g000564	crop1	0	OG00077	0	1	0	2	tandem	transporter	4
g000565	crop1	0	OG00266	1	1	0	4	wgd	kinase	3
g000566	crop1	0	OG00138	0	1	0	6	dispersed	kinase	2
g000567	crop1	0	OG00287	0	1	0	3	transposed	kinase	3
g000568	crop1	0	OG00077	1	1	0	4	wgd	enzyme	2
g000569	crop1	0	OG00067	0	1	0	2	dispersed	enzyme	1
g000570	crop1	0	OG00110	0	0	1	1	singleton	other	3
g000571	crop1	0	OG00276	0	1	0	9	transposed	enzyme	1
g000572	crop1	0	OG00076	1	1	0	5	wgd	enzyme	3
g000573	crop1	0	OG00284	0	1	0	8	tandem	enzyme	4
g000574	crop1	0	OG00220	0	1	0	11	dispersed	transporter	2
g000575	crop1	0	OG00027	0	0	1	1	singleton	enzyme	2
g000576	crop1	0	OG00021	0	1	0	9	dispersed	other	4
g000577	crop1	0	OG00265	1	1	0	6	wgd	TF	2
g000578	crop1	0	OG00391	0	1	0	4	tandem	other	4
g000579	crop1	0	OG00063	0	1	0	4	transposed	hormone	1
g000580	crop1	0	OG00261	0	1	0	9	transposed	defense	3
g000581	crop1	0	OG00313	0	1	0	4	dispersed	TF	3
g000582	crop1	0	OG00108	0	1	0	5	dispersed	other	1
g000583	crop1	0	OG00215	0	1	0	4	dispersed	kinase	3
g000584	crop1	0	OG00095	1	1	0	9	wgd	kinase	1
g000585	crop1	0	OG00353	0	1	0	10	tandem	other	1
g000586	crop1	0	OG00218	0	1	0	3	tandem	defense	2
g000587	crop1	0	OG00163	1	1	0	9	wgd	other	1
g000588	crop1	0	OG00259	1	1	0	6	wgd	TF	3
g000589	crop1	0	OG00244	0	1	0	4	tandem	defense	3
g000590	crop1	0	OG00182	0	1	0	3	tandem	transporter	3
g000591	crop1	0	OG00131	0	1	0	6	dispersed	other	2
g000592	crop1	0	OG00057	0	1	0	11	dispersed	transporter	3
g000593	crop1	0	OG00204	0	1	0	2	dispersed	other	1
g000594	crop1	0	OG00041	0	1	0	9	tandem	other	2
g000595	crop1	0	OG00083	1	1	0	2	wgd	kinase	3
g000596	crop1	0	OG00217	0	1	0	10	transposed	enzyme	1
g000597	crop1	0	OG00018	0	1	0	10	transposed	kinase	1
g000598	crop1	0	OG00147	0	1	0	5	transposed	transporter	3
g000599	crop1	0	OG00367	0	1	0	6	tandem	transporter	4
g000600	crop1	0	OG00190	0	1	0	4	transposed	TF	4
g000601	crop1	0	OG00334	0	1	0	6	tandem	kinase	3
g000602	crop1	0	OG00194	0	1	0	5	transposed	defense	1
g000603	crop1	0	OG00321	0	1	0	6	proximal	enzyme	3
g000604	crop1	1	OG00253	1	1	0	4	wgd	hormone	1
g000605	crop1	0	OG00143	0	1	0	8	tandem	transporter	4
g000606	crop1	0	OG00304	0	1	0	10	dispersed	TF	1
g000607	crop1	0	OG00285	0	1	0	7	dispersed	hormone	3
g000608	crop1	0	OG00258	0	1	0	10	dispersed	other	1
g000609	crop1	0	OG00216	0	1	0	11	tandem	other	1
g000610	crop1	0	OG00180	0	1	0	9	tandem	transporter	2
g000611	crop1	0	OG00144	0	1	0	5	transposed	enzyme	1
g000612	crop1	0	OG00300	0	1	0	7	transposed	other	2
g000613	crop1	0	OG00250	0	1	0	10	transposed	hormone	4
g000614	crop1	0	OG00170	0	0	1	1	singleton	kinase	1
g000615	crop1	0	OG00093	1	1	0	8	wgd	hormone	2
g000616	crop1	0	OG00287	0	1	0	5	dispersed	kinase	4
g000617	crop1	0	OG00346	0	0	1	1	singleton	other	4
g000618	crop1	0	OG00245	0	1	0	9	dispersed	hormone	4
g000619	crop1	0	OG00276	0	1	0	3	proximal	enzyme	2
g000620	crop1	0	OG00166	0	1	0	11	transposed	other	2
g000621	crop1	0	OG00290	0	0	1	1	singleton	TF	2
g000622	crop1	0	OG00136	0	1	0	10	transposed	enzyme	2
g000623	crop1	0	OG00290	0	1	0	5	proximal	enzyme	2
g000624	crop1	0	OG00271	0	1	0	5	transposed	kinase	2
g000625	crop1	0	OG00321	0	1	0	3	dispersed	defense	2
g000626	crop1	0	OG00325	1	1	0	11	wgd	TF	1
g000627	crop1	0	OG00257	1	1	0	2	wgd	enzyme	4
g000628	crop1	0	OG00190	0	1	0	7	proximal	other	1
g000629	crop1	0	OG00092	1	1	0	5	wgd	TF	1
g000630	crop1	0	OG00309	1	1	0	8	wgd	TF	4
g000631	crop1	0	OG00073	0	1	0	11	dispersed	defense	4
g000632	crop1	0	OG00216	1	1	0	11	wgd	other	4
g000633	crop1	0	OG00122	0	1	0	5	proximal	enzyme	3
g000634	crop1	0	OG00092	0	1	0	11	tandem	defense	2
g000635	crop1	0	OG00350	0	1	0	8	tandem	kinase	1
g000636	crop1	1	OG00087	1	1	0	6	wgd	TF	2
g000637	crop1	0	OG00271	1	1	0	7	wgd	other	2
g000638	crop1	0	OG00212	0	1	0	9	dispersed	hormone	4
g000639	crop1	0	OG00078	0	1	0	5	tandem	TF	4
g000640	crop1	0	OG00077	0	1	0	7	transposed	enzyme	4
g000641	crop1	0	OG00338	0	0	1	1	singleton	defense	4
g000642	crop1	0	OG00235	0	0	1	1	singleton	defense	3
g000643	crop1	0	OG00119	0	1	0	4	transposed	other	1
g000644	crop1	0	OG00137	1	1	0	7	wgd	enzyme	4
g000645	crop1	0	OG00108	0	1	0	7	tandem	defense	3
g000646	crop1	0	OG00162	1	1	0	10	wgd	defense	1
g000647	crop1	0	OG00071	0	1	0	9	dispersed	enzyme	3
g000648	crop1	0	OG00279	1	1	0	11	wgd	hormone	1
g000649	crop1	0	OG00152	0	1	0	2	dispersed	enzyme	2
g000650	crop1	0	OG00090	0	1	0	4	transposed	other	3
g000651	crop1	0	OG00083	0	1	0	10	tandem	kinase	1
g000652	crop1	1	OG00100	1	1	0	7	wgd	defense	1
g000653	crop1	0	OG00398	0	1	0	6	tandem	defense	3
g000654	crop1	0	OG00052	1	1	0	5	wgd	hormone	1
g000655	crop1	0	OG00130	0	1	0	10	tandem	defense	1
g000656	crop1	0	OG00244	1	1	0	11	wgd	defense	1
g000657	crop1	0	OG00305	0	1	0	7	transposed	other	2
g000658	crop1	0	OG00199	0	1	0	8	dispersed	hormone	1
g000659	crop1	1	OG00251	1	1	0	5	wgd	hormone	3
g000660	crop1	0	OG00179	0	1	0	6	tandem	defense	1
g000661	crop1	0	OG00307	1	1	0	6	wgd	kinase	2
g000662	crop1	0	OG00277	0	1	0	2	dispersed	TF	3
g000663	crop1	0	OG00383	1	1	0	11	wgd	other	1
g000664	crop1	0	OG00131	1	1	0	8	wgd	hormone	2
g000665	crop1	0	OG00340	1	1	0	11	wgd	other	1
g000666	crop1	0	OG00100	1	1	0	11	wgd	enzyme	3
g000667	crop1	0	OG00314	0	1	0	7	dispersed	other	3
g000668	crop1	0	OG00059	0	1	0	9	transposed	kinase	4
g000669	crop1	0	OG00207	0	1	0	2	transposed	transporter	1
g000670	crop1	0	OG00213	0	1	0	2	transposed	kinase	3
g000671	crop1	0	OG00209	0	1	0	2	proximal	other	1
g000672	crop1	0	OG00308	0	1	0	5	transposed	other	2
g000673	crop1	0	OG00284	1	1	0	8	wgd	other	4
g000674	crop1	0	OG00101	0	1	0	10	dispersed	TF	2
g000675	crop1	0	OG00273	1	1	0	2	wgd	transporter	4
g000676	crop1	0	OG00390	1	1	0	9	wgd	hormone	1
g000677	crop1	0	OG00383	0	1	0	3	tandem	other	2
g000678	crop1	0	OG00265	0	1	0	4	transposed	enzyme	1
g000679	crop1	0	OG00295	0	1	0	2	dispersed	TF	2
g000680	crop1	0	OG00082	1	1	0	5	wgd	other	2
g000681	crop1	0	OG00016	0	1	0	8	tandem	enzyme	4
g000682	crop1	0	OG00002	1	1	0	6	wgd	transporter	2
g000683	crop1	0	OG00138	1	1	0	10	wgd	enzyme	2
g000684	crop1	0	OG00081	1	1	0	8	wgd	TF	4
g000685	crop1	0	OG00388	0	1	0	3	proximal	other	1
g000686	crop1	1	OG00033	1	1	0	11	wgd	hormone	3
g000687	crop1	0	OG00062	0	1	0	5	transposed	enzyme	1
g000688	crop1	0	OG00175	0	1	0	6	transposed	other	1
g000689	crop1	0	OG00219	0	1	0	4	dispersed	kinase	1
g000690	crop1	0	OG00024	1	1	0	3	wgd	hormone	3
g000691	crop1	0	OG00223	0	1	0	2	dispersed	other	2
g000692	crop1	0	OG00328	1	1	0	10	wgd	other	3
g000693	crop1	0	OG00333	1	1	0	10	wgd	TF	3
g000694	crop1	0	OG00123	0	1	0	4	dispersed	other	4
g000695	crop1	0	OG00283	0	0	1	1	singleton	enzyme	1
g000696	crop1	0	OG00371	0	1	0	10	proximal	enzyme	4
g000697	crop1	0	OG00315	0	1	0	11	tandem	defense	3
g000698	crop1	0	OG00030	0	1	0	5	transposed	other	4
g000699	crop1	0	OG00077	0	1	0	7	transposed	transporter	3
g000700	crop1	0	OG00353	0	1	0	5	dispersed	TF	1
g000701	crop1	0	OG00354	0	1	0	8	transposed	TF	2
g000702	crop1	1	OG00341	0	1	0	2	dispersed	other	4
g000703	crop1	0	OG00226	0	1	0	9	tandem	defense	2
g000704	crop1	0	OG00090	0	1	0	6	tandem	transporter	3
g000705	crop1	0	OG00241	0	1	0	10	transposed	other	4
g000706	crop1	0	OG00021	0	1	0	3	dispersed	other	3
g000707	crop1	0	OG00223	0	1	0	4	proximal	enzyme	4
g000708	crop1	0	OG00231	1	1	0	9	wgd	TF	3
g000709	crop1	0	OG00064	1	1	0	2	wgd	enzyme	4
g000710	crop1	0	OG00017	0	1	0	2	dispersed	enzyme	1
g000711	crop1	0	OG00263	0	1	0	10	dispersed	defense	4
g000712	crop1	0	OG00386	0	1	0	8	tandem	other	3
g000713	crop1	0	OG00103	0	1	0	3	proximal	transporter	2
g000714	crop1	0	OG00002	1	1	0	6	wgd	TF	4
g000715	crop1	0	OG00111	0	1	0	8	dispersed	kinase	4
g000716	crop1	0	OG00235	0	1	0	9	dispersed	TF	2
g000717	crop1	0	OG00177	0	1	0	2	tandem	kinase	1
g000718	crop1	0	OG00254	0	0	1	1	singleton	enzyme	4
g000719	crop1	0	OG00260	0	1	0	3	proximal	hormone	1
g000720	crop1	0	OG00147	1	1	0	3	wgd	kinase	1
g000721	crop1	0	OG00214	0	1	0	6	transposed	hormone	4
g000722	crop1	0	OG00326	0	1	0	5	dispersed	other	1
g000723	crop1	1	OG00241	0	1	0	4	tandem	TF	2
g000724	crop1	0	OG00360	0	1	0	5	dispersed	other	4
g000725	crop1	0	OG00262	0	1	0	4	transposed	enzyme	3
g000726	crop1	0	OG00390	0	1	0	7	proximal	defense	4
g000727	crop1	0	OG00345	0	1	0	11	dispersed	TF	3
g000728	crop1	0	OG00321	0	1	0	2	tandem	defense	3
g000729	crop1	0	OG00187	0	1	0	7	transposed	kinase	2
g000730	crop1	1	OG00393	0	1	0	10	transposed	other	2
g000731	crop1	0	OG00235	0	1	0	3	dispersed	defense	3
g000732	crop1	0	OG00242	1	1	0	9	wgd	kinase	1
g000733	crop1	0	OG00138	0	1	0	4	dispersed	hormone	4
g000734	crop1	0	OG00221	1	1	0	5	wgd	TF	1
g000735	crop1	0	OG00243	0	0	1	1	singleton	TF	3
g000736	crop1	0	OG00212	0	0	1	1	singleton	TF	1
g000737	crop1	0	OG00357	0	1	0	11	proximal	transporter	1
g000738	crop1	0	OG00244	0	1	0	9	dispersed	kinase	4
g000739	crop1	0	OG00342	0	1	0	11	tandem	other	2
g000740	crop1	0	OG00328	1	1	0	10	wgd	other	3
g000741	crop1	0	OG00299	0	1	0	5	transposed	enzyme	3
g000742	crop1	0	OG00131	1	1	0	8	wgd	TF	3
g000743	crop1	0	OG00386	0	1	0	11	transposed	TF	4
g000744	crop1	0	OG00027	0	1	0	3	proximal	enzyme	3
g000745	crop1	0	OG00215	1	1	0	6	wgd	hormone	2
g000746	crop1	0	OG00074	0	1	0	2	tandem	other	2
g000747	crop1	0	OG00271	0	1	0	7	tandem	transporter	1
g000748	crop1	0	OG00055	0	1	0	8	dispersed	kinase	4
g000749	crop1	0	OG00194	0	1	0	3	dispersed	hormone	4
g000750	crop1	0	OG00276	0	0	1	1	singleton	kinase	4
g000751	crop1	0	OG00286	1	1	0	6	wgd	enzyme	2
g000752	crop1	0	OG00042	0	1	0	4	transposed	enzyme	2
g000753	crop1	0	OG00062	1	1	0	6	wgd	hormone	1
g000754	crop1	0	OG00376	0	0	1	1	singleton	defense	1
g000755	crop1	0	OG00184	0	1	0	5	tandem	other	4
g000756	crop1	0	OG00163	1	1	0	5	wgd	other	2
g000757	crop1	0	OG00143	0	1	0	10	transposed	enzyme	2
g000758	crop1	0	OG00013	0	1	0	8	dispersed	other	3
g000759	crop1	0	OG00127	0	1	0	7	tandem	other	1
g000760	crop1	0	OG00191	0	1	0	11	transposed	kinase	1
g000761	crop1	0	OG00133	0	1	0	10	dispersed	enzyme	3
g000762	crop1	0	OG00236	0	1	0	3	tandem	enzyme	3
g000763	crop1	0	OG00025	0	1	0	5	dispersed	defense	4
g000764	crop1	0	OG00355	0	1	0	6	transposed	transporter	2
g000765	crop1	0	OG00386	1	1	0	3	wgd	TF	1
g000766	crop1	0	OG00268	0	1	0	4	dispersed	other	2
g000767	crop1	0	OG00298	0	1	0	7	dispersed	defense	3
g000768	crop1	0	OG00296	0	1	0	2	proximal	hormone	3
g000769	crop1	0	OG00307	0	0	1	1	singleton	TF	4
g000770	crop1	0	OG00397	0	1	0	4	dispersed	TF	1
g000771	crop1	0	OG00297	0	1	0	8	tandem	defense	3
g000772	crop1	0	OG00140	0	0	1	1	singleton	TF	3
g000773	crop1	0	OG00158	1	1	0	7	wgd	other	2
g000774	crop1	0	OG00127	1	1	0	10	wgd	other	1
g000775	crop1	0	OG00132	1	1	0	3	wgd	TF	3
g000776	crop1	0	OG00158	0	1	0	10	transposed	transporter	3
g000777	crop1	0	OG00009	1	1	0	11	wgd	hormone	2
g000778	crop1	0	OG00286	0	1	0	4	tandem	defense	1
g000779	crop1	0	OG00036	0	1	0	7	transposed	other	4
g000780	crop1	0	OG00202	0	1	0	9	transposed	hormone	2
g000781	crop1	0	OG00076	1	1	0	2	wgd	transporter	2
g000782	crop1	0	OG00090	0	1	0	4	transposed	TF	3
g000783	crop1	0	OG00031	1	1	0	2	wgd	kinase	4
g000784	crop1	0	OG00202	1	1	0	3	wgd	TF	3
g000785	crop1	0	OG00213	0	1	0	11	dispersed	other	4
g000786	crop1	0	OG00051	0	1	0	10	tandem	enzyme	1
g000787	crop1	0	OG00271	0	1	0	2	transposed	transporter	4
g000788	crop1	0	OG00208	0	1	0	8	transposed	enzyme	3
g000789	crop1	0	OG00119	0	1	0	10	dispersed	TF	2
g000790	crop1	0	OG00345	1	1	0	3	wgd	kinase	2
g000791	crop1	0	OG00248	1	1	0	10	wgd	other	1
g000792	crop1	0	OG00209	0	1	0	6	transposed	other	3
g000793	crop1	0	OG00118	0	0	1	1	singleton	defense	3
g000794	crop1	0	OG00377	1	1	0	3	wgd	other	4
g000795	crop1	0	OG00206	1	1	0	10	wgd	kinase	3
g000796	crop1	0	OG00292	1	1	0	3	wgd	TF	2
g000797	crop1	0	OG00045	0	1	0	3	dispersed	hormone	3
g000798	crop1	0	OG00069	1	1	0	9	wgd	other	3
g000799	crop1	0	OG00352	1	1	0	11	wgd	defense	3
g000800	crop1	0	OG00279	1	1	0	8	wgd	TF	3
g000801	crop1	0	OG00205	0	1	0	8	proximal	hormone	1
g000802	crop1	0	OG00274	0	1	0	6	transposed	defense	4
g000803	crop1	0	OG00113	0	1	0	9	dispersed	enzyme	4
g000804	crop1	1	OG00291	0	1	0	5	tandem	defense	4
g000805	crop1	0	OG00063	0	1	0	3	tandem	defense	3
g000806	crop1	0	OG00190	1	1	0	8	wgd	TF	4
g000807	crop1	1	OG00084	0	1	0	7	dispersed	TF	3
g000808	crop1	0	OG00050	0	1	0	6	transposed	hormone	1
g000809	crop1	0	OG00305	0	1	0	8	transposed	kinase	2
g000810	crop1	0	OG00208	1	1	0	3	wgd	hormone	2
g000811	crop1	0	OG00337	0	0	1	1	singleton	TF	1
g000812	crop1	0	OG00282	0	1	0	6	tandem	defense	3
g000813	crop1	0	OG00122	0	1	0	3	proximal	defense	3
g000814	crop1	0	OG00104	0	1	0	3	proximal	transporter	3
g000815	crop1	1	OG00059	0	1	0	11	tandem	other	1
g000816	crop1	1	OG00010	0	1	0	10	tandem	enzyme	2
g000817	crop1	0	OG00053	0	0	1	1	singleton	enzyme	4
g000818	crop1	0	OG00215	1	1	0	5	wgd	other	4
g000819	crop1	0	OG00096	0	1	0	11	tandem	transporter	2
g000820	crop1	0	OG00271	0	1	0	10	transposed	kinase	1
g000821	crop1	0	OG00313	0	1	0	5	dispersed	defense	1
g000822	crop1	0	OG00141	1	1	0	7	wgd	other	4
g000823	crop1	0	OG00206	0	1	0	9	tandem	transporter	4
g000824	crop1	0	OG00392	0	0	1	1	singleton	TF	3
g000825	crop1	0	OG00034	1	1	0	4	wgd	other	4
g000826	crop1	0	OG00046	1	1	0	10	wgd	enzyme	4
g000827	crop1	0	OG00333	0	1	0	9	dispersed	kinase	4
g000828	crop1	0	OG00067	0	1	0	10	dispersed	hormone	4
g000829	crop1	0	OG00183	0	1	0	2	dispersed	defense	4
g000830	crop1	0	OG00014	0	1	0	10	transposed	transporter	1
g000831	crop1	0	OG00043	0	0	1	1	singleton	TF	3
g000832	crop1	0	OG00317	0	1	0	4	tandem	enzyme	1
g000833	crop1	0	OG00020	1	1	0	9	wgd	transporter	4
g000834	crop1	0	OG00166	0	1	0	11	dispersed	transporter	2
g000835	crop1	0	OG00150	0	1	0	4	proximal	enzyme	4
g000836	crop1	0	OG00076	1	1	0	8	wgd	hormone	1
g000837	crop1	1	OG00286	0	1	0	2	tandem	enzyme	1
g000838	crop1	0	OG00079	0	1	0	4	dispersed	other	1
g000839	crop1	0	OG00184	0	1	0	9	proximal	other	2
g000840	crop1	0	OG00390	1	1	0	2	wgd	enzyme	3
g000841	crop1	0	OG00059	0	1	0	2	dispersed	hormone	4
g000842	crop1	0	OG00017	0	1	0	10	transposed	TF	2
g000843	crop1	0	OG00307	0	1	0	4	dispersed	transporter	4
g000844	crop1	0	OG00281	0	1	0	3	transposed	kinase	2
g000845	crop1	0	OG00086	0	1	0	4	dispersed	hormone	4
g000846	crop1	0	OG00010	1	1	0	5	wgd	enzyme	2
g000847	crop1	0	OG00162	0	1	0	10	tandem	defense	1
g000848	crop1	0	OG00339	0	0	1	1	singleton	TF	1
g000849	crop1	0	OG00317	0	1	0	7	tandem	TF	1
g000850	crop1	0	OG00299	0	0	1	1	singleton	enzyme	3
g000851	crop1	0	OG00180	0	0	1	1	singleton	other	4
g000852	crop1	0	OG00160	0	1	0	9	tandem	defense	4
g000853	crop1	0	OG00147	1	1	0	9	wgd	TF	3
g000854	crop1	0	OG00056	1	1	0	6	wgd	other	1
g000855	crop1	0	OG00013	0	0	1	1	singleton	hormone	2
g000856	crop1	0	OG00219	1	1	0	7	wgd	kinase	2
g000857	crop1	0	OG00393	0	1	0	2	dispersed	other	2
g000858	crop1	0	OG00204	0	1	0	11	tandem	enzyme	2
g000859	crop1	0	OG00367	0	1	0	6	transposed	enzyme	3
g000860	crop1	0	OG00233	0	1	0	4	dispersed	kinase	2
g000861	crop1	0	OG00194	0	1	0	4	transposed	defense	1
g000862	crop1	0	OG00140	1	1	0	2	wgd	hormone	3
g000863	crop1	0	OG00394	0	1	0	3	tandem	enzyme	4
g000864	crop1	1	OG00197	0	1	0	2	transposed	defense	4
g000865	crop1	0	OG00218	1	1	0	9	wgd	kinase	3
g000866	crop1	0	OG00268	0	1	0	8	tandem	kinase	4
g000867	crop1	0	OG00004	1	1	0	11	wgd	transporter	4
g000868	crop1	0	OG00302	0	0	1	1	singleton	hormone	4
g000869	crop1	0	OG00364	1	1	0	8	wgd	TF	3
g000870	crop1	0	OG00184	1	1	0	6	wgd	enzyme	3
g000871	crop1	0	OG00353	0	1	0	8	dispersed	enzyme	3
g000872	crop1	0	OG00115	0	1	0	11	dispersed	enzyme	1
g000873	crop1	0	OG00098	0	1	0	3	tandem	defense	2
g000874	crop1	0	OG00077	0	1	0	3	tandem	enzyme	1
g000875	crop1	0	OG00195	0	1	0	6	transposed	hormone	4
g000876	crop1	0	OG00336	1	1	0	2	wgd	TF	2
g000877	crop1	0	OG00186	0	1	0	4	transposed	enzyme	4
g000878	crop1	0	OG00265	0	1	0	2	transposed	hormone	1
g000879	crop1	0	OG00130	0	1	0	11	dispersed	kinase	2
g000880	crop1	0	OG00257	1	1	0	5	wgd	TF	2
g000881	crop1	0	OG00386	0	1	0	3	transposed	kinase	1
g000882	crop1	0	OG00188	1	1	0	6	wgd	hormone	4
g000883	crop1	0	OG00142	0	1	0	5	proximal	enzyme	1
g000884	crop1	0	OG00189	0	1	0	7	proximal	transporter	3
g000885	crop1	0	OG00309	0	1	0	8	tandem	enzyme	2
g000886	crop1	0	OG00332	0	0	1	1	singleton	transporter	1
g000887	crop1	0	OG00242	0	1	0	5	transposed	TF	2
g000888	crop1	0	OG00075	0	1	0	5	transposed	other	1
g000889	crop1	0	OG00317	1	1	0	8	wgd	transporter	1
g000890	crop1	0	OG00236	1	1	0	4	wgd	TF	3
g000891	crop1	0	OG00337	1	1	0	5	wgd	TF	1
g000892	crop1	0	OG00319	0	0	1	1	singleton	other	1
g000893	crop1	0	OG00265	0	1	0	7	dispersed	defense	1
g000894	crop1	0	OG00254	0	1	0	4	dispersed	other	1
g000895	crop1	0	OG00268	1	1	0	3	wgd	other	1
g000896	crop1	0	OG00331	0	1	0	5	dispersed	enzyme	2
g000897	crop1	0	OG00260	0	1	0	4	transposed	TF	2
g000898	crop1	0	OG00298	0	1	0	11	proximal	defense	3
g000899	crop1	0	OG00115	1	1	0	5	wgd	TF	1
g000900	crop1	0	OG00187	0	1	0	10	transposed	enzyme	2
g000901	crop1	0	OG00335	1	1	0	4	wgd	other	2
g000902	crop1	0	OG00371	0	1	0	4	tandem	TF	3
g000903	crop1	0	OG00395	0	1	0	5	tandem	TF	4
g000904	crop1	0	OG00104	0	1	0	5	dispersed	hormone	3
g000905	crop1	0	OG00132	0	1	0	11	transposed	other	3
g000906	crop1	0	OG00116	1	1	0	2	wgd	kinase	1
g000907	crop1	0	OG00283	0	1	0	4	dispersed	other	1
g000908	crop1	0	OG00213	0	1	0	2	dispersed	enzyme	1
g000909	crop1	0	OG00155	1	1	0	5	wgd	hormone	3
g000910	crop1	0	OG00309	0	1	0	5	transposed	defense	3
g000911	crop1	0	OG00122	0	1	0	3	tandem	enzyme	4
g000912	crop1	0	OG00306	0	1	0	8	dispersed	other	2
g000913	crop1	0	OG00015	0	0	1	1	singleton	hormone	3
g000914	crop1	0	OG00075	0	1	0	6	dispersed	enzyme	3
g000915	crop1	0	OG00287	0	0	1	1	singleton	defense	1
g000916	crop1	0	OG00329	0	1	0	7	transposed	transporter	4
g000917	crop1	0	OG00293	0	1	0	3	proximal	kinase	4
g000918	crop1	0	OG00034	1	1	0	9	wgd	TF	4
g000919	crop1	0	OG00344	0	1	0	10	proximal	enzyme	1
g000920	crop1	0	OG00001	0	1	0	3	dispersed	defense	1
g000921	crop1	0	OG00138	0	1	0	8	tandem	defense	2
g000922	crop1	0	OG00015	0	1	0	7	transposed	other	3
g000923	crop1	1	OG00361	1	1	0	2	wgd	hormone	3
g000924	crop1	0	OG00009	0	1	0	7	tandem	TF	1
g000925	crop1	0	OG00184	0	1	0	4	tandem	TF	4
g000926	crop1	0	OG00355	0	1	0	3	tandem	transporter	1
g000927	crop1	0	OG00237	0	1	0	9	transposed	enzyme	1
g000928	crop1	0	OG00312	1	1	0	2	wgd	TF	3
g000929	crop1	0	OG00354	1	1	0	5	wgd	TF	2
g000930	crop1	0	OG00168	1	1	0	5	wgd	enzyme	2
g000931	crop1	0	OG00223	0	1	0	7	tandem	kinase	3
g000932	crop1	0	OG00355	1	1	0	5	wgd	TF	3
g000933	crop1	0	OG00312	0	1	0	9	transposed	enzyme	2
g000934	crop1	0	OG00295	1	1	0	9	wgd	other	4
g000935	crop1	0	OG00327	0	0	1	1	singleton	TF	4
g000936	crop1	0	OG00193	1	1	0	3	wgd	kinase	4
g000937	crop1	0	OG00281	0	1	0	10	dispersed	defense	2
g000938	crop1	0	OG00152	0	1	0	9	transposed	other	4
g000939	crop1	0	OG00121	0	1	0	8	dispersed	enzyme	4
g000940	crop1	0	OG00188	0	1	0	3	dispersed	hormone	2
g000941	crop1	0	OG00197	0	1	0	5	dispersed	enzyme	4
g000942	crop1	0	OG00014	0	1	0	3	dispersed	defense	4
g000943	crop1	0	OG00027	1	1	0	2	wgd	TF	4
g000944	crop1	0	OG00329	0	1	0	10	transposed	enzyme	1
g000945	crop1	0	OG00274	0	0	1	1	singleton	enzyme	3
g000946	crop1	0	OG00016	0	0	1	1	singleton	kinase	1
g000947	crop1	0	OG00062	0	1	0	8	tandem	other	3
g000948	crop1	0	OG00119	1	1	0	2	wgd	TF	2
g000949	crop1	0	OG00247	0	1	0	3	transposed	other	4
g000950	crop1	0	OG00147	0	1	0	4	transposed	transporter	4
g000951	crop1	0	OG00025	0	1	0	7	transposed	TF	1
g000952	crop1	0	OG00189	0	1	0	3	proximal	transporter	2
g000953	crop1	0	OG00250	0	1	0	8	proximal	enzyme	3
g000954	crop1	0	OG00065	0	1	0	8	tandem	defense	3
g000955	crop1	0	OG00001	0	0	1	1	singleton	kinase	3
g000956	crop1	0	OG00265	0	1	0	7	proximal	defense	3
g000957	crop1	0	OG00395	1	1	0	7	wgd	TF	2
g000958	crop1	0	OG00070	0	1	0	10	tandem	other	1
g000959	crop1	0	OG00049	0	1	0	9	dispersed	transporter	3
g000960	crop1	0	OG00067	0	1	0	2	tandem	enzyme	4
g000961	crop1	0	OG00327	0	1	0	5	tandem	defense	1
g000962	crop1	0	OG00394	1	1	0	10	wgd	enzyme	2
g000963	crop1	0	OG00303	0	1	0	2	dispersed	enzyme	4
g000964	crop1	0	OG00132	0	1	0	6	transposed	other	4
g000965	crop1	0	OG00213	0	1	0	8	proximal	enzyme	4
g000966	crop1	0	OG00210	0	0	1	1	singleton	kinase	1
g000967	crop1	0	OG00042	0	1	0	2	proximal	enzyme	3
g000968	crop1	0	OG00233	0	1	0	4	dispersed	defense	4
g000969	crop1	0	OG00275	0	1	0	5	tandem	other	3
g000970	crop1	0	OG00030	0	1	0	11	transposed	enzyme	3
g000971	crop1	0	OG00035	0	1	0	10	tandem	defense	3
g000972	crop1	0	OG00305	1	1	0	4	wgd	hormone	1
g000973	crop1	0	OG00293	0	1	0	4	transposed	other	2
g000974	crop1	0	OG00258	0	1	0	3	dispersed	enzyme	2
g000975	crop1	0	OG00132	0	1	0	5	tandem	enzyme	1
g000976	crop1	0	OG00048	0	1	0	4	dispersed	other	3
g000977	crop1	0	OG00265	1	1	0	9	wgd	transporter	2
g000978	crop1	0	OG00366	0	1	0	10	transposed	transporter	3
g000979	crop1	0	OG00113	1	1	0	6	wgd	enzyme	1
g000980	crop1	0	OG00084	1	1	0	3	wgd	hormone	1
g000981	crop1	0	OG00160	1	1	0	6	wgd	transporter	3
g000982	crop1	0	OG00101	0	1	0	2	tandem	defense	3
g000983	crop1	0	OG00302	0	1	0	6	transposed	enzyme	4
g000984	crop1	0	OG00036	0	1	0	3	proximal	defense	1
g000985	crop1	0	OG00267	0	1	0	3	dispersed	other	1
g000986	crop1	0	OG00144	0	1	0	10	transposed	enzyme	1
g000987	crop1	0	OG00059	0	1	0	10	dispersed	enzyme	1
g000988	crop1	0	OG00139	0	1	0	9	tandem	enzyme	4
g000989	crop1	1	OG00094	1	1	0	9	wgd	TF	4
g000990	crop1	0	OG00000	1	1	0	8	wgd	kinase	1
g000991	crop1	0	OG00052	0	1	0	3	tandem	defense	1
g000992	crop1	0	OG00078	0	1	0	3	tandem	enzyme	1
g000993	crop1	0	OG00204	0	1	0	7	transposed	enzyme	2
g000994	crop1	0	OG00239	0	1	0	7	transposed	transporter	2
g000995	crop1	0	OG00035	1	1	0	11	wgd	transporter	3
g000996	crop1	0	OG00109	1	1	0	6	wgd	TF	3
g000997	crop1	0	OG00092	0	1	0	10	transposed	defense	4
g000998	crop1	0	OG00206	0	1	0	9	transposed	defense	2
g000999	crop1	1	OG00267	1	1	0	6	wgd	transporter	4
g001000	crop1	0	OG00220	0	1	0	7	proximal	TF	4
g001001	crop1	0	OG00063	0	1	0	7	dispersed	TF	4
g001002	crop1	0	OG00054	0	1	0	11	dispersed	enzyme	1
g001003	crop1	0	OG00099	1	1	0	7	wgd	TF	4
g001004	crop1	0	OG00233	1	1	0	5	wgd	enzyme	1
g001005	crop1	0	OG00063	0	0	1	1	singleton	hormone	2
g001006	crop1	0	OG00384	0	1	0	4	proximal	defense	1
g001007	crop1	0	OG00105	0	1	0	6	dispersed	enzyme	2
g001008	crop1	0	OG00308	1	1	0	7	wgd	kinase	3
g001009	crop1	0	OG00268	1	1	0	4	wgd	hormone	3
g001010	crop1	1	OG00113	0	1	0	10	tandem	defense	4
g001011	crop1	1	OG00197	1	1	0	2	wgd	TF	2
g001012	crop1	0	OG00134	0	0	1	1	singleton	kinase	4
g001013	crop1	0	OG00286	1	1	0	2	wgd	TF	1
g001014	crop1	0	OG00115	1	1	0	7	wgd	other	1
g001015	crop1	0	OG00191	0	1	0	5	transposed	transporter	4
g001016	crop1	0	OG00104	0	1	0	6	tandem	enzyme	1
g001017	crop1	0	OG00169	0	1	0	9	transposed	transporter	1
g001018	crop1	0	OG00286	0	0	1	1	singleton	defense	1
g001019	crop1	0	OG00352	0	1	0	11	dispersed	TF	3
g001020	crop1	0	OG00396	0	1	0	8	tandem	enzyme	1
g001021	crop1	0	OG00270	0	0	1	1	singleton	transporter	4
g001022	crop1	0	OG00193	1	1	0	10	wgd	transporter	1
g001023	crop1	0	OG00363	0	1	0	9	dispersed	TF	4
g001024	crop1	0	OG00289	0	0	1	1	singleton	kinase	4
g001025	crop1	0	OG00231	1	1	0	2	wgd	TF	1
g001026	crop1	0	OG00052	1	1	0	7	wgd	TF	4
g001027	crop1	0	OG00393	1	1	0	9	wgd	other	4
g001028	crop1	0	OG00240	0	1	0	2	transposed	TF	3
g001029	crop1	0	OG00018	0	1	0	4	dispersed	defense	2
g001030	crop1	0	OG00134	0	1	0	7	dispersed	other	2
g001031	crop1	0	OG00149	0	0	1	1	singleton	hormone	2
g001032	crop1	0	OG00145	1	1	0	2	wgd	hormone	2
g001033	crop1	0	OG00389	0	1	0	4	proximal	TF	2
g001034	crop1	0	OG00158	0	1	0	11	transposed	other	4
g001035	crop1	0	OG00248	0	1	0	2	dispersed	other	4
g001036	crop1	0	OG00151	1	1	0	5	wgd	TF	1
g001037	crop1	0	OG00387	0	1	0	9	proximal	enzyme	4
g001038	crop1	0	OG00328	0	0	1	1	singleton	transporter	1
g001039	crop1	0	OG00010	0	1	0	3	dispersed	hormone	4
g001040	crop1	0	OG00261	0	1	0	4	transposed	hormone	4
g001041	crop1	0	OG00038	0	1	0	9	tandem	defense	1
g001042	crop1	0	OG00080	0	1	0	7	dispersed	enzyme	4
g001043	crop1	0	OG00008	0	1	0	6	dispersed	enzyme	3
g001044	crop1	0	OG00038	0	0	1	1	singleton	hormone	3
g001045	crop1	0	OG00144	0	1	0	8	transposed	other	2
g001046	crop1	0	OG00284	0	1	0	8	transposed	hormone	1
g001047	crop1	0	OG00090	0	1	0	7	dispersed	defense	3
g001048	crop1	0	OG00229	1	1	0	3	wgd	hormone	1
g001049	crop1	0	OG00027	0	1	0	10	dispersed	hormone	1
g001050	crop1	0	OG00379	0	1	0	4	dispersed	other	4
g001051	crop1	0	OG00164	0	1	0	8	transposed	defense	3
g001052	crop1	0	OG00327	0	1	0	10	transposed	TF	2
g001053	crop1	0	OG00022	0	1	0	6	dispersed	other	3
g001054	crop1	0	OG00286	1	1	0	8	wgd	enzyme	1
g001055	crop1	0	OG00205	0	1	0	4	tandem	TF	3
g001056	crop1	0	OG00019	1	1	0	7	wgd	TF	2
g001057	crop1	0	OG00240	0	0	1	1	singleton	enzyme	4
g001058	crop1	0	OG00089	0	0	1	1	singleton	hormone	2
g001059	crop1	0	OG00200	0	1	0	7	transposed	kinase	2
g001060	crop1	0	OG00368	1	1	0	9	wgd	hormone	2
g001061	crop1	0	OG00396	0	1	0	8	tandem	defense	1
g001062	crop1	0	OG00100	0	0	1	1	singleton	kinase	1
g001063	crop1	0	OG00057	1	1	0	8	wgd	TF	1
g001064	crop1	0	OG00338	0	1	0	8	dispersed	defense	3
g001065	crop1	0	OG00306	0	0	1	1	singleton	other	4
g001066	crop1	0	OG00179	0	0	1	1	singleton	other	2
g001067	crop1	0	OG00171	0	1	0	6	transposed	defense	4
g001068	crop1	0	OG00346	1	1	0	4	wgd	hormone	3
g001069	crop1	0	OG00082	0	1	0	11	dispersed	defense	1
g001070	crop1	0	OG00062	1	1	0	9	wgd	hormone	4
g001071	crop1	0	OG00271	0	0	1	1	singleton	enzyme	1
g001072	crop1	0	OG00254	0	1	0	5	tandem	defense	1
g001073	crop1	0	OG00334	1	1	0	7	wgd	TF	4
g001074	crop1	0	OG00221	0	1	0	5	proximal	other	4
g001075	crop1	0	OG00234	0	1	0	5	tandem	hormone	3
g001076	crop1	0	OG00368	0	1	0	11	transposed	enzyme	2
g001077	crop1	0	OG00246	0	1	0	6	transposed	defense	3
g001078	crop1	0	OG00046	0	0	1	1	singleton	hormone	3
g001079	crop1	0	OG00353	1	1	0	4	wgd	other	4
g001080	crop1	0	OG00088	0	1	0	6	proximal	defense	4
g001081	crop1	0	OG00205	0	1	0	9	dispersed	other	4
g001082	crop1	0	OG00096	0	1	0	4	tandem	TF	4
g001083	crop1	0	OG00060	1	1	0	2	wgd	TF	4
g001084	crop1	0	OG00311	1	1	0	2	wgd	TF	1
g001085	crop1	0	OG00319	0	1	0	11	transposed	other	3
g001086	crop1	0	OG00328	0	1	0	8	dispersed	transporter	1
g001087	crop1	0	OG00148	1	1	0	2	wgd	hormone	2
g001088	crop1	0	OG00011	0	1	0	7	dispersed	TF	4
g001089	crop1	0	OG00366	0	1	0	2	dispersed	hormone	3
g001090	crop1	0	OG00219	0	1	0	4	tandem	enzyme	1
g001091	crop1	0	OG00212	0	1	0	9	dispersed	other	4
g001092	crop1	0	OG00083	1	1	0	11	wgd	defense	4
g001093	crop1	0	OG00049	0	1	0	3	tandem	enzyme	1
g001094	crop1	0	OG00036	0	1	0	7	dispersed	hormone	2
g001095	crop1	0	OG00141	0	1	0	8	transposed	defense	1
g001096	crop1	0	OG00152	1	1	0	10	wgd	hormone	4
g001097	crop1	0	OG00082	1	1	0	11	wgd	transporter	1
g001098	crop1	0	OG00197	0	1	0	6	transposed	enzyme	3
g001099	crop1	0	OG00192	0	1	0	5	transposed	TF	3
g001100	crop1	0	OG00185	0	1	0	2	transposed	defense	3
g001101	crop1	0	OG00324	0	1	0	4	proximal	enzyme	1
g001102	crop1	0	OG00254	1	1	0	7	wgd	hormone	2
g001103	crop1	0	OG00298	0	1	0	6	transposed	enzyme	3
g001104	crop1	0	OG00385	0	1	0	4	dispersed	enzyme	3
g001105	crop1	0	OG00298	1	1	0	4	wgd	transporter	1
g001106	crop1	0	OG00263	0	1	0	9	dispersed	defense	4
g001107	crop1	0	OG00044	0	0	1	1	singleton	enzyme	1
g001108	crop1	0	OG00348	1	1	0	10	wgd	kinase	3
g001109	crop1	0	OG00109	0	1	0	3	dispersed	other	1
g001110	crop1	0	OG00296	1	1	0	5	wgd	other	1
g001111	crop1	0	OG00342	0	1	0	2	dispersed	defense	1
g001112	crop1	0	OG00175	1	1	0	2	wgd	TF	3
g001113	crop1	0	OG00211	0	1	0	3	transposed	defense	1
g001114	crop1	0	OG00132	0	1	0	6	transposed	TF	2
g001115	crop1	0	OG00197	0	0	1	1	singleton	enzyme	3
g001116	crop1	0	OG00017	0	1	0	8	dispersed	other	4
g001117	crop1	0	OG00082	0	1	0	10	proximal	other	3
g001118	crop1	0	OG00379	0	1	0	9	transposed	defense	2
g001119	crop1	0	OG00104	0	1	0	5	transposed	defense	4
g001120	crop1	0	OG00011	1	1	0	10	wgd	hormone	1
g001121	crop1	0	OG00351	1	1	0	4	wgd	hormone	3
g001122	crop1	0	OG00018	1	1	0	6	wgd	other	3
g001123	crop1	0	OG00015	1	1	0	7	wgd	enzyme	1
g001124	crop1	0	OG00310	0	1	0	4	tandem	kinase	4
g001125	crop1	1	OG00038	1	1	0	4	wgd	TF	1
g001126	crop1	0	OG00056	0	1	0	2	tandem	defense	4
g001127	crop1	0	OG00261	1	1	0	10	wgd	defense	4
g001128	crop1	0	OG00252	0	1	0	5	dispersed	defense	2
g001129	crop1	0	OG00209	0	1	0	11	transposed	TF	1
g001130	crop1	0	OG00207	1	1	0	8	wgd	hormone	3
g001131	crop1	0	OG00297	0	1	0	10	dispersed	other	1
g001132	crop1	0	OG00072	1	1	0	6	wgd	kinase	4
g001133	crop1	0	OG00184	0	1	0	2	transposed	other	2
g001134	crop1	0	OG00256	0	1	0	4	proximal	enzyme	2
g001135	crop1	0	OG00288	0	1	0	4	tandem	kinase	3
g001136	crop1	0	OG00083	1	1	0	8	wgd	TF	1
g001137	crop1	0	OG00135	0	1	0	5	transposed	other	4
g001138	crop1	0	OG00302	0	1	0	4	dispersed	hormone	4
g001139	crop1	0	OG00257	1	1	0	10	wgd	TF	3
g001140	crop1	0	OG00320	0	1	0	11	dispersed	kinase	2
g001141	crop1	0	OG00060	0	1	0	5	dispersed	defense	1
g001142	crop1	0	OG00253	0	1	0	7	dispersed	defense	2
g001143	crop1	0	OG00011	1	1	0	10	wgd	transporter	3
g001144	crop1	0	OG00298	1	1	0	5	wgd	TF	1
g001145	crop1	0	OG00368	0	1	0	2	transposed	defense	1
g001146	crop1	0	OG00351	0	1	0	6	dispersed	kinase	4
g001147	crop1	0	OG00301	0	1	0	10	dispersed	other	1
g001148	crop1	0	OG00150	1	1	0	9	wgd	transporter	4
g001149	crop1	0	OG00038	0	0	1	1	singleton	hormone	4
g001150	crop1	0	OG00075	0	1	0	6	dispersed	kinase	3
g001151	crop1	0	OG00364	0	1	0	9	transposed	hormone	2
g001152	crop1	0	OG00215	0	1	0	8	tandem	hormone	2
g001153	crop1	0	OG00359	1	1	0	4	wgd	TF	2
g001154	crop1	1	OG00249	1	1	0	3	wgd	TF	2
g001155	crop1	0	OG00380	1	1	0	3	wgd	hormone	4
g001156	crop1	0	OG00131	1	1	0	5	wgd	transporter	4
g001157	crop1	0	OG00156	1	1	0	6	wgd	TF	1
g001158	crop1	0	OG00005	0	1	0	6	transposed	defense	2
g001159	crop1	0	OG00337	1	1	0	6	wgd	TF	3
g001160	crop1	0	OG00277	1	1	0	11	wgd	other	3
g001161	crop1	0	OG00199	0	1	0	6	dispersed	defense	2
g001162	crop1	0	OG00068	0	1	0	11	dispersed	defense	4
g001163	crop1	0	OG00398	0	1	0	2	transposed	enzyme	4
g001164	crop1	0	OG00214	0	1	0	8	tandem	hormone	2
g001165	crop1	0	OG00182	0	1	0	4	dispersed	enzyme	3
g001166	crop1	0	OG00130	0	1	0	4	proximal	hormone	3
g001167	crop1	0	OG00066	0	1	0	8	dispersed	enzyme	2
g001168	crop1	0	OG00043	1	1	0	10	wgd	other	1
g001169	crop1	0	OG00228	0	1	0	10	transposed	defense	3
g001170	crop1	0	OG00159	0	1	0	4	tandem	TF	4
g001171	crop1	0	OG00185	0	0	1	1	singleton	enzyme	1
g001172	crop1	1	OG00183	1	1	0	2	wgd	kinase	4
g001173	crop1	0	OG00281	0	1	0	8	transposed	defense	4
g001174	crop1	0	OG00331	0	1	0	10	dispersed	TF	3
g001175	crop1	0	OG00000	0	1	0	2	dispersed	other	4
g001176	crop1	0	OG00285	0	1	0	11	transposed	TF	2
g001177	crop1	0	OG00268	0	1	0	8	dispersed	other	3
g001178	crop1	0	OG00179	1	1	0	3	wgd	hormone	1
g001179	crop1	0	OG00047	0	1	0	8	transposed	enzyme	2
g001180	crop1	0	OG00117	1	1	0	3	wgd	TF	1
g001181	crop1	0	OG00218	1	1	0	9	wgd	hormone	4
g001182	crop1	0	OG00373	0	0	1	1	singleton	enzyme	1
g001183	crop1	0	OG00264	0	1	0	11	transposed	kinase	4
g001184	crop1	0	OG00053	1	1	0	5	wgd	hormone	4
g001185	crop1	0	OG00063	0	1	0	4	transposed	hormone	4
g001186	crop1	0	OG00346	0	1	0	3	transposed	hormone	3
g001187	crop1	0	OG00289	1	1	0	3	wgd	kinase	4
g001188	crop1	0	OG00022	0	1	0	10	transposed	kinase	4
g001189	crop1	0	OG00163	1	1	0	2	wgd	kinase	1
g001190	crop1	0	OG00381	1	1	0	5	wgd	other	1
g001191	crop1	0	OG00140	0	1	0	11	tandem	transporter	3
g001192	crop1	0	OG00004	1	1	0	5	wgd	enzyme	2
g001193	crop1	0	OG00137	1	1	0	9	wgd	enzyme	2
g001194	crop1	0	OG00313	1	1	0	8	wgd	hormone	1
g001195	crop1	0	OG00206	0	1	0	10	dispersed	other	3
g001196	crop1	0	OG00001	0	1	0	3	dispersed	defense	4
g001197	crop1	0	OG00351	0	0	1	1	singleton	transporter	1
g001198	crop1	0	OG00035	1	1	0	8	wgd	other	4
g001199	crop1	0	OG00059	0	0	1	1	singleton	enzyme	2
g001200	crop1	0	OG00308	0	1	0	6	transposed	other	1
g001201	crop1	0	OG00137	0	0	1	1	singleton	enzyme	3
g001202	crop1	0	OG00014	1	1	0	10	wgd	defense	2
g001203	crop1	0	OG00105	1	1	0	5	wgd	enzyme	1
g001204	crop1	0	OG00035	1	1	0	4	wgd	TF	2
g001205	crop1	0	OG00342	0	1	0	5	tandem	enzyme	3
g001206	crop1	0	OG00308	0	1	0	4	dispersed	TF	1
g001207	crop1	0	OG00274	0	1	0	2	tandem	enzyme	3
g001208	crop1	0	OG00283	0	0	1	1	singleton	other	3
g001209	crop1	0	OG00242	0	1	0	7	transposed	transporter	1
g001210	crop1	1	OG00188	1	1	0	9	wgd	kinase	1
g001211	crop1	0	OG00259	1	1	0	6	wgd	TF	4
g001212	crop1	0	OG00330	0	1	0	10	transposed	TF	3
g001213	crop1	0	OG00194	0	1	0	7	dispersed	TF	3
g001214	crop1	0	OG00093	1	1	0	9	wgd	TF	2
g001215	crop1	1	OG00144	1	1	0	3	wgd	hormone	1
g001216	crop1	0	OG00344	1	1	0	4	wgd	other	3
g001217	crop1	0	OG00164	0	1	0	8	transposed	TF	4
g001218	crop1	0	OG00233	0	1	0	5	proximal	defense	3
g001219	crop1	0	OG00352	0	1	0	5	proximal	kinase	3
g001220	crop1	0	OG00037	0	1	0	8	dispersed	other	4
g001221	crop1	0	OG00179	0	1	0	5	transposed	hormone	4
g001222	crop1	0	OG00140	0	1	0	10	tandem	defense	4
g001223	crop1	0	OG00139	0	1	0	11	dispersed	hormone	4
g001224	crop1	0	OG00356	1	1	0	4	wgd	hormone	4
g001225	crop1	0	OG00029	0	0	1	1	singleton	other	4
g001226	crop1	0	OG00002	0	0	1	1	singleton	defense	4
g001227	crop1	0	OG00390	0	1	0	7	transposed	TF	2
g001228	crop1	0	OG00326	1	1	0	10	wgd	other	4
g001229	crop1	0	OG00116	0	1	0	11	dispersed	other	3
g001230	crop1	0	OG00317	0	1	0	8	proximal	defense	3
g001231	crop1	0	OG00312	0	1	0	7	transposed	transporter	1
g001232	crop1	0	OG00118	0	1	0	2	transposed	enzyme	3
g001233	crop1	1	OG00289	0	1	0	5	transposed	TF	2
g001234	crop1	0	OG00176	1	1	0	11	wgd	transporter	1
g001235	crop1	0	OG00265	0	1	0	3	dispersed	transporter	1
g001236	crop1	0	OG00137	1	1	0	9	wgd	TF	3
g001237	crop1	1	OG00293	1	1	0	7	wgd	hormone	2
g001238	crop1	0	OG00238	1	1	0	8	wgd	kinase	3
g001239	crop1	0	OG00342	0	0	1	1	singleton	transporter	3
g001240	crop1	0	OG00386	0	1	0	11	proximal	defense	1
g001241	crop1	0	OG00319	0	1	0	7	tandem	other	3
g001242	crop1	0	OG00062	0	0	1	1	singleton	transporter	1
g001243	crop1	0	OG00172	0	1	0	3	transposed	hormone	2
g001244	crop1	0	OG00311	1	1	0	4	wgd	other	2
g001245	crop1	0	OG00019	0	0	1	1	singleton	TF	2
g001246	crop1	0	OG00125	0	1	0	2	tandem	other	2
g001247	crop1	0	OG00024	0	1	0	3	dispersed	transporter	4
g001248	crop1	0	OG00251	1	1	0	2	wgd	enzyme	4
g001249	crop1	0	OG00373	1	1	0	9	wgd	hormone	2
g001250	crop1	0	OG00191	1	1	0	3	wgd	TF	1
g001251	crop1	0	OG00215	0	0	1	1	singleton	hormone	1
g001252	crop1	0	OG00205	1	1	0	6	wgd	kinase	1
g001253	crop1	0	OG00169	1	1	0	2	wgd	enzyme	4
g001254	crop1	0	OG00123	0	1	0	5	dispersed	transporter	1
g001255	crop1	0	OG00029	0	1	0	11	dispersed	enzyme	4
g001256	crop1	0	OG00336	0	1	0	4	dispersed	other	4
g001257	crop1	0	OG00356	1	1	0	6	wgd	TF	3
g001258	crop1	0	OG00218	1	1	0	2	wgd	hormone	1
g001259	crop1	0	OG00086	0	1	0	8	dispersed	transporter	1
g001260	crop1	0	OG00007	0	1	0	3	transposed	transporter	2
g001261	crop1	0	OG00018	1	1	0	2	wgd	TF	2
g001262	crop1	0	OG00397	0	0	1	1	singleton	kinase	4
g001263	crop1	0	OG00263	0	1	0	11	transposed	defense	4
g001264	crop1	0	OG00093	0	1	0	11	dispersed	enzyme	1
g001265	crop1	0	OG00165	0	1	0	3	tandem	enzyme	4
g001266	crop1	0	OG00121	0	0	1	1	singleton	defense	1
g001267	crop1	0	OG00339	1	1	0	11	wgd	TF	3
g001268	crop1	0	OG00188	1	1	0	6	wgd	other	3
g001269	crop1	0	OG00117	1	1	0	4	wgd	transporter	2
g001270	crop1	0	OG00342	0	1	0	8	transposed	hormone	4
g001271	crop1	0	OG00252	0	1	0	9	transposed	kinase	1
g001272	crop1	0	OG00118	0	1	0	2	dispersed	transporter	1
g001273	crop1	1	OG00028	1	1	0	11	wgd	other	2
g001274	crop1	0	OG00026	0	1	0	2	proximal	enzyme	4
g001275	crop1	0	OG00103	0	0	1	1	singleton	enzyme	2
g001276	crop1	0	OG00058	0	1	0	11	dispersed	TF	2
g001277	crop1	0	OG00140	0	1	0	9	dispersed	transporter	2
g001278	crop1	0	OG00026	0	1	0	5	transposed	defense	1
g001279	crop1	0	OG00123	0	1	0	8	proximal	enzyme	1
g001280	crop1	0	OG00111	0	1	0	7	proximal	kinase	4
g001281	crop1	0	OG00106	1	1	0	5	wgd	hormone	2
g001282	crop1	0	OG00205	0	1	0	7	transposed	hormone	2
g001283	crop1	0	OG00014	0	0	1	1	singleton	hormone	3
g001284	crop1	0	OG00185	0	1	0	9	transposed	kinase	2
g001285	crop1	0	OG00124	1	1	0	3	wgd	transporter	3
g001286	crop1	0	OG00167	0	1	0	10	transposed	transporter	2
g001287	crop1	0	OG00344	0	1	0	2	transposed	other	3
g001288	crop1	0	OG00134	1	1	0	4	wgd	hormone	3
g001289	crop1	0	OG00311	1	1	0	2	wgd	other	4
g001290	crop1	0	OG00025	1	1	0	6	wgd	other	1
g001291	crop1	0	OG00358	1	1	0	10	wgd	hormone	1
g001292	crop1	0	OG00365	0	1	0	9	tandem	enzyme	1
g001293	crop1	0	OG00243	0	1	0	4	proximal	enzyme	3
g001294	crop1	0	OG00359	0	1	0	9	transposed	defense	4
g001295	crop1	0	OG00375	0	1	0	5	transposed	enzyme	3
g001296	crop1	0	OG00311	0	1	0	3	transposed	transporter	2
g001297	crop1	0	OG00027	0	1	0	2	tandem	enzyme	3
g001298	crop1	0	OG00177	0	1	0	7	tandem	enzyme	2
g001299	crop1	0	OG00206	1	1	0	7	wgd	TF	4
g001300	crop1	0	OG00253	0	1	0	6	transposed	other	2
g001301	crop1	0	OG00367	1	1	0	2	wgd	hormone	2
g001302	crop1	0	OG00327	1	1	0	2	wgd	kinase	4
g001303	crop1	0	OG00108	0	1	0	7	tandem	enzyme	2
g001304	crop1	0	OG00006	1	1	0	11	wgd	hormone	2
g001305	crop1	0	OG00228	0	1	0	6	transposed	enzyme	1
g001306	crop1	0	OG00169	0	1	0	3	dispersed	enzyme	2
g001307	crop1	0	OG00260	0	1	0	4	transposed	other	4
g001308	crop1	0	OG00292	1	1	0	8	wgd	enzyme	2
g001309	crop1	0	OG00029	0	1	0	11	transposed	TF	1
g001310	crop1	0	OG00046	1	1	0	8	wgd	hormone	4
g001311	crop1	0	OG00277	0	1	0	10	proximal	kinase	1
g001312	crop1	0	OG00287	0	1	0	3	transposed	hormone	1
g001313	crop1	0	OG00055	1	1	0	4	wgd	kinase	3
g001314	crop1	0	OG00152	0	1	0	8	transposed	TF	4
g001315	crop1	0	OG00227	0	1	0	5	transposed	transporter	1
g001316	crop1	1	OG00195	1	1	0	3	wgd	enzyme	3
g001317	crop1	0	OG00147	0	1	0	2	transposed	kinase	3
g001318	crop1	0	OG00030	0	1	0	8	tandem	kinase	3
g001319	crop1	0	OG00365	0	1	0	2	tandem	defense	3
g001320	crop1	0	OG00053	0	1	0	7	transposed	enzyme	4
g001321	crop1	0	OG00084	0	1	0	7	tandem	transporter	4
g001322	crop1	0	OG00191	1	1	0	2	wgd	TF	2
g001323	crop1	0	OG00161	1	1	0	11	wgd	transporter	1
g001324	crop1	0	OG00224	1	1	0	8	wgd	enzyme	4
g001325	crop1	0	OG00272	0	1	0	5	proximal	kinase	1
g001326	crop1	0	OG00190	1	1	0	6	wgd	hormone	1
g001327	crop1	0	OG00147	0	1	0	5	tandem	other	2
g001328	crop1	0	OG00389	0	1	0	7	dispersed	transporter	1
g001329	crop1	0	OG00251	0	0	1	1	singleton	transporter	2
g001330	crop1	0	OG00263	0	1	0	7	dispersed	defense	2
g001331	crop1	0	OG00224	0	1	0	3	dispersed	enzyme	2
g001332	crop1	0	OG00396	1	1	0	11	wgd	enzyme	4
g001333	crop1	0	OG00045	0	1	0	11	dispersed	kinase	4
g001334	crop1	0	OG00172	0	1	0	3	transposed	other	2
g001335	crop1	0	OG00066	0	1	0	8	transposed	kinase	3
g001336	crop1	0	OG00359	0	1	0	4	transposed	TF	4
g001337	crop1	0	OG00276	1	1	0	8	wgd	TF	4
g001338	crop1	0	OG00367	1	1	0	8	wgd	kinase	3
g001339	crop1	0	OG00228	0	1	0	11	dispersed	other	2
g001340	crop1	0	OG00022	0	1	0	6	tandem	defense	1
g001341	crop1	0	OG00110	0	0	1	1	singleton	other	1
g001342	crop1	0	OG00318	0	1	0	2	tandem	enzyme	2
g001343	crop1	0	OG00108	0	1	0	10	transposed	defense	2
g001344	crop1	0	OG00124	0	1	0	10	transposed	hormone	4
g001345	crop1	0	OG00377	0	1	0	5	transposed	defense	3
g001346	crop1	0	OG00031	0	1	0	9	dispersed	enzyme	3
g001347	crop1	0	OG00142	1	1	0	5	wgd	hormone	1
g001348	crop1	0	OG00297	0	1	0	6	transposed	transporter	4
g001349	crop1	0	OG00287	0	1	0	6	dispersed	other	3
g001350	crop1	0	OG00377	0	1	0	5	dispersed	TF	2
g001351	crop1	0	OG00296	0	1	0	5	dispersed	other	2
g001352	crop1	1	OG00378	0	1	0	7	transposed	other	3
g001353	crop1	0	OG00277	0	1	0	11	dispersed	defense	1
g001354	crop1	0	OG00300	1	1	0	4	wgd	TF	3
g001355	crop1	0	OG00377	0	1	0	5	transposed	enzyme	4
g001356	crop1	0	OG00184	0	1	0	7	transposed	defense	2
g001357	crop1	0	OG00323	0	1	0	2	transposed	TF	1
g001358	crop1	0	OG00347	0	1	0	10	dispersed	hormone	1
g001359	crop1	0	OG00100	0	1	0	2	transposed	enzyme	2
g001360	crop1	0	OG00136	0	1	0	5	proximal	defense	2
g001361	crop1	0	OG00239	1	1	0	3	wgd	hormone	1
g001362	crop1	0	OG00115	0	1	0	4	transposed	enzyme	2
g001363	crop1	0	OG00151	0	1	0	11	transposed	other	4
g001364	crop1	0	OG00121	1	1	0	11	wgd	enzyme	4
g001365	crop1	0	OG00219	0	1	0	4	dispersed	TF	4
g001366	crop1	0	OG00202	0	1	0	11	transposed	transporter	2
g001367	crop1	0	OG00212	0	1	0	3	transposed	enzyme	2
g001368	crop1	0	OG00293	0	1	0	2	dispersed	other	2
g001369	crop1	0	OG00141	0	0	1	1	singleton	enzyme	2
g001370	crop1	0	OG00202	0	1	0	4	transposed	other	4
g001371	crop1	0	OG00202	0	1	0	8	proximal	enzyme	3
g001372	crop1	0	OG00192	0	1	0	8	dispersed	other	1
g001373	crop1	0	OG00277	0	1	0	3	proximal	defense	3
g001374	crop1	0	OG00249	1	1	0	10	wgd	hormone	3
g001375	crop1	0	OG00139	0	1	0	3	transposed	kinase	1
g001376	crop1	0	OG00354	1	1	0	4	wgd	kinase	1
g001377	crop1	0	OG00167	0	1	0	9	transposed	kinase	4
g001378	crop1	0	OG00224	0	1	0	6	dispersed	enzyme	2
g001379	crop1	0	OG00120	0	1	0	3	dispersed	transporter	2
g001380	crop1	0	OG00024	1	1	0	9	wgd	defense	4
g001381	crop1	0	OG00194	0	1	0	3	transposed	kinase	3
g001382	crop1	0	OG00119	0	1	0	11	transposed	other	3
g001383	crop1	1	OG00177	1	1	0	7	wgd	other	1
g001384	crop1	0	OG00081	0	1	0	4	dispersed	other	1
g001385	crop1	0	OG00036	0	1	0	4	tandem	enzyme	2
g001386	crop1	0	OG00135	0	1	0	7	dispersed	other	4
g001387	crop1	0	OG00108	1	1	0	8	wgd	TF	2
g001388	crop1	0	OG00050	0	1	0	11	transposed	other	4
g001389	crop1	0	OG00144	0	1	0	3	proximal	enzyme	3
g001390	crop1	0	OG00251	0	1	0	3	dispersed	transporter	3
g001391	crop1	0	OG00234	0	1	0	10	dispersed	other	2
g001392	crop1	0	OG00132	1	1	0	8	wgd	TF	3
g001393	crop1	0	OG00063	0	1	0	3	transposed	kinase	2
g001394	crop1	0	OG00226	0	1	0	6	transposed	other	1
g001395	crop1	0	OG00303	0	1	0	7	transposed	other	1
g001396	crop1	0	OG00283	1	1	0	2	wgd	defense	4
g001397	crop1	0	OG00360	0	1	0	8	transposed	other	4
g001398	crop1	0	OG00364	0	1	0	9	transposed	other	2
g001399	crop1	0	OG00039	0	1	0	2	dispersed	transporter	3
g001400	crop1	0	OG00039	0	1	0	9	tandem	other	3
g001401	crop1	0	OG00070	0	0	1	1	singleton	kinase	4
g001402	crop1	0	OG00182	0	1	0	2	tandem	enzyme	4
g001403	crop1	0	OG00376	0	1	0	8	tandem	defense	4
g001404	crop1	0	OG00160	0	0	1	1	singleton	transporter	4
g001405	crop1	0	OG00357	1	1	0	10	wgd	TF	4
g001406	crop1	0	OG00355	0	1	0	6	transposed	hormone	4
g001407	crop1	0	OG00284	0	1	0	8	dispersed	enzyme	2
g001408	crop1	0	OG00327	0	1	0	5	tandem	other	4
g001409	crop1	0	OG00364	0	1	0	7	dispersed	transporter	1
g001410	crop1	0	OG00118	0	1	0	8	dispersed	transporter	2
g001411	crop1	0	OG00126	0	1	0	7	dispersed	enzyme	1
g001412	crop1	0	OG00145	0	1	0	10	dispersed	enzyme	3
g001413	crop1	0	OG00062	0	1	0	10	dispersed	kinase	1
g001414	crop1	0	OG00288	1	1	0	2	wgd	TF	2
g001415	crop1	0	OG00361	0	1	0	2	dispersed	transporter	2
g001416	crop1	0	OG00180	0	0	1	1	singleton	TF	3
g001417	crop1	0	OG00360	0	1	0	10	dispersed	enzyme	2
g001418	crop1	0	OG00364	1	1	0	8	wgd	kinase	2
g001419	crop1	0	OG00351	1	1	0	6	wgd	TF	3
g001420	crop1	0	OG00100	0	1	0	3	dispersed	transporter	2
g001421	crop1	0	OG00200	0	1	0	8	transposed	kinase	1
g001422	crop1	0	OG00389	0	1	0	2	dispersed	hormone	2
g001423	crop1	0	OG00396	0	1	0	8	dispersed	enzyme	1
g001424	crop1	0	OG00149	1	1	0	11	wgd	other	4
g001425	crop1	0	OG00273	1	1	0	2	wgd	TF	3
g001426	crop1	0	OG00347	1	1	0	5	wgd	transporter	4
g001427	crop1	0	OG00137	0	1	0	2	tandem	defense	2
g001428	crop1	0	OG00041	0	0	1	1	singleton	transporter	2
g001429	crop1	0	OG00295	1	1	0	4	wgd	TF	1
g001430	crop1	0	OG00346	0	0	1	1	singleton	other	2
g001431	crop1	0	OG00120	0	1	0	3	tandem	enzyme	2
g001432	crop1	0	OG00279	0	1	0	4	transposed	other	2
g001433	crop1	0	OG00121	0	0	1	1	singleton	transporter	3
g001434	crop1	0	OG00112	1	1	0	2	wgd	enzyme	1
g001435	crop1	0	OG00226	0	1	0	3	transposed	transporter	1
g001436	crop1	0	OG00031	0	1	0	9	transposed	hormone	1
g001437	crop1	0	OG00170	0	1	0	7	transposed	defense	3
g001438	crop1	0	OG00256	0	0	1	1	singleton	TF	2
g001439	crop1	0	OG00054	0	1	0	9	dispersed	kinase	1
g001440	crop1	0	OG00057	1	1	0	11	wgd	TF	3
g001441	crop1	0	OG00335	0	1	0	6	tandem	other	2
g001442	crop1	1	OG00005	0	1	0	11	tandem	kinase	2
g001443	crop1	0	OG00374	1	1	0	9	wgd	TF	1
g001444	crop1	0	OG00350	0	1	0	6	tandem	enzyme	2
g001445	crop1	1	OG00376	1	1	0	3	wgd	TF	1
g001446	crop1	0	OG00217	0	0	1	1	singleton	defense	2
g001447	crop1	0	OG00024	0	1	0	10	tandem	defense	1
g001448	crop1	0	OG00385	1	1	0	9	wgd	kinase	2
g001449	crop1	0	OG00329	0	1	0	2	tandem	TF	1
g001450	crop1	0	OG00192	1	1	0	5	wgd	transporter	2
g001451	crop1	0	OG00352	1	1	0	6	wgd	hormone	3
g001452	crop1	0	OG00162	0	1	0	8	tandem	enzyme	2
g001453	crop1	0	OG00317	0	1	0	6	tandem	enzyme	3
g001454	crop1	0	OG00132	0	1	0	11	dispersed	other	2
g001455	crop1	1	OG00399	0	1	0	7	transposed	defense	2
g001456	crop1	0	OG00152	0	1	0	4	tandem	enzyme	4
g001457	crop1	0	OG00002	0	1	0	3	dispersed	enzyme	2
g001458	crop1	0	OG00143	0	1	0	7	transposed	other	1
g001459	crop1	0	OG00255	0	0	1	1	singleton	other	3
g001460	crop1	0	OG00194	0	1	0	8	dispersed	defense	4
g001461	crop1	0	OG00235	0	1	0	5	transposed	other	2
g001462	crop1	0	OG00278	0	1	0	4	dispersed	other	3
g001463	crop1	0	OG00362	0	1	0	9	transposed	transporter	4
g001464	crop1	0	OG00040	0	0	1	1	singleton	hormone	2
g001465	crop1	0	OG00122	0	1	0	9	dispersed	kinase	1
g001466	crop1	0	OG00235	0	1	0	11	transposed	enzyme	2
g001467	crop1	0	OG00176	0	1	0	7	dispersed	enzyme	2
g001468	crop1	0	OG00027	0	1	0	10	transposed	other	3
g001469	crop1	0	OG00285	0	1	0	11	dispersed	other	2
g001470	crop1	0	OG00298	0	1	0	5	tandem	enzyme	1
g001471	crop1	0	OG00349	0	1	0	8	tandem	enzyme	3
g001472	crop1	0	OG00130	1	1	0	6	wgd	defense	1
g001473	crop1	0	OG00393	1	1	0	7	wgd	enzyme	2
g001474	crop1	0	OG00266	1	1	0	11	wgd	TF	1
g001475	crop1	0	OG00208	0	1	0	3	dispersed	kinase	3
g001476	crop1	0	OG00220	0	1	0	6	dispersed	enzyme	4
g001477	crop1	0	OG00107	0	1	0	11	dispersed	enzyme	4
g001478	crop1	1	OG00282	1	1	0	6	wgd	enzyme	2
g001479	crop1	0	OG00013	0	1	0	2	transposed	other	3
g001480	crop1	0	OG00136	0	1	0	11	transposed	kinase	2
g001481	crop1	0	OG00011	1	1	0	8	wgd	TF	4
g001482	crop1	0	OG00235	1	1	0	9	wgd	TF	4
g001483	crop1	0	OG00272	0	1	0	11	transposed	enzyme	3
g001484	crop1	0	OG00022	0	1	0	9	dispersed	other	4
g001485	crop1	0	OG00337	0	1	0	2	transposed	hormone	2
g001486	crop1	0	OG00049	1	1	0	2	wgd	other	2
g001487	crop1	0	OG00175	1	1	0	7	wgd	other	3
g001488	crop1	0	OG00088	1	1	0	9	wgd	enzyme	4
g001489	crop1	0	OG00094	0	1	0	2	transposed	defense	4
g001490	crop1	0	OG00161	1	1	0	3	wgd	TF	4
g001491	crop1	0	OG00039	1	1	0	6	wgd	TF	4
g001492	crop1	0	OG00363	0	0	1	1	singleton	TF	3
g001493	crop1	0	OG00125	0	1	0	9	dispersed	kinase	2
g001494	crop1	0	OG00094	0	1	0	10	dispersed	hormone	1
g001495	crop1	0	OG00190	0	1	0	5	proximal	other	2
g001496	crop1	0	OG00260	0	1	0	10	proximal	transporter	4
g001497	crop1	0	OG00181	0	1	0	7	dispersed	enzyme	1
g001498	crop1	0	OG00335	0	1	0	2	tandem	TF	3
g001499	crop1	0	OG00360	0	1	0	6	transposed	enzyme	2
g001500	crop2	0	OG01006	0	0	1	1	singleton	other	3
g001501	crop2	0	OG01101	1	1	0	8	wgd	TF	4
g001502	crop2	0	OG01337	0	1	0	5	tandem	transporter	1
g001503	crop2	0	OG01174	1	1	0	10	wgd	kinase	2
g001504	crop2	0	OG01313	1	1	0	11	wgd	TF	4
g001505	crop2	0	OG01025	0	0	1	1	singleton	transporter	4
g001506	crop2	0	OG01203	1	1	0	9	wgd	TF	3
g001507	crop2	0	OG01131	0	1	0	6	dispersed	enzyme	1
g001508	crop2	0	OG01112	0	1	0	10	transposed	TF	4
g001509	crop2	0	OG01060	0	1	0	4	transposed	enzyme	1
g001510	crop2	0	OG01389	1	1	0	2	wgd	hormone	1
g001511	crop2	0	OG01149	0	1	0	3	transposed	hormone	2
g001512	crop2	0	OG01311	0	1	0	8	dispersed	other	1
g001513	crop2	0	OG01365	0	1	0	10	proximal	defense	1
g001514	crop2	0	OG01069	1	1	0	4	wgd	TF	2
g001515	crop2	0	OG01188	0	1	0	10	dispersed	enzyme	1
g001516	crop2	0	OG01318	1	1	0	4	wgd	TF	4
g001517	crop2	0	OG01223	1	1	0	9	wgd	other	3
g001518	crop2	0	OG01023	1	1	0	6	wgd	hormone	4
g001519	crop2	0	OG01332	0	1	0	4	dispersed	other	4
g001520	crop2	0	OG01150	0	1	0	8	dispersed	defense	4
g001521	crop2	0	OG01333	0	1	0	7	transposed	transporter	2
g001522	crop2	0	OG01232	0	1	0	2	dispersed	other	1
g001523	crop2	0	OG01361	0	1	0	9	dispersed	kinase	3
g001524	crop2	0	OG01071	0	1	0	9	dispersed	other	1
g001525	crop2	0	OG01113	0	1	0	8	transposed	other	3
g001526	crop2	0	OG01332	1	1	0	9	wgd	TF	4
g001527	crop2	0	OG01019	0	1	0	5	proximal	enzyme	1
g001528	crop2	0	OG01330	0	1	0	5	dispersed	other	3
g001529	crop2	0	OG01064	0	0	1	1	singleton	other	4
g001530	crop2	0	OG01305	0	1	0	4	dispersed	enzyme	3
g001531	crop2	0	OG01164	0	1	0	4	transposed	enzyme	2
g001532	crop2	0	OG01065	0	1	0	6	transposed	other	1
g001533	crop2	0	OG01159	0	1	0	3	dispersed	transporter	1
g001534	crop2	0	OG01200	1	1	0	9	wgd	hormone	3
g001535	crop2	0	OG01191	1	1	0	6	wgd	other	3
g001536	crop2	0	OG01229	0	0	1	1	singleton	hormone	4
g001537	crop2	0	OG01284	1	1	0	11	wgd	TF	3
g001538	crop2	0	OG01060	0	1	0	2	tandem	TF	3
g001539	crop2	0	OG01384	0	1	0	2	tandem	defense	4
g001540	crop2	0	OG01129	0	0	1	1	singleton	kinase	3
g001541	crop2	0	OG01265	1	1	0	7	wgd	hormone	4
g001542	crop2	0	OG01074	0	1	0	11	transposed	hormone	4
g001543	crop2	0	OG01374	0	1	0	7	transposed	hormone	1
g001544	crop2	0	OG01250	0	1	0	2	dispersed	enzyme	1
g001545	crop2	0	OG01198	0	1	0	2	transposed	defense	3
g001546	crop2	0	OG01398	1	1	0	8	wgd	defense	2
g001547	crop2	0	OG01272	1	1	0	6	wgd	hormone	4
g001548	crop2	0	OG01338	0	0	1	1	singleton	enzyme	4
g001549	crop2	0	OG01056	0	0	1	1	singleton	enzyme	3
g001550	crop2	0	OG01189	1	1	0	10	wgd	TF	2
g001551	crop2	0	OG01379	0	1	0	4	dispersed	defense	1
g001552	crop2	0	OG01270	0	1	0	8	dispersed	defense	3
g001553	crop2	0	OG01189	0	1	0	4	transposed	kinase	4
g001554	crop2	0	OG01040	0	1	0	10	proximal	enzyme	1
g001555	crop2	0	OG01000	1	1	0	6	wgd	kinase	1
g001556	crop2	0	OG01084	0	1	0	8	dispersed	other	2
g001557	crop2	0	OG01089	0	1	0	9	transposed	other	3
g001558	crop2	0	OG01038	1	1	0	5	wgd	hormone	4
g001559	crop2	0	OG01295	1	1	0	3	wgd	kinase	4
g001560	crop2	0	OG01067	0	1	0	2	transposed	enzyme	2
g001561	crop2	0	OG01189	1	1	0	2	wgd	TF	1
g001562	crop2	0	OG01398	0	0	1	1	singleton	enzyme	1
g001563	crop2	0	OG01035	0	1	0	11	dispersed	defense	2
g001564	crop2	0	OG01127	1	1	0	2	wgd	TF	2
g001565	crop2	0	OG01301	1	1	0	4	wgd	defense	3
g001566	crop2	0	OG01197	0	1	0	2	dispersed	TF	2
g001567	crop2	0	OG01390	1	1	0	3	wgd	transporter	1
g001568	crop2	0	OG01095	0	1	0	5	transposed	TF	1
g001569	crop2	0	OG01362	0	0	1	1	singleton	other	1
g001570	crop2	0	OG01199	0	1	0	7	proximal	defense	1
g001571	crop2	0	OG01092	0	1	0	2	dispersed	defense	2
g001572	crop2	0	OG01205	0	1	0	4	proximal	other	2
g001573	crop2	0	OG01380	1	1	0	10	wgd	other	1
g001574	crop2	0	OG01066	0	1	0	4	transposed	enzyme	3
g001575	crop2	0	OG01253	0	1	0	7	tandem	kinase	3
g001576	crop2	0	OG01147	0	1	0	8	tandem	other	1
g001577	crop2	0	OG01290	0	0	1	1	singleton	other	3
g001578	crop2	0	OG01139	0	1	0	2	transposed	other	3
g001579	crop2	0	OG01398	0	1	0	11	tandem	other	3
g001580	crop2	0	OG01297	1	1	0	11	wgd	hormone	1
g001581	crop2	0	OG01098	1	1	0	10	wgd	hormone	3
g001582	crop2	0	OG01146	1	1	0	8	wgd	other	3
g001583	crop2	0	OG01395	0	1	0	2	tandem	enzyme	2
g001584	crop2	0	OG01288	0	1	0	7	transposed	other	3
g001585	crop2	0	OG01107	0	1	0	5	dispersed	transporter	4
g001586	crop2	0	OG01298	1	1	0	3	wgd	other	2
g001587	crop2	0	OG01335	0	1	0	10	tandem	defense	4
g001588	crop2	0	OG01203	0	1	0	3	dispersed	transporter	4
g001589	crop2	0	OG01236	0	1	0	6	transposed	TF	2
g001590	crop2	0	OG01022	0	1	0	9	dispersed	TF	4
g001591	crop2	0	OG01265	1	1	0	8	wgd	defense	1
g001592	crop2	0	OG01137	0	0	1	1	singleton	defense	1
g001593	crop2	0	OG01329	1	1	0	9	wgd	hormone	1
g001594	crop2	0	OG01160	0	1	0	8	transposed	other	3
g001595	crop2	0	OG01215	0	1	0	7	dispersed	other	2
g001596	crop2	0	OG01321	0	1	0	4	transposed	hormone	3
g001597	crop2	0	OG01281	0	1	0	6	dispersed	hormone	1
g001598	crop2	0	OG01289	1	1	0	8	wgd	hormone	1
g001599	crop2	0	OG01009	0	1	0	4	transposed	transporter	3
g001600	crop2	0	OG01017	0	0	1	1	singleton	other	2
g001601	crop2	0	OG01377	1	1	0	3	wgd	TF	4
g001602	crop2	0	OG01136	1	1	0	4	wgd	TF	4
g001603	crop2	0	OG01252	0	0	1	1	singleton	TF	4
g001604	crop2	0	OG01251	0	1	0	6	dispersed	hormone	4
g001605	crop2	0	OG01273	0	1	0	5	transposed	kinase	3
g001606	crop2	0	OG01377	0	1	0	2	transposed	enzyme	3
g001607	crop2	0	OG01209	1	1	0	2	wgd	TF	1
g001608	crop2	0	OG01141	0	1	0	2	tandem	hormone	3
g001609	crop2	0	OG01154	1	1	0	7	wgd	enzyme	2
g001610	crop2	0	OG01280	0	1	0	10	transposed	transporter	3
g001611	crop2	0	OG01059	1	1	0	9	wgd	hormone	2
g001612	crop2	0	OG01371	0	1	0	5	tandem	defense	1
g001613	crop2	0	OG01380	0	1	0	9	proximal	defense	2
g001614	crop2	0	OG01056	0	1	0	6	tandem	enzyme	1
g001615	crop2	0	OG01183	0	1	0	6	dispersed	other	2
g001616	crop2	0	OG01047	1	1	0	8	wgd	TF	1
g001617	crop2	0	OG01395	1	1	0	4	wgd	other	4
g001618	crop2	0	OG01330	0	0	1	1	singleton	enzyme	4
g001619	crop2	0	OG01288	0	1	0	6	dispersed	defense	2
g001620	crop2	0	OG01032	0	1	0	4	tandem	other	2
g001621	crop2	0	OG01287	0	1	0	5	transposed	TF	1
g001622	crop2	0	OG01110	0	1	0	2	tandem	kinase	4
g001623	crop2	0	OG01376	0	1	0	6	tandem	defense	4
g001624	crop2	0	OG01163	0	1	0	5	dispersed	TF	2
g001625	crop2	0	OG01007	0	0	1	1	singleton	enzyme	3
g001626	crop2	0	OG01315	1	1	0	9	wgd	transporter	2
g001627	crop2	0	OG01284	0	1	0	3	tandem	TF	4
g001628	crop2	0	OG01256	0	0	1	1	singleton	kinase	3
g001629	crop2	0	OG01241	0	1	0	10	transposed	other	1
g001630	crop2	0	OG01376	0	1	0	11	transposed	other	4
g001631	crop2	0	OG01308	0	1	0	6	proximal	other	2
g001632	crop2	0	OG01228	0	1	0	5	tandem	transporter	3
g001633	crop2	0	OG01310	0	0	1	1	singleton	transporter	1
g001634	crop2	0	OG01304	0	1	0	10	tandem	enzyme	1
g001635	crop2	0	OG01276	0	1	0	11	tandem	enzyme	1
g001636	crop2	0	OG01302	0	1	0	7	transposed	hormone	1
g001637	crop2	0	OG01110	0	1	0	3	transposed	kinase	1
g001638	crop2	0	OG01002	0	1	0	6	tandem	enzyme	4
g001639	crop2	0	OG01304	1	1	0	11	wgd	enzyme	4
g001640	crop2	0	OG01261	0	1	0	6	dispersed	other	2
g001641	crop2	0	OG01027	1	1	0	7	wgd	transporter	3
g001642	crop2	0	OG01244	0	1	0	11	transposed	enzyme	2
g001643	crop2	0	OG01196	0	1	0	11	transposed	TF	4
g001644	crop2	0	OG01136	0	1	0	4	transposed	enzyme	1
g001645	crop2	0	OG01328	0	1	0	6	transposed	enzyme	1
g001646	crop2	0	OG01084	1	1	0	10	wgd	enzyme	2
g001647	crop2	0	OG01259	1	1	0	9	wgd	TF	3
g001648	crop2	0	OG01167	1	1	0	3	wgd	kinase	3
g001649	crop2	0	OG01120	1	1	0	8	wgd	TF	4
g001650	crop2	0	OG01382	0	1	0	5	transposed	TF	1
g001651	crop2	0	OG01385	0	1	0	7	dispersed	defense	1
g001652	crop2	0	OG01204	1	1	0	3	wgd	enzyme	1
g001653	crop2	0	OG01247	0	1	0	7	tandem	defense	4
g001654	crop2	0	OG01372	1	1	0	3	wgd	defense	3
g001655	crop2	0	OG01208	0	1	0	9	transposed	hormone	4
g001656	crop2	0	OG01121	0	1	0	5	transposed	transporter	3
g001657	crop2	0	OG01091	0	1	0	7	proximal	other	1
g001658	crop2	0	OG01228	0	1	0	8	transposed	enzyme	1
g001659	crop2	0	OG01114	1	1	0	2	wgd	hormone	2
g001660	crop2	0	OG01054	0	1	0	4	dispersed	enzyme	3
g001661	crop2	0	OG01215	0	1	0	8	dispersed	other	3
g001662	crop2	0	OG01237	0	1	0	4	tandem	transporter	4
g001663	crop2	0	OG01016	0	1	0	8	tandem	defense	4
g001664	crop2	0	OG01089	0	1	0	4	tandem	defense	1
g001665	crop2	0	OG01261	0	1	0	4	proximal	enzyme	2
g001666	crop2	0	OG01258	0	1	0	2	transposed	other	4
g001667	crop2	0	OG01064	0	1	0	4	dispersed	defense	3
g001668	crop2	0	OG01291	0	0	1	1	singleton	TF	1
g001669	crop2	0	OG01080	0	1	0	5	dispersed	transporter	2
g001670	crop2	0	OG01156	0	1	0	3	transposed	enzyme	2
g001671	crop2	0	OG01372	0	1	0	8	proximal	kinase	3
g001672	crop2	0	OG01166	0	1	0	10	transposed	transporter	1
g001673	crop2	0	OG01131	0	1	0	6	tandem	other	3
g001674	crop2	0	OG01272	0	1	0	4	transposed	defense	3
g001675	crop2	0	OG01056	0	1	0	7	transposed	other	1
g001676	crop2	0	OG01266	0	1	0	6	proximal	enzyme	4
g001677	crop2	0	OG01023	0	1	0	5	dispersed	transporter	3
g001678	crop2	0	OG01170	0	0	1	1	singleton	transporter	1
g001679	crop2	0	OG01180	0	1	0	2	transposed	enzyme	4
g001680	crop2	0	OG01350	1	1	0	3	wgd	TF	4
g001681	crop2	0	OG01276	0	1	0	4	tandem	defense	4
g001682	crop2	0	OG01283	0	1	0	2	dispersed	defense	3
g001683	crop2	0	OG01367	1	1	0	11	wgd	TF	1
g001684	crop2	0	OG01251	1	1	0	3	wgd	hormone	3
g001685	crop2	0	OG01215	0	0	1	1	singleton	enzyme	4
g001686	crop2	0	OG01143	1	1	0	2	wgd	enzyme	2
g001687	crop2	0	OG01142	0	1	0	2	dispersed	enzyme	4
g001688	crop2	0	OG01277	0	1	0	3	tandem	other	1
g001689	crop2	0	OG01123	1	1	0	9	wgd	other	3
g001690	crop2	0	OG01121	1	1	0	8	wgd	kinase	4
g001691	crop2	0	OG01169	0	1	0	8	dispersed	hormone	4
g001692	crop2	0	OG01273	1	1	0	10	wgd	transporter	2
g001693	crop2	0	OG01238	0	1	0	7	dispersed	enzyme	2
g001694	crop2	0	OG01299	1	1	0	8	wgd	enzyme	2
g001695	crop2	0	OG01303	0	1	0	11	proximal	enzyme	3
g001696	crop2	0	OG01145	1	1	0	10	wgd	TF	1
g001697	crop2	0	OG01055	1	1	0	11	wgd	hormone	2
g001698	crop2	0	OG01191	0	1	0	11	transposed	kinase	4
g001699	crop2	0	OG01060	1	1	0	8	wgd	kinase	1
g001700	crop2	0	OG01190	0	1	0	2	transposed	defense	2
g001701	crop2	0	OG01184	0	1	0	2	dispersed	hormone	3
g001702	crop2	0	OG01109	0	1	0	8	transposed	other	3
g001703	crop2	0	OG01190	1	1	0	9	wgd	TF	1
g001704	crop2	0	OG01170	0	1	0	2	transposed	enzyme	1
g001705	crop2	0	OG01011	0	0	1	1	singleton	transporter	3
g001706	crop2	0	OG01384	0	1	0	7	dispersed	other	2
g001707	crop2	0	OG01371	0	1	0	10	dispersed	defense	2
g001708	crop2	0	OG01340	0	1	0	3	transposed	defense	2
g001709	crop2	0	OG01047	0	1	0	10	transposed	other	4
g001710	crop2	0	OG01004	1	1	0	2	wgd	hormone	2
g001711	crop2	0	OG01179	1	1	0	5	wgd	kinase	1
g001712	crop2	0	OG01075	0	1	0	9	tandem	enzyme	1
g001713	crop2	0	OG01172	0	0	1	1	singleton	other	4
g001714	crop2	0	OG01158	0	1	0	9	tandem	other	3
g001715	crop2	0	OG01064	0	0	1	1	singleton	transporter	4
g001716	crop2	0	OG01387	0	0	1	1	singleton	TF	4
g001717	crop2	0	OG01019	1	1	0	9	wgd	TF	1
g001718	crop2	0	OG01119	0	1	0	4	dispersed	enzyme	1
g001719	crop2	0	OG01228	0	1	0	10	transposed	enzyme	4
g001720	crop2	0	OG01368	1	1	0	7	wgd	TF	4
g001721	crop2	0	OG01297	0	1	0	4	transposed	other	1
g001722	crop2	0	OG01339	0	1	0	5	proximal	defense	3
g001723	crop2	0	OG01269	0	1	0	3	transposed	other	3
g001724	crop2	0	OG01121	1	1	0	11	wgd	kinase	2
g001725	crop2	0	OG01065	1	1	0	7	wgd	other	1
g001726	crop2	0	OG01329	0	1	0	3	tandem	kinase	4
g001727	crop2	0	OG01312	1	1	0	11	wgd	enzyme	1
g001728	crop2	0	OG01261	1	1	0	7	wgd	TF	4
g001729	crop2	0	OG01130	0	1	0	6	tandem	TF	2
g001730	crop2	0	OG01183	1	1	0	8	wgd	kinase	2
g001731	crop2	0	OG01334	0	0	1	1	singleton	TF	2
g001732	crop2	0	OG01350	0	1	0	11	transposed	hormone	4
g001733	crop2	0	OG01128	0	1	0	2	transposed	other	1
g001734	crop2	0	OG01080	0	1	0	2	transposed	kinase	3
g001735	crop2	0	OG01381	0	1	0	7	transposed	enzyme	2
g001736	crop2	0	OG01107	0	1	0	7	transposed	other	1
g001737	crop2	0	OG01388	0	0	1	1	singleton	hormone	1
g001738	crop2	0	OG01150	0	0	1	1	singleton	other	3
g001739	crop2	0	OG01393	1	1	0	2	wgd	TF	2
g001740	crop2	0	OG01194	1	1	0	8	wgd	enzyme	2
g001741	crop2	0	OG01077	0	1	0	9	transposed	other	3
g001742	crop2	0	OG01145	0	1	0	9	dispersed	TF	4
g001743	crop2	0	OG01364	0	1	0	6	dispersed	TF	1
g001744	crop2	0	OG01007	0	0	1	1	singleton	enzyme	3
g001745	crop2	0	OG01075	0	1	0	7	proximal	enzyme	3
g001746	crop2	0	OG01343	1	1	0	4	wgd	hormone	3
g001747	crop2	0	OG01246	1	1	0	9	wgd	TF	3
g001748	crop2	0	OG01202	0	1	0	3	tandem	other	2
g001749	crop2	0	OG01141	0	1	0	8	dispersed	defense	1
g001750	crop2	0	OG01050	0	1	0	8	dispersed	TF	1
g001751	crop2	0	OG01042	0	1	0	7	tandem	transporter	2
g001752	crop2	0	OG01049	1	1	0	6	wgd	other	3
g001753	crop2	0	OG01303	0	1	0	10	tandem	transporter	4
g001754	crop2	0	OG01318	0	1	0	3	transposed	other	2
g001755	crop2	0	OG01297	0	1	0	9	proximal	defense	2
g001756	crop2	0	OG01076	0	1	0	8	tandem	hormone	4
g001757	crop2	0	OG01165	0	1	0	6	tandem	enzyme	4
g001758	crop2	0	OG01218	0	0	1	1	singleton	kinase	2
g001759	crop2	0	OG01367	0	1	0	2	transposed	kinase	3
g001760	crop2	0	OG01266	1	1	0	9	wgd	other	4
g001761	crop2	0	OG01367	0	1	0	4	proximal	transporter	2
g001762	crop2	0	OG01056	1	1	0	9	wgd	kinase	2
g001763	crop2	0	OG01346	0	1	0	5	proximal	defense	3
g001764	crop2	0	OG01046	1	1	0	5	wgd	defense	1
g001765	crop2	0	OG01064	0	1	0	7	dispersed	enzyme	1
g001766	crop2	0	OG01378	0	1	0	11	dispersed	kinase	1
g001767	crop2	0	OG01142	0	1	0	2	tandem	enzyme	2
g001768	crop2	0	OG01182	0	0	1	1	singleton	defense	1
g001769	crop2	0	OG01256	0	0	1	1	singleton	defense	2
g001770	crop2	0	OG01150	0	1	0	11	transposed	transporter	3
g001771	crop2	0	OG01268	0	1	0	5	dispersed	other	2
g001772	crop2	0	OG01012	0	1	0	4	dispersed	enzyme	2
g001773	crop2	0	OG01260	0	1	0	11	transposed	TF	3
g001774	crop2	0	OG01316	0	0	1	1	singleton	hormone	4
g001775	crop2	0	OG01132	0	1	0	2	tandem	defense	4
g001776	crop2	0	OG01211	0	0	1	1	singleton	kinase	3
g001777	crop2	0	OG01393	0	1	0	5	transposed	hormone	1
g001778	crop2	0	OG01363	0	1	0	11	tandem	defense	1
g001779	crop2	0	OG01290	0	1	0	9	transposed	enzyme	2
g001780	crop2	0	OG01289	1	1	0	7	wgd	other	3
g001781	crop2	0	OG01367	1	1	0	2	wgd	TF	1
g001782	crop2	0	OG01209	0	1	0	10	transposed	enzyme	2
g001783	crop2	0	OG01314	1	1	0	5	wgd	other	1
g001784	crop2	0	OG01087	0	1	0	5	transposed	defense	1
g001785	crop2	0	OG01146	1	1	0	8	wgd	kinase	4
g001786	crop2	0	OG01191	1	1	0	8	wgd	kinase	3
g001787	crop2	0	OG01044	0	1	0	3	transposed	other	3
g001788	crop2	0	OG01314	1	1	0	11	wgd	TF	1
g001789	crop2	0	OG01127	0	1	0	9	tandem	defense	1
g001790	crop2	0	OG01029	0	1	0	2	dispersed	kinase	4
g001791	crop2	0	OG01041	0	1	0	9	transposed	kinase	1
g001792	crop2	0	OG01334	0	1	0	9	proximal	transporter	2
g001793	crop2	0	OG01338	1	1	0	10	wgd	TF	3
g001794	crop2	0	OG01210	0	1	0	8	dispersed	enzyme	3
g001795	crop2	0	OG01240	0	1	0	6	tandem	defense	2
g001796	crop2	0	OG01234	0	1	0	10	transposed	transporter	1
g001797	crop2	0	OG01235	0	1	0	5	proximal	enzyme	4
g001798	crop2	0	OG01313	1	1	0	10	wgd	kinase	3
g001799	crop2	0	OG01108	0	1	0	10	tandem	TF	1
g001800	crop2	0	OG01105	0	1	0	8	dispersed	kinase	1
g001801	crop2	0	OG01018	0	1	0	6	tandem	defense	2
g001802	crop2	0	OG01078	0	1	0	9	dispersed	TF	2
g001803	crop2	0	OG01160	0	1	0	2	transposed	defense	4
g001804	crop2	0	OG01104	1	1	0	11	wgd	enzyme	2
g001805	crop2	0	OG01126	0	1	0	5	dispersed	enzyme	2
g001806	crop2	0	OG01354	0	1	0	10	transposed	enzyme	3
g001807	crop2	0	OG01164	0	1	0	2	dispersed	enzyme	1
g001808	crop2	0	OG01239	0	1	0	3	proximal	defense	3
g001809	crop2	0	OG01360	0	1	0	4	transposed	hormone	4
g001810	crop2	0	OG01350	0	1	0	2	dispersed	TF	2
g001811	crop2	0	OG01311	0	1	0	9	tandem	enzyme	3
g001812	crop2	0	OG01203	0	1	0	10	transposed	kinase	1
g001813	crop2	0	OG01346	1	1	0	8	wgd	TF	2
g001814	crop2	0	OG01210	0	1	0	8	transposed	transporter	1
g001815	crop2	0	OG01178	0	1	0	11	tandem	enzyme	2
g001816	crop2	0	OG01163	0	1	0	5	tandem	defense	4
g001817	crop2	0	OG01169	1	1	0	6	wgd	other	4
g001818	crop2	0	OG01388	0	1	0	4	dispersed	hormone	4
g001819	crop2	0	OG01331	0	1	0	8	tandem	enzyme	3
g001820	crop2	0	OG01244	1	1	0	11	wgd	hormone	2
g001821	crop2	0	OG01148	1	1	0	3	wgd	TF	3
g001822	crop2	0	OG01039	0	1	0	8	proximal	transporter	4
g001823	crop2	0	OG01389	0	1	0	8	proximal	other	1
g001824	crop2	0	OG01313	1	1	0	9	wgd	hormone	4
g001825	crop2	0	OG01309	0	1	0	4	proximal	defense	4
g001826	crop2	0	OG01184	0	1	0	9	dispersed	enzyme	2
g001827	crop2	0	OG01239	0	0	1	1	singleton	other	2
g001828	crop2	0	OG01060	1	1	0	5	wgd	TF	1
g001829	crop2	0	OG01017	1	1	0	10	wgd	enzyme	2
g001830	crop2	0	OG01279	0	1	0	11	proximal	other	1
g001831	crop2	0	OG01277	0	1	0	3	dispersed	hormone	3
g001832	crop2	0	OG01173	0	1	0	6	transposed	kinase	3
g001833	crop2	0	OG01188	0	1	0	8	transposed	defense	1
g001834	crop2	0	OG01377	0	1	0	10	tandem	defense	1
g001835	crop2	0	OG01162	0	0	1	1	singleton	TF	4
g001836	crop2	0	OG01377	0	1	0	8	tandem	hormone	1
g001837	crop2	0	OG01311	0	0	1	1	singleton	hormone	1
g001838	crop2	0	OG01227	0	0	1	1	singleton	other	4
g001839	crop2	0	OG01170	0	1	0	4	proximal	defense	4
g001840	crop2	0	OG01251	0	1	0	11	tandem	enzyme	4
g001841	crop2	0	OG01028	0	1	0	2	dispersed	other	3
g001842	crop2	0	OG01238	0	1	0	8	transposed	enzyme	3
g001843	crop2	0	OG01076	0	1	0	8	tandem	enzyme	4
g001844	crop2	0	OG01359	0	1	0	10	tandem	defense	1
g001845	crop2	0	OG01122	0	1	0	10	dispersed	defense	1
g001846	crop2	0	OG01065	0	1	0	4	transposed	enzyme	3
g001847	crop2	0	OG01048	0	1	0	2	tandem	enzyme	3
g001848	crop2	0	OG01019	0	0	1	1	singleton	enzyme	3
g001849	crop2	0	OG01233	0	1	0	11	tandem	hormone	1
g001850	crop2	0	OG01238	0	1	0	3	tandem	hormone	3
g001851	crop2	0	OG01179	0	1	0	10	tandem	kinase	2
g001852	crop2	0	OG01117	0	1	0	6	tandem	other	3
g001853	crop2	0	OG01155	1	1	0	7	wgd	defense	4
g001854	crop2	0	OG01394	1	1	0	4	wgd	kinase	4
g001855	crop2	0	OG01396	0	1	0	10	dispersed	defense	1
g001856	crop2	0	OG01058	0	1	0	9	transposed	transporter	1
g001857	crop2	0	OG01121	0	0	1	1	singleton	hormone	2
g001858	crop2	0	OG01199	0	1	0	7	transposed	other	3
g001859	crop2	0	OG01279	0	1	0	10	transposed	enzyme	2
g001860	crop2	0	OG01333	0	1	0	11	dispersed	enzyme	1
g001861	crop2	0	OG01317	0	1	0	3	tandem	kinase	4
g001862	crop2	0	OG01133	0	1	0	6	proximal	enzyme	2
g001863	crop2	1	OG01226	1	1	0	3	wgd	TF	2
g001864	crop2	0	OG01282	0	1	0	9	tandem	hormone	3
g001865	crop2	0	OG01028	0	1	0	5	tandem	defense	3
g001866	crop2	0	OG01128	1	1	0	10	wgd	hormone	1
g001867	crop2	0	OG01028	0	1	0	11	transposed	other	1
g001868	crop2	0	OG01144	0	1	0	10	tandem	defense	1
g001869	crop2	0	OG01363	1	1	0	3	wgd	transporter	4
g001870	crop2	0	OG01059	1	1	0	7	wgd	transporter	1
g001871	crop2	0	OG01160	0	1	0	9	proximal	TF	2
g001872	crop2	0	OG01348	1	1	0	10	wgd	hormone	1
g001873	crop2	0	OG01107	0	1	0	7	dispersed	other	4
g001874	crop2	0	OG01378	1	1	0	7	wgd	TF	2
g001875	crop2	0	OG01050	0	1	0	11	dispersed	kinase	1
g001876	crop2	0	OG01189	0	1	0	4	dispersed	transporter	2
g001877	crop2	0	OG01167	0	1	0	3	transposed	transporter	4
g001878	crop2	0	OG01230	0	1	0	4	dispersed	other	3
g001879	crop2	0	OG01265	0	1	0	9	dispersed	kinase	2
g001880	crop2	0	OG01185	0	1	0	6	tandem	defense	1
g001881	crop2	0	OG01203	1	1	0	6	wgd	enzyme	2
g001882	crop2	0	OG01326	1	1	0	3	wgd	TF	2
g001883	crop2	0	OG01263	0	1	0	3	tandem	kinase	1
g001884	crop2	0	OG01088	1	1	0	3	wgd	enzyme	4
g001885	crop2	0	OG01210	1	1	0	8	wgd	transporter	1
g001886	crop2	0	OG01177	0	1	0	4	transposed	other	4
g001887	crop2	0	OG01012	0	1	0	6	proximal	enzyme	1
g001888	crop2	0	OG01238	0	1	0	3	transposed	defense	1
g001889	crop2	0	OG01135	1	1	0	10	wgd	TF	2
g001890	crop2	0	OG01327	1	1	0	4	wgd	other	3
g001891	crop2	0	OG01234	1	1	0	3	wgd	hormone	2
g001892	crop2	0	OG01312	0	1	0	11	transposed	defense	3
g001893	crop2	0	OG01106	0	1	0	7	proximal	other	1
g001894	crop2	0	OG01057	0	1	0	5	tandem	other	4
g001895	crop2	0	OG01165	0	1	0	6	transposed	defense	4
g001896	crop2	0	OG01381	0	1	0	8	dispersed	defense	1
g001897	crop2	0	OG01074	0	1	0	3	proximal	defense	3
g001898	crop2	0	OG01101	0	1	0	11	dispersed	other	1
g001899	crop2	0	OG01124	0	1	0	11	transposed	transporter	4
g001900	crop2	0	OG01345	0	1	0	8	tandem	enzyme	1
g001901	crop2	0	OG01061	0	1	0	7	dispersed	other	2
g001902	crop2	0	OG01397	1	1	0	5	wgd	transporter	2
g001903	crop2	0	OG01062	0	0	1	1	singleton	defense	3
g001904	crop2	0	OG01115	0	1	0	9	tandem	defense	2
g001905	crop2	0	OG01334	1	1	0	2	wgd	TF	1
g001906	crop2	0	OG01320	0	1	0	6	transposed	TF	1
g001907	crop2	0	OG01310	0	1	0	11	dispersed	TF	1
g001908	crop2	0	OG01260	0	1	0	9	dispersed	other	3
g001909	crop2	0	OG01312	0	1	0	3	transposed	transporter	1
g001910	crop2	0	OG01019	1	1	0	3	wgd	TF	1
g001911	crop2	0	OG01344	1	1	0	5	wgd	hormone	3
g001912	crop2	0	OG01256	0	0	1	1	singleton	transporter	4
g001913	crop2	0	OG01064	0	1	0	5	transposed	enzyme	4
g001914	crop2	0	OG01307	1	1	0	9	wgd	TF	3
g001915	crop2	0	OG01366	1	1	0	11	wgd	TF	3
g001916	crop2	0	OG01396	0	1	0	11	dispersed	transporter	3
g001917	crop2	0	OG01145	0	0	1	1	singleton	hormone	3
g001918	crop2	0	OG01019	0	0	1	1	singleton	enzyme	3
g001919	crop2	0	OG01132	0	1	0	11	tandem	other	1
g001920	crop2	0	OG01283	0	0	1	1	singleton	transporter	1
g001921	crop2	0	OG01113	0	1	0	11	transposed	defense	4
g001922	crop2	0	OG01318	0	0	1	1	singleton	defense	3
g001923	crop2	0	OG01051	1	1	0	8	wgd	hormone	1
g001924	crop2	0	OG01077	0	1	0	6	tandem	enzyme	2
g001925	crop2	0	OG01240	0	1	0	4	tandem	other	1
g001926	crop2	0	OG01129	1	1	0	11	wgd	hormone	2
g001927	crop2	0	OG01352	0	1	0	5	transposed	defense	2
g001928	crop2	0	OG01174	0	1	0	9	tandem	defense	4
g001929	crop2	0	OG01271	1	1	0	11	wgd	hormone	3
g001930	crop2	0	OG01123	1	1	0	4	wgd	other	1
g001931	crop2	0	OG01090	0	1	0	9	dispersed	other	2
g001932	crop2	0	OG01156	0	1	0	10	tandem	enzyme	1
g001933	crop2	0	OG01281	0	0	1	1	singleton	other	4
g001934	crop2	0	OG01114	0	1	0	4	dispersed	TF	1
g001935	crop2	0	OG01076	0	1	0	4	dispersed	other	4
g001936	crop2	0	OG01136	1	1	0	4	wgd	TF	1
g001937	crop2	0	OG01028	0	1	0	3	dispersed	other	1
g001938	crop2	0	OG01266	0	1	0	4	tandem	defense	2
g001939	crop2	0	OG01227	1	1	0	2	wgd	other	2
g001940	crop2	0	OG01396	0	1	0	6	transposed	other	4
g001941	crop2	0	OG01188	1	1	0	4	wgd	TF	1
g001942	crop2	0	OG01360	0	1	0	2	transposed	kinase	1
g001943	crop2	0	OG01157	1	1	0	3	wgd	hormone	1
g001944	crop2	0	OG01301	0	1	0	4	dispersed	kinase	3
g001945	crop2	0	OG01302	0	1	0	7	transposed	transporter	1
g001946	crop2	0	OG01166	1	1	0	3	wgd	hormone	1
g001947	crop2	0	OG01189	0	1	0	10	transposed	transporter	1
g001948	crop2	0	OG01182	0	1	0	9	dispersed	hormone	1
g001949	crop2	0	OG01293	1	1	0	7	wgd	kinase	3
g001950	crop2	0	OG01363	0	1	0	9	dispersed	defense	3
g001951	crop2	0	OG01389	1	1	0	3	wgd	TF	1
g001952	crop2	0	OG01075	0	1	0	8	transposed	enzyme	2
g001953	crop2	0	OG01012	0	1	0	11	transposed	enzyme	3
g001954	crop2	0	OG01057	1	1	0	7	wgd	kinase	2
g001955	crop2	0	OG01382	1	1	0	5	wgd	transporter	4
g001956	crop2	0	OG01220	1	1	0	8	wgd	TF	1
g001957	crop2	0	OG01149	0	1	0	3	transposed	other	1
g001958	crop2	0	OG01109	0	1	0	4	proximal	defense	2
g001959	crop2	0	OG01040	1	1	0	11	wgd	TF	2
g001960	crop2	0	OG01103	0	0	1	1	singleton	transporter	3
g001961	crop2	0	OG01244	0	1	0	4	tandem	other	3
g001962	crop2	0	OG01336	0	1	0	2	proximal	kinase	3
g001963	crop2	0	OG01113	0	1	0	5	transposed	transporter	1
g001964	crop2	0	OG01153	0	1	0	9	tandem	TF	1
g001965	crop2	0	OG01274	0	1	0	3	tandem	other	3
g001966	crop2	0	OG01045	0	1	0	2	tandem	other	3
g001967	crop2	0	OG01032	0	1	0	11	tandem	enzyme	4
g001968	crop2	0	OG01007	0	1	0	4	transposed	enzyme	4
g001969	crop2	0	OG01304	0	1	0	7	dispersed	kinase	2
g001970	crop2	0	OG01034	0	1	0	7	dispersed	TF	1
g001971	crop2	0	OG01262	0	1	0	7	dispersed	enzyme	4
g001972	crop2	0	OG01382	0	1	0	9	transposed	enzyme	2
g001973	crop2	0	OG01294	1	1	0	2	wgd	other	2
g001974	crop2	0	OG01252	0	1	0	7	transposed	kinase	4
g001975	crop2	0	OG01199	0	1	0	9	proximal	enzyme	3
g001976	crop2	0	OG01358	0	1	0	6	dispersed	TF	1
g001977	crop2	0	OG01104	0	1	0	9	transposed	TF	3
g001978	crop2	0	OG01011	0	0	1	1	singleton	TF	2
g001979	crop2	0	OG01167	1	1	0	5	wgd	other	1
g001980	crop2	0	OG01347	0	1	0	10	dispersed	other	4
g001981	crop2	0	OG01029	1	1	0	8	wgd	other	4
g001982	crop2	0	OG01124	0	0	1	1	singleton	hormone	3
g001983	crop2	0	OG01104	0	1	0	8	tandem	other	4
g001984	crop2	0	OG01228	0	1	0	4	dispersed	defense	4
g001985	crop2	0	OG01270	1	1	0	9	wgd	TF	3
g001986	crop2	0	OG01031	0	1	0	7	transposed	kinase	4
g001987	crop2	0	OG01324	1	1	0	10	wgd	other	2
g001988	crop2	0	OG01046	0	1	0	6	tandem	transporter	3
g001989	crop2	0	OG01062	1	1	0	2	wgd	TF	1
g001990	crop2	0	OG01394	1	1	0	7	wgd	transporter	3
g001991	crop2	0	OG01091	0	0	1	1	singleton	transporter	4
g001992	crop2	0	OG01279	1	1	0	7	wgd	other	4
g001993	crop2	0	OG01111	1	1	0	3	wgd	TF	3
g001994	crop2	0	OG01304	0	1	0	4	dispersed	hormone	4
g001995	crop2	0	OG01190	0	1	0	5	transposed	transporter	4
g001996	crop2	0	OG01397	0	1	0	2	transposed	enzyme	2
g001997	crop2	0	OG01148	1	1	0	4	wgd	kinase	2
g001998	crop2	0	OG01064	0	1	0	4	dispersed	other	1
g001999	crop2	0	OG01335	0	1	0	9	proximal	enzyme	4
g002000	crop2	0	OG01021	0	1	0	7	transposed	other	2
g002001	crop2	0	OG01195	0	1	0	5	transposed	hormone	2
g002002	crop2	0	OG01090	0	1	0	3	transposed	defense	2
g002003	crop2	0	OG01086	0	1	0	6	tandem	enzyme	2
g002004	crop2	0	OG01267	1	1	0	4	wgd	kinase	1
g002005	crop2	0	OG01322	1	1	0	8	wgd	TF	1
g002006	crop2	0	OG01049	0	1	0	4	transposed	hormone	3
g002007	crop2	0	OG01155	1	1	0	3	wgd	transporter	2
g002008	crop2	0	OG01086	0	1	0	4	transposed	TF	2
g002009	crop2	0	OG01345	0	1	0	11	proximal	defense	1
g002010	crop2	0	OG01017	0	1	0	8	transposed	transporter	2
g002011	crop2	1	OG01015	1	1	0	9	wgd	other	4
g002012	crop2	0	OG01163	0	1	0	3	dispersed	kinase	1
g002013	crop2	0	OG01364	0	1	0	6	tandem	defense	2
g002014	crop2	0	OG01384	0	1	0	7	transposed	enzyme	4
g002015	crop2	0	OG01305	0	1	0	10	transposed	TF	2
g002016	crop2	0	OG01006	0	1	0	4	transposed	kinase	4
g002017	crop2	0	OG01257	0	1	0	7	transposed	enzyme	2
g002018	crop2	0	OG01041	0	1	0	9	dispersed	enzyme	1
g002019	crop2	0	OG01302	0	1	0	6	proximal	enzyme	3
g002020	crop2	0	OG01116	1	1	0	11	wgd	TF	2
g002021	crop2	0	OG01190	0	1	0	3	transposed	enzyme	2
g002022	crop2	0	OG01137	0	1	0	11	tandem	other	3
g002023	crop2	0	OG01378	0	1	0	9	transposed	defense	1
g002024	crop2	0	OG01246	0	1	0	9	tandem	enzyme	3
g002025	crop2	0	OG01299	0	1	0	8	dispersed	hormone	2
g002026	crop2	0	OG01329	1	1	0	8	wgd	other	4
g002027	crop2	0	OG01151	0	1	0	5	transposed	transporter	4
g002028	crop2	0	OG01340	0	1	0	10	dispersed	hormone	4
g002029	crop2	0	OG01109	1	1	0	4	wgd	other	2
g002030	crop2	0	OG01058	1	1	0	4	wgd	defense	4
g002031	crop2	0	OG01098	0	1	0	8	proximal	defense	1
g002032	crop2	0	OG01116	0	1	0	9	tandem	kinase	4
g002033	crop2	0	OG01129	1	1	0	9	wgd	TF	1
g002034	crop2	0	OG01167	0	1	0	6	dispersed	defense	1
g002035	crop2	0	OG01168	0	1	0	6	transposed	transporter	2
g002036	crop2	0	OG01058	0	1	0	10	dispersed	other	1
g002037	crop2	0	OG01220	0	1	0	8	transposed	kinase	3
g002038	crop2	0	OG01273	1	1	0	8	wgd	hormone	3
g002039	crop2	0	OG01018	1	1	0	9	wgd	kinase	3
g002040	crop2	0	OG01374	1	1	0	3	wgd	kinase	3
g002041	crop2	0	OG01051	0	1	0	6	tandem	defense	4
g002042	crop2	0	OG01119	0	1	0	4	dispersed	enzyme	2
g002043	crop2	0	OG01293	0	1	0	8	transposed	kinase	2
g002044	crop2	0	OG01182	1	1	0	5	wgd	transporter	2
g002045	crop2	0	OG01223	1	1	0	10	wgd	other	1
g002046	crop2	0	OG01032	1	1	0	7	wgd	transporter	1
g002047	crop2	1	OG01164	0	0	1	1	singleton	transporter	2
g002048	crop2	0	OG01169	0	1	0	4	dispersed	transporter	4
g002049	crop2	0	OG01094	0	1	0	2	tandem	other	4
g002050	crop2	0	OG01261	1	1	0	10	wgd	TF	4
g002051	crop2	0	OG01188	1	1	0	6	wgd	other	1
g002052	crop2	0	OG01132	0	1	0	9	transposed	other	3
g002053	crop2	0	OG01135	1	1	0	9	wgd	hormone	4
g002054	crop2	0	OG01061	1	1	0	11	wgd	TF	3
g002055	crop2	0	OG01101	0	1	0	4	proximal	enzyme	4
g002056	crop2	0	OG01244	0	0	1	1	singleton	TF	1
g002057	crop2	0	OG01399	0	1	0	9	transposed	enzyme	2
g002058	crop2	0	OG01169	0	0	1	1	singleton	TF	1
g002059	crop2	0	OG01187	0	1	0	9	transposed	defense	1
g002060	crop2	0	OG01398	0	1	0	10	tandem	defense	4
g002061	crop2	0	OG01275	0	1	0	4	tandem	kinase	3
g002062	crop2	0	OG01113	1	1	0	4	wgd	enzyme	3
g002063	crop2	0	OG01170	0	1	0	10	tandem	enzyme	2
g002064	crop2	0	OG01058	0	1	0	9	transposed	other	2
g002065	crop2	0	OG01370	1	1	0	2	wgd	TF	4
g002066	crop2	0	OG01122	0	1	0	6	tandem	kinase	4
g002067	crop2	0	OG01209	1	1	0	8	wgd	hormone	4
g002068	crop2	0	OG01198	0	1	0	11	transposed	enzyme	1
g002069	crop2	0	OG01262	1	1	0	11	wgd	transporter	4
g002070	crop2	0	OG01035	1	1	0	10	wgd	kinase	3
g002071	crop2	0	OG01180	0	1	0	3	tandem	transporter	4
g002072	crop2	0	OG01091	0	1	0	4	proximal	transporter	2
g002073	crop2	0	OG01172	0	1	0	4	dispersed	kinase	1
g002074	crop2	0	OG01229	0	1	0	11	dispersed	other	4
g002075	crop2	0	OG01349	1	1	0	11	wgd	defense	3
g002076	crop2	0	OG01147	0	1	0	2	transposed	kinase	3
g002077	crop2	0	OG01380	0	1	0	10	transposed	kinase	3
g002078	crop2	0	OG01303	1	1	0	2	wgd	TF	4
g002079	crop2	0	OG01230	0	1	0	11	transposed	TF	2
g002080	crop2	0	OG01345	0	1	0	11	tandem	other	1
g002081	crop2	0	OG01273	1	1	0	4	wgd	TF	2
g002082	crop2	0	OG01398	1	1	0	10	wgd	TF	2
g002083	crop2	0	OG01397	1	1	0	9	wgd	TF	1
g002084	crop2	1	OG01319	1	1	0	10	wgd	TF	2
g002085	crop2	0	OG01362	0	0	1	1	singleton	hormone	3
g002086	crop2	0	OG01254	1	1	0	4	wgd	TF	1
g002087	crop2	0	OG01380	0	1	0	8	dispersed	kinase	2
g002088	crop2	0	OG01155	0	1	0	6	tandem	enzyme	3
g002089	crop2	0	OG01232	0	0	1	1	singleton	other	2
g002090	crop2	0	OG01313	0	0	1	1	singleton	other	3
g002091	crop2	0	OG01352	1	1	0	5	wgd	enzyme	2
g002092	crop2	0	OG01143	1	1	0	8	wgd	TF	3
g002093	crop2	0	OG01266	0	1	0	6	dispersed	other	4
g002094	crop2	0	OG01214	0	1	0	5	dispersed	other	1
g002095	crop2	0	OG01330	0	1	0	9	dispersed	transporter	3
g002096	crop2	0	OG01026	1	1	0	2	wgd	kinase	3
g002097	crop2	0	OG01070	0	1	0	9	dispersed	transporter	2
g002098	crop2	0	OG01137	0	1	0	4	tandem	other	1
g002099	crop2	0	OG01336	1	1	0	4	wgd	TF	3
g002100	crop2	0	OG01247	0	1	0	4	transposed	other	2
g002101	crop2	0	OG01346	0	1	0	11	proximal	kinase	1
g002102	crop2	0	OG01183	0	1	0	7	tandem	enzyme	1
g002103	crop2	0	OG01302	0	1	0	5	tandem	transporter	2
g002104	crop2	0	OG01379	0	1	0	7	proximal	TF	4
g002105	crop2	0	OG01085	0	0	1	1	singleton	other	4
g002106	crop2	0	OG01046	1	1	0	4	wgd	enzyme	2
g002107	crop2	0	OG01307	0	1	0	11	proximal	enzyme	3
g002108	crop2	0	OG01174	0	1	0	6	dispersed	other	1
g002109	crop2	0	OG01252	1	1	0	7	wgd	enzyme	3
g002110	crop2	0	OG01048	0	1	0	11	tandem	other	2
g002111	crop2	0	OG01290	0	1	0	3	proximal	defense	3
g002112	crop2	0	OG01241	1	1	0	8	wgd	hormone	4
g002113	crop2	0	OG01113	0	1	0	2	dispersed	kinase	2
g002114	crop2	0	OG01280	0	1	0	8	dispersed	kinase	3
g002115	crop2	0	OG01318	1	1	0	5	wgd	transporter	3
g002116	crop2	0	OG01225	0	1	0	11	tandem	transporter	1
g002117	crop2	0	OG01281	0	1	0	8	transposed	hormone	4
g002118	crop2	0	OG01255	0	1	0	2	proximal	enzyme	3
g002119	crop2	0	OG01106	0	0	1	1	singleton	enzyme	1
g002120	crop2	0	OG01102	0	1	0	4	proximal	enzyme	2
g002121	crop2	0	OG01153	1	1	0	2	wgd	TF	4
g002122	crop2	0	OG01357	0	1	0	7	transposed	other	4
g002123	crop2	0	OG01312	0	1	0	7	tandem	other	2
g002124	crop2	0	OG01098	0	1	0	9	transposed	other	3
g002125	crop2	0	OG01095	0	1	0	5	dispersed	other	1
g002126	crop2	0	OG01204	1	1	0	4	wgd	TF	2
g002127	crop2	0	OG01149	1	1	0	6	wgd	enzyme	2
g002128	crop2	0	OG01201	1	1	0	2	wgd	TF	3
g002129	crop2	0	OG01108	1	1	0	4	wgd	kinase	4
g002130	crop2	0	OG01236	1	1	0	8	wgd	TF	2
g002131	crop2	0	OG01239	1	1	0	11	wgd	hormone	2
g002132	crop2	0	OG01242	1	1	0	2	wgd	other	1
g002133	crop2	0	OG01247	0	1	0	9	transposed	hormone	3
g002134	crop2	0	OG01344	0	1	0	4	tandem	TF	3
g002135	crop2	0	OG01054	0	1	0	3	tandem	defense	3
g002136	crop2	0	OG01156	0	1	0	5	transposed	enzyme	4
g002137	crop2	0	OG01201	0	0	1	1	singleton	other	4
g002138	crop2	0	OG01284	1	1	0	2	wgd	other	1
g002139	crop2	0	OG01198	0	1	0	11	dispersed	hormone	2
g002140	crop2	0	OG01192	0	1	0	7	dispersed	enzyme	4
g002141	crop2	0	OG01028	0	1	0	3	transposed	transporter	1
g002142	crop2	0	OG01196	0	1	0	6	transposed	kinase	3
g002143	crop2	0	OG01277	1	1	0	4	wgd	transporter	2
g002144	crop2	0	OG01379	0	1	0	11	dispersed	enzyme	2
g002145	crop2	0	OG01304	1	1	0	9	wgd	TF	1
g002146	crop2	0	OG01098	0	1	0	11	dispersed	enzyme	2
g002147	crop2	0	OG01399	1	1	0	2	wgd	TF	2
g002148	crop2	0	OG01386	0	1	0	10	transposed	enzyme	3
g002149	crop2	0	OG01218	0	1	0	8	dispersed	enzyme	3
g002150	crop2	0	OG01386	1	1	0	2	wgd	kinase	2
g002151	crop2	0	OG01375	0	1	0	11	transposed	defense	2
g002152	crop2	0	OG01138	0	1	0	5	transposed	kinase	1
g002153	crop2	0	OG01304	0	1	0	2	transposed	TF	3
g002154	crop2	0	OG01373	0	0	1	1	singleton	TF	1
g002155	crop2	0	OG01213	1	1	0	4	wgd	hormone	3
g002156	crop2	0	OG01288	0	1	0	2	transposed	other	4
g002157	crop2	0	OG01126	1	1	0	5	wgd	other	1
g002158	crop2	0	OG01049	0	1	0	4	dispersed	other	3
g002159	crop2	0	OG01323	1	1	0	4	wgd	transporter	2
g002160	crop2	0	OG01299	0	1	0	3	proximal	enzyme	2
g002161	crop2	0	OG01042	0	1	0	4	dispersed	kinase	3
g002162	crop2	0	OG01044	0	1	0	4	proximal	defense	3
g002163	crop2	0	OG01188	0	1	0	10	tandem	defense	2
g002164	crop2	0	OG01203	1	1	0	11	wgd	kinase	4
g002165	crop2	0	OG01326	0	1	0	3	tandem	other	2
g002166	crop2	0	OG01180	1	1	0	4	wgd	transporter	2
g002167	crop2	0	OG01243	0	1	0	3	tandem	kinase	4
g002168	crop2	0	OG01265	0	1	0	2	transposed	enzyme	1
g002169	crop2	0	OG01248	1	1	0	6	wgd	kinase	2
g002170	crop2	0	OG01033	0	1	0	3	proximal	transporter	3
g002171	crop2	0	OG01138	1	1	0	5	wgd	kinase	4
g002172	crop2	0	OG01222	0	0	1	1	singleton	other	2
g002173	crop2	0	OG01137	1	1	0	5	wgd	TF	2
g002174	crop2	0	OG01370	1	1	0	3	wgd	other	3
g002175	crop2	0	OG01068	0	1	0	10	transposed	enzyme	1
g002176	crop2	0	OG01196	0	1	0	3	transposed	other	2
g002177	crop2	0	OG01023	0	1	0	10	dispersed	defense	4
g002178	crop2	0	OG01269	0	1	0	5	transposed	enzyme	3
g002179	crop2	0	OG01277	1	1	0	6	wgd	hormone	2
g002180	crop2	0	OG01156	0	1	0	5	transposed	other	4
g002181	crop2	0	OG01148	0	1	0	2	transposed	kinase	4
g002182	crop2	0	OG01081	0	1	0	7	transposed	other	2
g002183	crop2	0	OG01085	1	1	0	5	wgd	transporter	4
g002184	crop2	1	OG01280	1	1	0	5	wgd	hormone	1
g002185	crop2	0	OG01222	0	0	1	1	singleton	other	1
g002186	crop2	0	OG01248	1	1	0	8	wgd	enzyme	1
g002187	crop2	0	OG01252	0	1	0	5	proximal	defense	1
g002188	crop2	0	OG01210	1	1	0	3	wgd	other	1
g002189	crop2	0	OG01109	0	1	0	10	proximal	other	1
g002190	crop2	0	OG01215	0	1	0	2	transposed	transporter	4
g002191	crop2	0	OG01117	0	1	0	6	transposed	enzyme	4
g002192	crop2	0	OG01267	0	1	0	8	tandem	enzyme	1
g002193	crop2	0	OG01202	0	1	0	9	dispersed	other	1
g002194	crop2	0	OG01131	0	1	0	6	dispersed	other	4
g002195	crop2	0	OG01297	0	1	0	11	transposed	enzyme	4
g002196	crop2	0	OG01362	0	1	0	8	transposed	other	2
g002197	crop2	0	OG01104	0	1	0	6	proximal	enzyme	1
g002198	crop2	0	OG01225	1	1	0	7	wgd	hormone	2
g002199	crop2	0	OG01396	0	1	0	5	proximal	enzyme	2
g002200	crop2	0	OG01245	0	0	1	1	singleton	defense	1
g002201	crop2	0	OG01229	0	1	0	5	dispersed	defense	1
g002202	crop2	0	OG01160	1	1	0	9	wgd	defense	2
g002203	crop2	0	OG01200	0	1	0	3	proximal	transporter	3
g002204	crop2	0	OG01376	0	1	0	10	dispersed	enzyme	2
g002205	crop2	0	OG01043	0	1	0	10	proximal	enzyme	4
g002206	crop2	0	OG01330	0	1	0	7	dispersed	TF	3
g002207	crop2	0	OG01260	1	1	0	7	wgd	other	2
g002208	crop2	0	OG01199	0	1	0	4	dispersed	TF	3
g002209	crop2	0	OG01290	0	0	1	1	singleton	transporter	3
g002210	crop2	0	OG01383	1	1	0	7	wgd	defense	1
g002211	crop2	0	OG01236	0	1	0	7	tandem	enzyme	2
g002212	crop2	0	OG01041	0	0	1	1	singleton	TF	2
g002213	crop2	0	OG01187	0	1	0	4	tandem	defense	3
g002214	crop2	0	OG01035	0	1	0	10	transposed	transporter	3
g002215	crop2	0	OG01018	1	1	0	5	wgd	TF	4
g002216	crop2	0	OG01045	0	1	0	5	dispersed	enzyme	1
g002217	crop2	0	OG01302	0	1	0	5	transposed	hormone	4
g002218	crop2	0	OG01278	0	1	0	6	transposed	enzyme	3
g002219	crop2	0	OG01060	0	0	1	1	singleton	other	2
g002220	crop2	0	OG01275	0	1	0	4	tandem	transporter	2
g002221	crop2	0	OG01215	0	1	0	4	transposed	other	1
g002222	crop2	0	OG01122	0	1	0	11	tandem	other	3
g002223	crop2	0	OG01391	1	1	0	6	wgd	defense	2
g002224	crop2	0	OG01081	0	0	1	1	singleton	defense	3
g002225	crop2	0	OG01090	0	1	0	5	tandem	defense	3
g002226	crop2	0	OG01097	0	1	0	6	transposed	enzyme	2
g002227	crop2	0	OG01026	0	1	0	5	proximal	other	1
g002228	crop2	0	OG01262	0	1	0	10	dispersed	other	4
g002229	crop2	0	OG01394	0	0	1	1	singleton	kinase	1
g002230	crop2	0	OG01207	0	1	0	11	tandem	defense	4
g002231	crop2	0	OG01302	0	1	0	7	transposed	hormone	2
g002232	crop2	0	OG01259	0	1	0	2	transposed	hormone	1
g002233	crop2	0	OG01366	1	1	0	6	wgd	TF	3
g002234	crop2	0	OG01281	0	1	0	11	proximal	other	1
g002235	crop2	0	OG01238	0	1	0	11	transposed	enzyme	1
g002236	crop2	0	OG01292	0	1	0	4	transposed	enzyme	2
g002237	crop2	0	OG01251	1	1	0	9	wgd	hormone	3
g002238	crop2	0	OG01230	0	1	0	4	transposed	defense	2
g002239	crop2	0	OG01073	1	1	0	2	wgd	TF	1
g002240	crop2	0	OG01335	1	1	0	9	wgd	other	2
g002241	crop2	0	OG01101	0	1	0	4	proximal	enzyme	1
g002242	crop2	0	OG01171	0	1	0	6	transposed	TF	2
g002243	crop2	0	OG01240	0	1	0	6	tandem	transporter	1
g002244	crop2	0	OG01195	0	0	1	1	singleton	hormone	2
g002245	crop2	0	OG01337	0	1	0	3	dispersed	enzyme	4
g002246	crop2	0	OG01356	1	1	0	2	wgd	transporter	1
g002247	crop2	0	OG01156	0	1	0	4	proximal	defense	1
g002248	crop2	0	OG01069	0	1	0	4	dispersed	defense	2
g002249	crop2	0	OG01342	0	1	0	2	dispersed	transporter	3
g002250	crop2	0	OG01242	0	1	0	6	dispersed	enzyme	4
g002251	crop2	0	OG01395	1	1	0	2	wgd	defense	1
g002252	crop2	0	OG01043	0	1	0	2	tandem	other	2
g002253	crop2	0	OG01389	0	1	0	6	transposed	enzyme	3
g002254	crop2	0	OG01125	0	1	0	2	transposed	transporter	1
g002255	crop2	0	OG01246	1	1	0	9	wgd	TF	4
g002256	crop2	0	OG01027	1	1	0	11	wgd	other	4
g002257	crop2	0	OG01047	0	1	0	3	dispersed	transporter	1
g002258	crop2	0	OG01038	0	0	1	1	singleton	kinase	4
g002259	crop2	0	OG01041	1	1	0	9	wgd	enzyme	4
g002260	crop2	0	OG01058	1	1	0	10	wgd	other	4
g002261	crop2	0	OG01112	0	1	0	2	dispersed	hormone	2
g002262	crop2	0	OG01103	0	1	0	10	transposed	transporter	1
g002263	crop2	0	OG01368	0	1	0	11	dispersed	defense	3
g002264	crop2	0	OG01196	0	1	0	5	proximal	other	3
g002265	crop2	0	OG01155	0	0	1	1	singleton	other	2
g002266	crop2	0	OG01049	1	1	0	4	wgd	enzyme	2
g002267	crop2	0	OG01044	1	1	0	9	wgd	TF	2
g002268	crop2	0	OG01047	0	1	0	6	tandem	defense	1
g002269	crop2	0	OG01063	1	1	0	5	wgd	hormone	2
g002270	crop2	0	OG01118	1	1	0	6	wgd	TF	4
g002271	crop2	0	OG01342	0	1	0	4	transposed	defense	4
g002272	crop2	0	OG01153	1	1	0	3	wgd	transporter	1
g002273	crop2	0	OG01181	1	1	0	9	wgd	TF	1
g002274	crop2	0	OG01134	1	1	0	8	wgd	other	1
g002275	crop2	0	OG01096	0	1	0	6	transposed	enzyme	3
g002276	crop2	0	OG01086	1	1	0	10	wgd	other	4
g002277	crop2	0	OG01096	1	1	0	4	wgd	enzyme	2
g002278	crop2	0	OG01377	1	1	0	5	wgd	other	2
g002279	crop2	0	OG01225	0	0	1	1	singleton	enzyme	2
g002280	crop2	0	OG01297	0	1	0	10	transposed	transporter	3
g002281	crop2	0	OG01093	0	1	0	3	transposed	other	1
g002282	crop2	0	OG01039	0	1	0	3	dispersed	other	4
g002283	crop2	0	OG01339	1	1	0	10	wgd	other	3
g002284	crop2	0	OG01264	1	1	0	6	wgd	hormone	2
g002285	crop2	0	OG01285	0	1	0	10	tandem	hormone	2
g002286	crop2	0	OG01293	0	1	0	10	tandem	other	1
g002287	crop2	0	OG01379	1	1	0	3	wgd	hormone	4
g002288	crop2	0	OG01134	0	1	0	7	tandem	defense	2
g002289	crop2	0	OG01120	1	1	0	7	wgd	other	2
g002290	crop2	0	OG01365	0	0	1	1	singleton	transporter	1
g002291	crop2	0	OG01061	0	1	0	4	proximal	TF	3
g002292	crop2	0	OG01079	0	1	0	3	transposed	other	4
g002293	crop2	0	OG01292	0	1	0	11	tandem	TF	4
g002294	crop2	0	OG01394	0	0	1	1	singleton	TF	1
g002295	crop2	0	OG01034	0	1	0	8	transposed	kinase	4
g002296	crop2	0	OG01009	0	1	0	4	dispersed	other	3
g002297	crop2	0	OG01115	1	1	0	4	wgd	hormone	3
g002298	crop2	0	OG01205	0	1	0	7	transposed	enzyme	4
g002299	crop2	0	OG01235	0	1	0	2	transposed	other	3
g002300	crop2	0	OG01055	1	1	0	10	wgd	other	4
g002301	crop2	0	OG01124	0	1	0	5	transposed	other	1
g002302	crop2	0	OG01365	1	1	0	6	wgd	TF	2
g002303	crop2	0	OG01029	0	1	0	5	dispersed	transporter	2
g002304	crop2	0	OG01315	0	1	0	6	tandem	defense	1
g002305	crop2	0	OG01099	1	1	0	2	wgd	TF	3
g002306	crop2	0	OG01368	0	1	0	5	dispersed	hormone	3
g002307	crop2	0	OG01194	1	1	0	11	wgd	kinase	1
g002308	crop2	0	OG01283	0	1	0	4	transposed	hormone	2
g002309	crop2	0	OG01153	1	1	0	3	wgd	kinase	4
g002310	crop2	0	OG01159	0	1	0	10	transposed	enzyme	3
g002311	crop2	0	OG01004	1	1	0	4	wgd	other	3
g002312	crop2	0	OG01353	0	1	0	2	proximal	defense	2
g002313	crop2	0	OG01387	1	1	0	4	wgd	TF	1
g002314	crop2	0	OG01045	1	1	0	2	wgd	hormone	4
g002315	crop2	0	OG01052	0	1	0	6	proximal	transporter	4
g002316	crop2	0	OG01243	0	1	0	11	transposed	kinase	4
g002317	crop2	0	OG01289	0	1	0	10	dispersed	TF	3
g002318	crop2	0	OG01317	0	1	0	11	transposed	transporter	1
g002319	crop2	0	OG01157	0	1	0	9	proximal	defense	3
g002320	crop2	0	OG01135	1	1	0	2	wgd	TF	2
g002321	crop2	0	OG01321	1	1	0	6	wgd	enzyme	1
g002322	crop2	0	OG01000	0	1	0	8	transposed	defense	4
g002323	crop2	0	OG01294	1	1	0	9	wgd	kinase	3
g002324	crop2	0	OG01237	0	1	0	10	transposed	other	4
g002325	crop2	0	OG01310	0	1	0	10	transposed	TF	3
g002326	crop2	0	OG01094	1	1	0	11	wgd	TF	2
g002327	crop2	0	OG01080	0	0	1	1	singleton	TF	1
g002328	crop2	0	OG01243	0	1	0	11	transposed	defense	1
g002329	crop2	0	OG01275	0	0	1	1	singleton	enzyme	3
g002330	crop2	0	OG01073	0	1	0	10	proximal	other	1
g002331	crop2	0	OG01006	0	1	0	2	proximal	defense	4
g002332	crop2	0	OG01344	0	0	1	1	singleton	TF	3
g002333	crop2	0	OG01023	0	1	0	6	tandem	enzyme	4
g002334	crop2	0	OG01374	0	1	0	5	proximal	defense	1
g002335	crop2	0	OG01235	1	1	0	9	wgd	TF	2
g002336	crop2	0	OG01093	0	1	0	8	dispersed	other	4
g002337	crop2	0	OG01198	0	1	0	8	transposed	hormone	2
g002338	crop2	0	OG01100	0	1	0	8	transposed	kinase	1
g002339	crop2	0	OG01039	1	1	0	2	wgd	TF	2
g002340	crop2	0	OG01398	0	1	0	2	dispersed	defense	4
g002341	crop2	0	OG01058	0	1	0	3	dispersed	TF	2
g002342	crop2	0	OG01037	1	1	0	9	wgd	other	2
g002343	crop2	0	OG01378	1	1	0	4	wgd	enzyme	4
g002344	crop2	0	OG01182	0	1	0	6	tandem	TF	4
g002345	crop2	0	OG01360	1	1	0	9	wgd	other	4
g002346	crop2	0	OG01381	0	1	0	6	dispersed	enzyme	3
g002347	crop2	0	OG01265	1	1	0	8	wgd	defense	4
g002348	crop2	0	OG01046	1	1	0	11	wgd	hormone	1
g002349	crop2	0	OG01054	0	1	0	3	transposed	enzyme	1
g002350	crop2	0	OG01002	0	1	0	8	transposed	enzyme	4
g002351	crop2	0	OG01228	0	1	0	5	tandem	enzyme	2
g002352	crop2	0	OG01345	0	1	0	5	dispersed	enzyme	2
g002353	crop2	0	OG01143	1	1	0	6	wgd	TF	1
g002354	crop2	0	OG01284	0	1	0	5	tandem	enzyme	2
g002355	crop2	0	OG01210	0	0	1	1	singleton	hormone	2
g002356	crop2	0	OG01172	0	1	0	5	dispersed	enzyme	2
g002357	crop2	0	OG01219	0	1	0	8	dispersed	other	4
g002358	crop2	1	OG01075	1	1	0	9	wgd	TF	3
g002359	crop2	0	OG01161	0	1	0	6	transposed	transporter	1
g002360	crop2	0	OG01054	0	1	0	7	tandem	kinase	1
g002361	crop2	0	OG01310	1	1	0	2	wgd	TF	1
g002362	crop2	0	OG01276	0	1	0	10	tandem	enzyme	2
g002363	crop2	0	OG01067	0	1	0	2	dispersed	enzyme	1
g002364	crop2	0	OG01149	0	0	1	1	singleton	other	2
g002365	crop2	0	OG01250	0	1	0	3	transposed	hormone	2
g002366	crop2	0	OG01196	0	1	0	5	tandem	kinase	2
g002367	crop2	0	OG01321	0	1	0	10	dispersed	TF	4
g002368	crop2	0	OG01117	0	1	0	3	dispersed	kinase	1
g002369	crop2	0	OG01060	0	1	0	10	dispersed	transporter	1
g002370	crop2	0	OG01227	1	1	0	9	wgd	transporter	1
g002371	crop2	0	OG01163	0	1	0	7	tandem	defense	3
g002372	crop2	0	OG01309	0	1	0	6	tandem	kinase	2
g002373	crop2	0	OG01342	0	1	0	8	tandem	defense	2
g002374	crop2	0	OG01023	1	1	0	9	wgd	TF	3
g002375	crop2	0	OG01026	1	1	0	3	wgd	kinase	2
g002376	crop2	0	OG01020	0	1	0	2	transposed	kinase	1
g002377	crop2	0	OG01004	0	1	0	4	tandem	TF	4
g002378	crop2	0	OG01373	0	1	0	2	tandem	other	1
g002379	crop2	0	OG01250	0	1	0	7	transposed	hormone	1
g002380	crop2	0	OG01089	0	1	0	2	proximal	defense	3
g002381	crop2	0	OG01256	0	1	0	5	proximal	defense	4
g002382	crop2	0	OG01258	0	1	0	5	transposed	defense	4
g002383	crop2	0	OG01077	0	1	0	2	transposed	enzyme	1
g002384	crop2	0	OG01374	0	1	0	5	transposed	defense	2
g002385	crop2	0	OG01224	0	1	0	3	dispersed	hormone	1
g002386	crop2	0	OG01357	1	1	0	11	wgd	transporter	2
g002387	crop2	0	OG01057	0	1	0	9	dispersed	other	4
g002388	crop2	0	OG01226	0	1	0	9	transposed	other	1
g002389	crop2	0	OG01165	1	1	0	11	wgd	other	4
g002390	crop2	0	OG01128	0	1	0	8	dispersed	other	2
g002391	crop2	0	OG01398	0	1	0	4	tandem	enzyme	2
g002392	crop2	0	OG01118	0	1	0	9	transposed	TF	1
g002393	crop2	0	OG01046	0	1	0	2	transposed	hormone	4
g002394	crop2	0	OG01016	0	1	0	10	tandem	other	4
g002395	crop2	0	OG01289	0	1	0	10	tandem	kinase	4
g002396	crop2	1	OG01175	0	1	0	10	transposed	transporter	1
g002397	crop2	0	OG01281	0	1	0	2	dispersed	other	2
g002398	crop2	0	OG01193	0	1	0	5	transposed	TF	2
g002399	crop2	0	OG01137	1	1	0	4	wgd	enzyme	2
g002400	crop2	0	OG01165	0	1	0	3	proximal	enzyme	2
g002401	crop2	0	OG01324	0	1	0	6	dispersed	enzyme	2
g002402	crop2	0	OG01244	0	1	0	6	dispersed	defense	3
g002403	crop2	0	OG01090	0	1	0	3	transposed	transporter	3
g002404	crop2	0	OG01206	0	1	0	9	transposed	TF	3
g002405	crop2	0	OG01140	1	1	0	11	wgd	enzyme	4
g002406	crop2	0	OG01319	0	1	0	9	tandem	kinase	2
g002407	crop2	0	OG01175	1	1	0	6	wgd	TF	1
g002408	crop2	0	OG01182	0	1	0	8	dispersed	enzyme	1
g002409	crop2	0	OG01233	0	0	1	1	singleton	TF	3
g002410	crop2	0	OG01157	1	1	0	3	wgd	hormone	1
g002411	crop2	0	OG01336	0	1	0	4	transposed	transporter	1
g002412	crop2	0	OG01015	0	1	0	2	transposed	other	2
g002413	crop2	0	OG01288	1	1	0	10	wgd	defense	3
g002414	crop2	0	OG01192	1	1	0	8	wgd	kinase	2
g002415	crop2	0	OG01153	0	1	0	7	tandem	kinase	2
g002416	crop2	0	OG01050	0	1	0	3	transposed	other	4
g002417	crop2	0	OG01233	0	1	0	10	dispersed	other	1
g002418	crop2	0	OG01069	0	1	0	2	transposed	hormone	3
g002419	crop2	0	OG01391	1	1	0	8	wgd	TF	2
g002420	crop2	0	OG01299	1	1	0	9	wgd	TF	4
g002421	crop2	0	OG01287	0	1	0	6	dispersed	transporter	1
g002422	crop2	0	OG01366	0	0	1	1	singleton	transporter	4
g002423	crop2	0	OG01326	1	1	0	11	wgd	transporter	4
g002424	crop2	0	OG01087	0	1	0	3	dispersed	kinase	2
g002425	crop2	0	OG01328	0	0	1	1	singleton	enzyme	2
g002426	crop2	0	OG01200	0	1	0	11	transposed	other	1
g002427	crop2	0	OG01178	1	1	0	4	wgd	transporter	4
g002428	crop2	0	OG01210	0	1	0	6	dispersed	transporter	3
g002429	crop2	0	OG01135	0	1	0	2	tandem	enzyme	3
g002430	crop2	0	OG01306	1	1	0	4	wgd	TF	3
g002431	crop2	0	OG01274	0	1	0	2	dispersed	other	4
g002432	crop2	0	OG01292	0	1	0	5	tandem	defense	4
g002433	crop2	0	OG01391	0	1	0	8	dispersed	enzyme	2
g002434	crop2	0	OG01206	0	1	0	9	proximal	kinase	3
g002435	crop2	0	OG01240	1	1	0	3	wgd	TF	1
g002436	crop2	0	OG01059	0	1	0	4	transposed	enzyme	3
g002437	crop2	0	OG01242	0	1	0	10	dispersed	TF	4
g002438	crop2	0	OG01066	1	1	0	5	wgd	TF	3
g002439	crop2	0	OG01334	0	1	0	11	dispersed	kinase	2
g002440	crop2	0	OG01305	0	1	0	11	transposed	other	4
g002441	crop2	0	OG01168	0	1	0	7	transposed	transporter	2
g002442	crop2	0	OG01083	0	1	0	2	transposed	other	2
g002443	crop2	0	OG01145	1	1	0	6	wgd	transporter	3
g002444	crop2	0	OG01047	0	1	0	8	proximal	other	4
g002445	crop2	0	OG01172	0	0	1	1	singleton	transporter	3
g002446	crop2	0	OG01172	1	1	0	2	wgd	kinase	2
g002447	crop2	0	OG01333	0	1	0	4	tandem	defense	2
g002448	crop2	1	OG01045	1	1	0	9	wgd	transporter	3
g002449	crop2	0	OG01133	0	1	0	4	transposed	hormone	4
g002450	crop2	0	OG01348	1	1	0	2	wgd	hormone	3
g002451	crop2	0	OG01163	1	1	0	2	wgd	TF	4
g002452	crop2	0	OG01260	0	1	0	10	proximal	enzyme	4
g002453	crop2	0	OG01284	0	1	0	11	dispersed	other	3
g002454	crop2	0	OG01288	1	1	0	4	wgd	hormone	2
g002455	crop2	0	OG01117	0	1	0	5	transposed	TF	3
g002456	crop2	0	OG01183	1	1	0	5	wgd	hormone	2
g002457	crop2	0	OG01165	0	1	0	8	dispersed	defense	1
g002458	crop2	0	OG01399	1	1	0	6	wgd	other	2
g002459	crop2	0	OG01359	0	1	0	7	dispersed	kinase	4
g002460	crop2	0	OG01351	0	1	0	6	dispersed	enzyme	2
g002461	crop2	0	OG01109	1	1	0	5	wgd	other	2
g002462	crop2	0	OG01196	1	1	0	8	wgd	hormone	4
g002463	crop2	0	OG01161	0	1	0	3	dispersed	transporter	3
g002464	crop2	0	OG01379	1	1	0	4	wgd	hormone	2
g002465	crop2	0	OG01081	1	1	0	10	wgd	TF	2
g002466	crop2	0	OG01038	0	1	0	9	dispersed	kinase	3
g002467	crop2	0	OG01027	0	1	0	9	transposed	enzyme	1
g002468	crop2	0	OG01248	0	1	0	3	tandem	enzyme	1
g002469	crop2	0	OG01035	0	1	0	4	transposed	defense	1
g002470	crop2	0	OG01007	0	1	0	4	dispersed	enzyme	2
g002471	crop2	0	OG01008	0	1	0	3	transposed	other	4
g002472	crop2	0	OG01080	0	1	0	6	dispersed	other	3
g002473	crop2	1	OG01092	1	1	0	9	wgd	TF	4
g002474	crop2	0	OG01069	0	1	0	3	proximal	other	2
g002475	crop2	0	OG01217	1	1	0	7	wgd	enzyme	4
g002476	crop2	1	OG01333	1	1	0	2	wgd	other	3
g002477	crop2	0	OG01356	0	1	0	10	transposed	enzyme	2
g002478	crop2	0	OG01074	1	1	0	5	wgd	TF	4
g002479	crop2	0	OG01213	0	1	0	8	dispersed	hormone	4
g002480	crop2	0	OG01173	1	1	0	11	wgd	kinase	4
g002481	crop2	0	OG01016	1	1	0	4	wgd	kinase	3
g002482	crop2	0	OG01319	0	1	0	5	transposed	hormone	4
g002483	crop2	0	OG01254	0	1	0	11	dispersed	kinase	4
g002484	crop2	0	OG01147	1	1	0	4	wgd	enzyme	3
g002485	crop2	0	OG01238	0	1	0	11	dispersed	enzyme	3
g002486	crop2	0	OG01154	1	1	0	3	wgd	hormone	3
g002487	crop2	0	OG01359	0	1	0	7	transposed	kinase	2
g002488	crop2	0	OG01224	0	1	0	4	transposed	other	1
g002489	crop2	0	OG01122	1	1	0	11	wgd	TF	1
g002490	crop2	0	OG01237	0	1	0	7	dispersed	other	4
g002491	crop2	0	OG01164	1	1	0	6	wgd	TF	3
g002492	crop2	0	OG01030	0	1	0	6	transposed	transporter	2
g002493	crop2	0	OG01190	1	1	0	3	wgd	TF	2
g002494	crop2	0	OG01181	0	1	0	6	proximal	enzyme	3
g002495	crop2	0	OG01360	0	1	0	9	proximal	hormone	3
g002496	crop2	0	OG01200	0	0	1	1	singleton	defense	4
g002497	crop2	0	OG01271	0	1	0	8	dispersed	hormone	2
g002498	crop2	0	OG01378	0	1	0	7	dispersed	transporter	2
g002499	crop2	0	OG01389	0	1	0	6	proximal	other	2
g002500	crop2	0	OG01274	0	1	0	5	transposed	transporter	1
g002501	crop2	0	OG01340	0	1	0	5	transposed	TF	4
g002502	crop2	0	OG01358	0	1	0	4	tandem	other	3
g002503	crop2	0	OG01349	1	1	0	7	wgd	kinase	1
g002504	crop2	0	OG01076	0	1	0	7	transposed	other	1
g002505	crop2	0	OG01266	0	1	0	10	dispersed	kinase	3
g002506	crop2	0	OG01179	1	1	0	2	wgd	other	3
g002507	crop2	0	OG01390	1	1	0	3	wgd	other	2
g002508	crop2	0	OG01358	0	1	0	4	tandem	enzyme	1
g002509	crop2	0	OG01236	0	1	0	9	transposed	transporter	1
g002510	crop2	0	OG01082	0	0	1	1	singleton	hormone	1
g002511	crop2	0	OG01030	0	1	0	8	transposed	other	4
g002512	crop2	0	OG01000	0	1	0	8	proximal	defense	4
g002513	crop2	0	OG01190	1	1	0	10	wgd	transporter	2
g002514	crop2	0	OG01383	1	1	0	8	wgd	TF	1
g002515	crop2	0	OG01212	0	0	1	1	singleton	enzyme	3
g002516	crop2	0	OG01196	1	1	0	7	wgd	TF	3
g002517	crop2	0	OG01143	0	0	1	1	singleton	kinase	2
g002518	crop2	0	OG01086	0	1	0	4	transposed	enzyme	4
g002519	crop2	0	OG01321	0	1	0	10	transposed	other	4
g002520	crop2	0	OG01233	0	1	0	11	tandem	enzyme	3
g002521	crop2	0	OG01366	0	1	0	9	tandem	enzyme	1
g002522	crop2	0	OG01059	1	1	0	4	wgd	hormone	4
g002523	crop2	0	OG01362	0	1	0	5	dispersed	TF	4
g002524	crop2	0	OG01320	0	1	0	8	tandem	defense	3
g002525	crop2	0	OG01240	0	1	0	7	transposed	hormone	4
g002526	crop2	0	OG01303	1	1	0	4	wgd	kinase	3
g002527	crop2	0	OG01291	0	1	0	5	proximal	kinase	4
g002528	crop2	0	OG01317	0	1	0	11	transposed	kinase	4
g002529	crop2	0	OG01327	1	1	0	6	wgd	TF	1
g002530	crop2	0	OG01316	1	1	0	6	wgd	TF	1
g002531	crop2	0	OG01071	0	1	0	2	dispersed	other	3
g002532	crop2	0	OG01362	0	1	0	2	proximal	other	4
g002533	crop2	0	OG01043	1	1	0	3	wgd	kinase	3
g002534	crop2	0	OG01348	0	1	0	2	transposed	TF	2
g002535	crop2	0	OG01352	0	1	0	7	transposed	kinase	4
g002536	crop2	0	OG01227	0	1	0	8	transposed	other	4
g002537	crop2	0	OG01399	1	1	0	8	wgd	TF	1
g002538	crop2	0	OG01373	1	1	0	6	wgd	TF	2
g002539	crop2	0	OG01096	0	1	0	2	proximal	enzyme	3
g002540	crop2	0	OG01172	1	1	0	10	wgd	other	1
g002541	crop2	0	OG01125	0	1	0	9	dispersed	transporter	1
g002542	crop2	0	OG01385	0	1	0	3	transposed	other	2
g002543	crop2	0	OG01031	0	1	0	4	transposed	other	3
g002544	crop2	0	OG01215	0	1	0	5	transposed	enzyme	3
g002545	crop2	0	OG01215	0	0	1	1	singleton	kinase	1
g002546	crop2	0	OG01037	0	1	0	10	transposed	other	1
g002547	crop2	0	OG01076	1	1	0	4	wgd	enzyme	1
g002548	crop2	0	OG01011	0	1	0	9	transposed	other	4
g002549	crop2	0	OG01066	0	1	0	5	transposed	enzyme	1
g002550	crop2	0	OG01010	0	1	0	5	transposed	hormone	3
g002551	crop2	1	OG01030	1	1	0	9	wgd	TF	3
g002552	crop2	0	OG01245	0	1	0	2	dispersed	hormone	3
g002553	crop2	0	OG01182	0	1	0	7	dispersed	other	4
g002554	crop2	0	OG01127	0	1	0	8	proximal	defense	3
g002555	crop2	0	OG01024	0	1	0	8	dispersed	defense	1
g002556	crop2	0	OG01323	1	1	0	9	wgd	other	3
g002557	crop2	0	OG01178	1	1	0	4	wgd	kinase	3
g002558	crop2	0	OG01102	0	1	0	10	transposed	TF	3
g002559	crop2	0	OG01257	1	1	0	7	wgd	TF	2
g002560	crop2	0	OG01379	0	1	0	4	transposed	TF	3
g002561	crop2	0	OG01266	0	1	0	2	tandem	enzyme	1
g002562	crop2	0	OG01224	0	1	0	10	tandem	enzyme	2
g002563	crop2	0	OG01362	0	1	0	2	transposed	enzyme	4
g002564	crop2	0	OG01392	0	1	0	10	transposed	hormone	3
g002565	crop2	0	OG01086	0	1	0	11	tandem	defense	2
g002566	crop2	0	OG01219	1	1	0	8	wgd	other	1
g002567	crop2	0	OG01007	0	1	0	8	transposed	other	3
g002568	crop2	0	OG01235	0	0	1	1	singleton	defense	1
g002569	crop2	0	OG01125	1	1	0	9	wgd	other	3
g002570	crop2	0	OG01103	0	1	0	11	dispersed	transporter	4
g002571	crop2	0	OG01217	1	1	0	9	wgd	enzyme	4
g002572	crop2	0	OG01112	0	1	0	7	transposed	TF	4
g002573	crop2	0	OG01160	1	1	0	11	wgd	hormone	4
g002574	crop2	0	OG01266	0	1	0	11	tandem	enzyme	4
g002575	crop2	0	OG01287	0	1	0	11	transposed	defense	1
g002576	crop2	0	OG01052	1	1	0	3	wgd	other	4
g002577	crop2	0	OG01128	1	1	0	8	wgd	other	1
g002578	crop2	0	OG01088	0	1	0	10	dispersed	kinase	1
g002579	crop2	0	OG01364	0	1	0	10	dispersed	defense	4
g002580	crop2	0	OG01369	0	1	0	10	proximal	enzyme	4
g002581	crop2	0	OG01380	1	1	0	6	wgd	TF	4
g002582	crop2	0	OG01106	1	1	0	8	wgd	hormone	2
g002583	crop2	0	OG01234	1	1	0	6	wgd	hormone	3
g002584	crop2	0	OG01072	0	1	0	6	tandem	enzyme	1
g002585	crop2	0	OG01090	0	1	0	3	dispersed	kinase	2
g002586	crop2	0	OG01107	0	1	0	2	transposed	other	1
g002587	crop2	0	OG01280	0	1	0	3	proximal	other	2
g002588	crop2	0	OG01086	1	1	0	4	wgd	TF	3
g002589	crop2	0	OG01393	0	1	0	3	transposed	TF	3
g002590	crop2	0	OG01129	0	1	0	8	tandem	defense	3
g002591	crop2	0	OG01327	1	1	0	4	wgd	hormone	4
g002592	crop2	0	OG01010	0	1	0	5	proximal	enzyme	4
g002593	crop2	0	OG01059	0	0	1	1	singleton	enzyme	2
g002594	crop2	0	OG01159	1	1	0	4	wgd	enzyme	1
g002595	crop2	0	OG01173	1	1	0	3	wgd	TF	4
g002596	crop2	0	OG01090	0	1	0	5	dispersed	other	3
g002597	crop2	0	OG01112	0	1	0	6	transposed	other	1
g002598	crop2	0	OG01254	0	1	0	11	dispersed	TF	3
g002599	crop2	0	OG01209	0	1	0	11	dispersed	TF	4
g002600	crop2	0	OG01201	1	1	0	6	wgd	hormone	1
g002601	crop2	0	OG01295	0	1	0	3	transposed	TF	2
g002602	crop2	0	OG01036	0	1	0	3	transposed	transporter	2
g002603	crop2	0	OG01229	0	0	1	1	singleton	TF	4
g002604	crop2	0	OG01018	0	1	0	2	tandem	enzyme	1
g002605	crop2	0	OG01290	0	1	0	9	tandem	other	4
g002606	crop2	0	OG01137	0	1	0	6	tandem	kinase	4
g002607	crop2	0	OG01350	1	1	0	11	wgd	TF	4
g002608	crop2	0	OG01307	1	1	0	8	wgd	TF	3
g002609	crop2	0	OG01065	0	0	1	1	singleton	kinase	1
g002610	crop2	0	OG01090	0	1	0	10	dispersed	hormone	3
g002611	crop2	0	OG01154	1	1	0	11	wgd	other	1
g002612	crop2	0	OG01057	0	1	0	11	dispersed	enzyme	3
g002613	crop2	0	OG01067	1	1	0	9	wgd	kinase	2
g002614	crop2	0	OG01186	0	1	0	3	proximal	defense	1
g002615	crop2	0	OG01201	0	1	0	6	transposed	defense	4
g002616	crop2	0	OG01044	1	1	0	4	wgd	hormone	3
g002617	crop2	0	OG01272	0	1	0	7	transposed	enzyme	3
g002618	crop2	0	OG01156	0	0	1	1	singleton	other	2
g002619	crop2	0	OG01081	0	0	1	1	singleton	enzyme	4
g002620	crop2	0	OG01198	0	1	0	4	transposed	kinase	2
g002621	crop2	0	OG01369	1	1	0	9	wgd	other	1
g002622	crop2	0	OG01122	1	1	0	2	wgd	transporter	4
g002623	crop2	0	OG01159	0	1	0	11	transposed	other	1
g002624	crop2	0	OG01136	1	1	0	4	wgd	hormone	1
g002625	crop2	0	OG01027	0	0	1	1	singleton	hormone	4
g002626	crop2	0	OG01167	0	1	0	10	dispersed	kinase	3
g002627	crop2	0	OG01364	1	1	0	7	wgd	other	3
g002628	crop2	0	OG01374	0	1	0	6	transposed	defense	3
g002629	crop2	0	OG01381	0	1	0	11	transposed	hormone	2
g002630	crop2	0	OG01037	1	1	0	8	wgd	kinase	4
g002631	crop2	0	OG01307	0	1	0	4	transposed	transporter	3
g002632	crop2	0	OG01115	1	1	0	7	wgd	transporter	1
g002633	crop2	0	OG01332	1	1	0	6	wgd	TF	2
g002634	crop2	0	OG01235	0	1	0	8	dispersed	enzyme	4
g002635	crop2	0	OG01311	1	1	0	5	wgd	other	4
g002636	crop2	0	OG01321	0	1	0	8	transposed	hormone	4
g002637	crop2	0	OG01374	1	1	0	4	wgd	enzyme	4
g002638	crop2	0	OG01081	0	1	0	4	transposed	enzyme	4
g002639	crop2	0	OG01149	0	1	0	8	tandem	defense	1
g002640	crop2	0	OG01101	0	1	0	11	tandem	defense	3
g002641	crop2	0	OG01368	0	1	0	9	dispersed	other	4
g002642	crop2	0	OG01274	0	1	0	8	dispersed	hormone	3
g002643	crop2	0	OG01373	0	1	0	7	dispersed	other	4
g002644	crop2	0	OG01261	0	1	0	10	transposed	defense	2
g002645	crop2	1	OG01031	0	1	0	7	proximal	TF	1
g002646	crop2	0	OG01105	0	1	0	7	transposed	other	1
g002647	crop2	0	OG01248	0	1	0	9	transposed	enzyme	4
g002648	crop2	0	OG01153	1	1	0	6	wgd	TF	2
g002649	crop2	0	OG01191	0	1	0	2	proximal	transporter	4
g002650	crop2	0	OG01325	0	1	0	3	tandem	enzyme	2
g002651	crop2	0	OG01318	0	1	0	7	dispersed	enzyme	1
g002652	crop2	0	OG01114	0	1	0	8	transposed	kinase	3
g002653	crop2	0	OG01395	0	1	0	10	transposed	enzyme	1
g002654	crop2	0	OG01232	0	0	1	1	singleton	enzyme	1
g002655	crop2	0	OG01217	1	1	0	5	wgd	hormone	2
g002656	crop2	0	OG01280	1	1	0	7	wgd	hormone	3
g002657	crop2	0	OG01181	1	1	0	9	wgd	other	3
g002658	crop2	0	OG01109	0	1	0	7	tandem	enzyme	1
g002659	crop2	0	OG01189	1	1	0	3	wgd	TF	3
g002660	crop2	0	OG01112	0	1	0	10	dispersed	defense	1
g002661	crop2	0	OG01100	1	1	0	3	wgd	TF	3
g002662	crop2	0	OG01275	0	1	0	8	transposed	kinase	3
g002663	crop2	0	OG01050	0	1	0	11	transposed	kinase	2
g002664	crop2	0	OG01275	1	1	0	10	wgd	enzyme	3
g002665	crop2	0	OG01014	0	1	0	10	proximal	other	4
g002666	crop2	0	OG01086	0	1	0	6	dispersed	transporter	1
g002667	crop2	0	OG01246	0	1	0	6	transposed	enzyme	2
g002668	crop2	0	OG01346	0	1	0	3	tandem	enzyme	2
g002669	crop2	0	OG01346	0	1	0	11	transposed	other	2
g002670	crop2	0	OG01200	1	1	0	4	wgd	TF	2
g002671	crop2	0	OG01102	0	1	0	11	transposed	kinase	3
g002672	crop2	0	OG01158	1	1	0	4	wgd	kinase	3
g002673	crop2	0	OG01183	0	1	0	4	transposed	defense	3
g002674	crop2	0	OG01022	1	1	0	5	wgd	kinase	2
g002675	crop2	0	OG01301	0	0	1	1	singleton	enzyme	2
g002676	crop2	0	OG01009	0	1	0	3	proximal	TF	1
g002677	crop2	0	OG01053	1	1	0	8	wgd	enzyme	3
g002678	crop2	0	OG01177	0	1	0	3	tandem	TF	3
g002679	crop2	0	OG01324	0	1	0	9	transposed	other	2
g002680	crop2	0	OG01031	0	1	0	10	proximal	enzyme	4
g002681	crop2	0	OG01298	0	1	0	9	dispersed	defense	3
g002682	crop2	0	OG01366	0	1	0	5	transposed	hormone	2
g002683	crop2	0	OG01342	0	1	0	3	dispersed	kinase	1
g002684	crop2	0	OG01351	1	1	0	9	wgd	other	2
g002685	crop2	0	OG01172	0	1	0	6	dispersed	other	4
g002686	crop2	0	OG01166	1	1	0	5	wgd	hormone	3
g002687	crop2	0	OG01266	0	1	0	9	dispersed	enzyme	1
g002688	crop2	0	OG01185	1	1	0	11	wgd	kinase	4
g002689	crop2	0	OG01317	0	1	0	5	proximal	other	3
g002690	crop2	0	OG01192	0	1	0	3	transposed	other	1
g002691	crop2	0	OG01287	0	1	0	9	transposed	hormone	3
g002692	crop2	0	OG01390	0	1	0	10	dispersed	transporter	2
g002693	crop2	1	OG01353	1	1	0	7	wgd	TF	2
g002694	crop2	0	OG01136	0	1	0	11	dispersed	kinase	4
g002695	crop2	0	OG01066	0	1	0	9	tandem	defense	1
g002696	crop2	0	OG01216	0	1	0	11	transposed	other	4
g002697	crop2	0	OG01091	0	0	1	1	singleton	hormone	4
g002698	crop2	0	OG01214	0	1	0	3	dispersed	enzyme	1
g002699	crop2	0	OG01152	0	1	0	2	transposed	TF	4
g002700	crop2	0	OG01163	0	1	0	5	transposed	kinase	1
g002701	crop2	0	OG01274	1	1	0	6	wgd	TF	2
g002702	crop2	0	OG01271	0	1	0	11	dispersed	transporter	3
g002703	crop2	0	OG01271	0	1	0	11	dispersed	defense	1
g002704	crop2	0	OG01002	1	1	0	8	wgd	other	3
g002705	crop2	0	OG01095	0	1	0	3	transposed	other	2
g002706	crop2	0	OG01136	1	1	0	6	wgd	TF	3
g002707	crop2	0	OG01161	0	1	0	3	tandem	transporter	4
g002708	crop2	0	OG01276	0	1	0	8	transposed	enzyme	4
g002709	crop2	0	OG01039	0	1	0	4	dispersed	enzyme	3
g002710	crop2	0	OG01194	0	1	0	10	proximal	enzyme	2
g002711	crop2	0	OG01045	0	1	0	3	proximal	transporter	1
g002712	crop2	0	OG01065	0	1	0	3	transposed	transporter	2
g002713	crop2	0	OG01393	0	1	0	7	tandem	enzyme	1
g002714	crop2	0	OG01245	1	1	0	6	wgd	other	2
g002715	crop2	0	OG01069	0	1	0	8	dispersed	other	1
g002716	crop2	0	OG01170	0	1	0	10	proximal	enzyme	4
g002717	crop2	0	OG01136	0	1	0	2	tandem	hormone	2
g002718	crop2	0	OG01370	0	1	0	6	transposed	kinase	4
g002719	crop2	0	OG01147	0	1	0	5	dispersed	enzyme	4
g002720	crop2	0	OG01094	0	1	0	10	dispersed	other	2
g002721	crop2	0	OG01078	0	1	0	6	tandem	kinase	3
g002722	crop2	0	OG01113	0	1	0	4	tandem	defense	2
g002723	crop2	0	OG01207	1	1	0	10	wgd	enzyme	3
g002724	crop2	0	OG01228	0	1	0	3	transposed	other	2
g002725	crop2	0	OG01264	1	1	0	8	wgd	hormone	3
g002726	crop2	0	OG01310	0	1	0	7	transposed	other	1
g002727	crop2	0	OG01158	0	0	1	1	singleton	other	1
g002728	crop2	0	OG01128	0	1	0	7	transposed	kinase	2
g002729	crop2	0	OG01068	0	1	0	5	dispersed	defense	2
g002730	crop2	0	OG01185	1	1	0	3	wgd	TF	3
g002731	crop2	0	OG01304	0	0	1	1	singleton	other	2
g002732	crop2	0	OG01155	0	1	0	10	transposed	other	4
g002733	crop2	0	OG01157	0	1	0	5	dispersed	hormone	1
g002734	crop2	0	OG01227	0	1	0	5	dispersed	other	3
g002735	crop2	0	OG01166	0	1	0	4	transposed	other	2
g002736	crop2	0	OG01169	0	1	0	8	dispersed	TF	4
g002737	crop2	0	OG01165	1	1	0	11	wgd	TF	2
g002738	crop2	0	OG01168	0	1	0	2	transposed	TF	2
g002739	crop2	0	OG01221	0	1	0	8	transposed	transporter	4
g002740	crop2	0	OG01106	1	1	0	2	wgd	enzyme	2
g002741	crop2	0	OG01181	0	1	0	6	transposed	TF	4
g002742	crop2	0	OG01118	1	1	0	7	wgd	hormone	4
g002743	crop2	0	OG01332	1	1	0	3	wgd	other	2
g002744	crop2	0	OG01086	0	1	0	3	tandem	enzyme	2
g002745	crop2	0	OG01154	0	1	0	11	tandem	defense	3
g002746	crop2	0	OG01231	0	1	0	3	proximal	defense	2
g002747	crop2	0	OG01399	0	1	0	7	dispersed	other	4
g002748	crop2	0	OG01365	1	1	0	7	wgd	TF	3
g002749	crop2	0	OG01058	1	1	0	9	wgd	transporter	4
g002750	crop2	0	OG01252	0	1	0	7	tandem	defense	3
g002751	crop2	0	OG01392	1	1	0	9	wgd	TF	4
g002752	crop2	0	OG01186	0	1	0	8	dispersed	other	2
g002753	crop2	0	OG01308	0	1	0	4	dispersed	defense	1
g002754	crop2	0	OG01348	0	1	0	5	dispersed	other	2
g002755	crop2	0	OG01203	0	1	0	8	dispersed	other	1
g002756	crop2	0	OG01040	1	1	0	7	wgd	hormone	2
g002757	crop2	0	OG01323	1	1	0	10	wgd	TF	3
g002758	crop2	0	OG01321	0	1	0	8	dispersed	other	2
g002759	crop2	0	OG01093	0	0	1	1	singleton	other	1
g002760	crop2	0	OG01215	0	0	1	1	singleton	transporter	1
g002761	crop2	0	OG01222	0	1	0	7	tandem	hormone	3
g002762	crop2	0	OG01320	1	1	0	8	wgd	hormone	1
g002763	crop2	0	OG01179	1	1	0	6	wgd	TF	3
g002764	crop2	0	OG01322	0	1	0	11	tandem	transporter	1
g002765	crop2	0	OG01202	0	1	0	7	dispersed	TF	2
g002766	crop2	0	OG01230	1	1	0	9	wgd	kinase	2
g002767	crop2	0	OG01319	1	1	0	3	wgd	TF	1
g002768	crop2	0	OG01048	0	1	0	3	tandem	kinase	3
g002769	crop2	0	OG01033	0	1	0	10	dispersed	TF	2
g002770	crop2	0	OG01009	1	1	0	7	wgd	transporter	4
g002771	crop2	0	OG01257	1	1	0	7	wgd	TF	3
g002772	crop2	0	OG01248	1	1	0	7	wgd	transporter	3
g002773	crop2	0	OG01196	1	1	0	7	wgd	hormone	1
g002774	crop2	0	OG01388	0	1	0	11	proximal	transporter	4
g002775	crop2	0	OG01290	1	1	0	5	wgd	defense	1
g002776	crop2	0	OG01091	0	1	0	10	proximal	enzyme	3
g002777	crop2	0	OG01361	0	1	0	3	dispersed	enzyme	4
g002778	crop2	0	OG01360	1	1	0	11	wgd	TF	4
g002779	crop2	0	OG01043	0	1	0	6	dispersed	kinase	4
g002780	crop2	0	OG01036	1	1	0	2	wgd	hormone	4
g002781	crop2	0	OG01127	1	1	0	5	wgd	transporter	2
g002782	crop2	0	OG01032	0	1	0	3	transposed	other	4
g002783	crop2	0	OG01370	1	1	0	8	wgd	hormone	1
g002784	crop2	0	OG01036	0	1	0	2	transposed	other	2
g002785	crop2	0	OG01126	1	1	0	5	wgd	kinase	4
g002786	crop2	0	OG01276	0	1	0	4	proximal	defense	3
g002787	crop2	0	OG01328	0	1	0	2	transposed	enzyme	2
g002788	crop2	0	OG01301	0	1	0	5	transposed	hormone	1
g002789	crop2	0	OG01370	0	1	0	3	tandem	enzyme	1
g002790	crop2	0	OG01090	0	1	0	6	tandem	enzyme	1
g002791	crop2	0	OG01364	0	1	0	5	tandem	enzyme	4
g002792	crop2	0	OG01202	0	1	0	8	transposed	hormone	4
g002793	crop2	0	OG01141	0	1	0	7	proximal	hormone	4
g002794	crop2	0	OG01051	0	1	0	8	proximal	other	2
g002795	crop2	0	OG01126	0	1	0	8	transposed	TF	2
g002796	crop2	0	OG01201	0	0	1	1	singleton	enzyme	2
g002797	crop2	0	OG01097	0	1	0	7	dispersed	defense	4
g002798	crop2	0	OG01065	0	1	0	3	dispersed	transporter	1
g002799	crop2	0	OG01041	1	1	0	4	wgd	transporter	4
g002800	crop2	0	OG01219	1	1	0	7	wgd	TF	1
g002801	crop2	0	OG01147	0	1	0	4	transposed	other	2
g002802	crop2	0	OG01361	0	1	0	4	transposed	defense	2
g002803	crop2	0	OG01307	1	1	0	9	wgd	TF	4
g002804	crop2	0	OG01119	0	1	0	11	dispersed	enzyme	1
g002805	crop2	0	OG01350	1	1	0	5	wgd	TF	4
g002806	crop2	0	OG01208	0	1	0	2	transposed	other	2
g002807	crop2	0	OG01399	1	1	0	5	wgd	TF	1
g002808	crop2	0	OG01263	1	1	0	10	wgd	enzyme	3
g002809	crop2	0	OG01012	0	1	0	9	dispersed	other	4
g002810	crop2	0	OG01219	0	0	1	1	singleton	defense	1
g002811	crop2	0	OG01282	0	1	0	10	transposed	kinase	4
g002812	crop2	0	OG01017	0	1	0	10	dispersed	other	4
g002813	crop2	0	OG01075	0	1	0	4	transposed	TF	3
g002814	crop2	0	OG01015	0	1	0	9	transposed	enzyme	4
g002815	crop2	0	OG01168	1	1	0	2	wgd	TF	4
g002816	crop2	0	OG01027	0	1	0	11	tandem	other	2
g002817	crop2	0	OG01330	0	1	0	8	transposed	TF	3
g002818	crop2	0	OG01179	0	1	0	5	transposed	transporter	4
g002819	crop2	0	OG01034	0	0	1	1	singleton	TF	3
g002820	crop2	0	OG01141	1	1	0	5	wgd	TF	3
g002821	crop2	0	OG01123	1	1	0	6	wgd	TF	2
g002822	crop2	0	OG01067	0	1	0	4	transposed	kinase	2
g002823	crop2	0	OG01293	1	1	0	8	wgd	TF	3
g002824	crop2	0	OG01022	0	1	0	3	transposed	TF	1
g002825	crop2	0	OG01242	0	1	0	9	dispersed	kinase	4
g002826	crop2	0	OG01349	0	1	0	5	transposed	defense	1
g002827	crop2	0	OG01243	0	1	0	3	transposed	kinase	3
g002828	crop2	0	OG01317	0	1	0	8	dispersed	other	4
g002829	crop2	0	OG01383	0	1	0	6	dispersed	other	4
g002830	crop2	0	OG01261	0	1	0	8	tandem	kinase	1
g002831	crop2	0	OG01064	0	0	1	1	singleton	enzyme	4
g002832	crop2	0	OG01216	1	1	0	5	wgd	hormone	4
g002833	crop2	0	OG01223	0	1	0	5	transposed	kinase	2
g002834	crop2	0	OG01123	1	1	0	11	wgd	other	2
g002835	crop2	0	OG01188	0	1	0	9	tandem	other	3
g002836	crop2	0	OG01246	1	1	0	9	wgd	enzyme	3
g002837	crop2	0	OG01220	0	1	0	5	transposed	defense	2
g002838	crop2	0	OG01319	0	1	0	10	tandem	transporter	3
g002839	crop2	0	OG01195	0	1	0	8	transposed	enzyme	2
g002840	crop2	0	OG01073	0	1	0	9	tandem	TF	4
g002841	crop2	0	OG01139	1	1	0	5	wgd	hormone	3
g002842	crop2	0	OG01130	1	1	0	4	wgd	transporter	1
g002843	crop2	0	OG01333	0	1	0	3	tandem	enzyme	1
g002844	crop2	0	OG01008	0	1	0	7	transposed	TF	4
g002845	crop2	0	OG01304	0	1	0	9	transposed	other	1
g002846	crop2	0	OG01262	0	1	0	7	dispersed	TF	3
g002847	crop2	0	OG01128	0	1	0	7	transposed	defense	2
g002848	crop2	0	OG01289	0	1	0	6	dispersed	transporter	1
g002849	crop2	0	OG01081	1	1	0	3	wgd	other	1
g002850	crop2	0	OG01238	1	1	0	2	wgd	other	3
g002851	crop2	1	OG01181	1	1	0	7	wgd	kinase	1
g002852	crop2	0	OG01031	0	1	0	3	dispersed	other	2
g002853	crop2	0	OG01331	0	1	0	2	dispersed	other	4
g002854	crop2	0	OG01330	0	1	0	9	transposed	other	1
g002855	crop2	0	OG01225	1	1	0	8	wgd	enzyme	2
g002856	crop2	0	OG01007	0	1	0	2	dispersed	other	1
g002857	crop2	0	OG01271	0	1	0	11	dispersed	other	2
g002858	crop2	0	OG01115	0	1	0	5	tandem	other	2
g002859	crop2	0	OG01172	0	1	0	11	transposed	defense	1
g002860	crop2	0	OG01313	1	1	0	5	wgd	other	1
g002861	crop2	0	OG01213	0	1	0	5	proximal	other	3
g002862	crop2	0	OG01105	1	1	0	4	wgd	TF	3
g002863	crop2	0	OG01004	0	1	0	8	transposed	defense	4
g002864	crop2	0	OG01044	0	1	0	3	tandem	defense	3
g002865	crop2	0	OG01273	1	1	0	2	wgd	hormone	2
g002866	crop2	0	OG01056	0	0	1	1	singleton	kinase	2
g002867	crop2	0	OG01095	0	1	0	6	transposed	hormone	4
g002868	crop2	0	OG01262	1	1	0	9	wgd	TF	1
g002869	crop2	0	OG01236	0	0	1	1	singleton	enzyme	2
g002870	crop2	0	OG01321	1	1	0	11	wgd	TF	3
g002871	crop2	0	OG01332	1	1	0	7	wgd	hormone	4
g002872	crop2	0	OG01337	0	1	0	3	transposed	other	1
g002873	crop2	0	OG01394	0	1	0	7	dispersed	transporter	2
g002874	crop2	0	OG01113	0	1	0	6	proximal	other	2
g002875	crop2	0	OG01280	0	1	0	10	tandem	TF	2
g002876	crop2	0	OG01304	0	1	0	5	tandem	other	1
g002877	crop2	0	OG01279	0	1	0	9	transposed	TF	4
g002878	crop2	0	OG01289	0	1	0	7	proximal	enzyme	2
g002879	crop2	0	OG01269	1	1	0	10	wgd	other	3
g002880	crop2	0	OG01197	0	1	0	5	tandem	defense	4
g002881	crop2	0	OG01194	0	1	0	3	proximal	other	4
g002882	crop2	0	OG01349	1	1	0	8	wgd	enzyme	3
g002883	crop2	0	OG01373	1	1	0	5	wgd	transporter	1
g002884	crop2	1	OG01383	1	1	0	2	wgd	TF	2
g002885	crop2	0	OG01126	1	1	0	2	wgd	kinase	1
g002886	crop2	0	OG01157	0	1	0	9	tandem	kinase	3
g002887	crop2	0	OG01290	0	1	0	8	transposed	hormone	2
g002888	crop2	0	OG01131	0	1	0	9	dispersed	defense	3
g002889	crop2	0	OG01346	1	1	0	6	wgd	transporter	2
g002890	crop2	0	OG01013	0	1	0	11	dispersed	hormone	2
g002891	crop2	0	OG01349	0	1	0	6	transposed	kinase	3
g002892	crop2	0	OG01178	0	1	0	4	dispersed	kinase	2
g002893	crop2	0	OG01144	0	1	0	9	dispersed	other	4
g002894	crop2	0	OG01131	0	0	1	1	singleton	kinase	4
g002895	crop2	0	OG01048	0	1	0	9	tandem	kinase	4
g002896	crop2	0	OG01243	0	1	0	5	proximal	enzyme	4
g002897	crop2	0	OG01281	0	1	0	11	tandem	transporter	2
g002898	crop2	0	OG01145	0	1	0	11	tandem	transporter	1
g002899	crop2	0	OG01135	0	1	0	9	dispersed	other	2
g002900	crop2	0	OG01038	0	1	0	9	transposed	transporter	4
g002901	crop2	0	OG01365	0	0	1	1	singleton	TF	4
g002902	crop2	0	OG01241	1	1	0	2	wgd	hormone	2
g002903	crop2	0	OG01331	0	1	0	7	transposed	other	1
g002904	crop2	0	OG01281	0	1	0	6	dispersed	enzyme	4
g002905	crop2	0	OG01013	0	1	0	2	proximal	hormone	2
g002906	crop2	0	OG01017	0	1	0	6	dispersed	enzyme	1
g002907	crop2	0	OG01117	1	1	0	6	wgd	hormone	4
g002908	crop2	0	OG01259	1	1	0	2	wgd	TF	4
g002909	crop2	0	OG01375	0	1	0	6	transposed	other	1
g002910	crop2	0	OG01163	1	1	0	7	wgd	hormone	3
g002911	crop2	0	OG01138	1	1	0	2	wgd	TF	4
g002912	crop2	0	OG01337	1	1	0	5	wgd	TF	3
g002913	crop2	0	OG01302	0	1	0	9	tandem	enzyme	3
g002914	crop2	0	OG01046	0	1	0	7	transposed	transporter	3
g002915	crop2	0	OG01100	0	1	0	11	dispersed	transporter	1
g002916	crop2	0	OG01341	0	1	0	2	tandem	enzyme	3
g002917	crop2	0	OG01261	1	1	0	6	wgd	TF	2
g002918	crop2	0	OG01057	0	1	0	11	transposed	transporter	3
g002919	crop2	0	OG01244	1	1	0	2	wgd	other	4
g002920	crop2	0	OG01165	0	1	0	9	tandem	other	3
g002921	crop2	0	OG01281	0	1	0	2	transposed	other	4
g002922	crop2	0	OG01309	1	1	0	9	wgd	hormone	3
g002923	crop2	0	OG01178	0	1	0	8	transposed	defense	1
g002924	crop2	0	OG01237	0	1	0	8	proximal	transporter	2
g002925	crop2	0	OG01268	1	1	0	7	wgd	kinase	4
g002926	crop2	0	OG01365	0	1	0	3	dispersed	defense	4
g002927	crop2	0	OG01392	0	1	0	8	transposed	other	3
g002928	crop2	0	OG01107	1	1	0	10	wgd	other	4
g002929	crop2	0	OG01131	0	1	0	10	dispersed	hormone	1
g002930	crop2	0	OG01265	1	1	0	11	wgd	hormone	2
g002931	crop2	0	OG01044	0	1	0	8	dispersed	defense	4
g002932	crop2	0	OG01183	1	1	0	3	wgd	TF	1
g002933	crop2	0	OG01213	0	1	0	8	transposed	enzyme	2
g002934	crop2	0	OG01002	0	1	0	7	dispersed	enzyme	1
g002935	crop2	0	OG01319	1	1	0	3	wgd	hormone	2
g002936	crop2	0	OG01058	0	1	0	3	tandem	defense	4
g002937	crop2	0	OG01100	0	1	0	10	dispersed	transporter	3
g002938	crop2	0	OG01392	0	1	0	10	tandem	TF	1
g002939	crop2	0	OG01379	0	1	0	11	dispersed	defense	4
g002940	crop2	0	OG01267	0	1	0	8	transposed	TF	4
g002941	crop2	0	OG01077	0	1	0	6	transposed	other	2
g002942	crop2	0	OG01178	0	0	1	1	singleton	hormone	1
g002943	crop2	0	OG01195	0	1	0	6	transposed	TF	1
g002944	crop2	0	OG01338	0	1	0	9	tandem	other	1
g002945	crop2	0	OG01259	0	0	1	1	singleton	TF	4
g002946	crop2	0	OG01001	0	1	0	5	dispersed	enzyme	2
g002947	crop2	0	OG01183	0	1	0	5	dispersed	kinase	2
g002948	crop2	0	OG01016	0	1	0	8	tandem	enzyme	4
g002949	crop2	0	OG01329	1	1	0	8	wgd	other	4
g002950	crop2	1	OG01184	1	1	0	7	wgd	TF	2
g002951	crop2	0	OG01303	0	0	1	1	singleton	hormone	3
g002952	crop2	0	OG01252	0	1	0	7	transposed	transporter	2
g002953	crop2	0	OG01058	0	1	0	2	tandem	enzyme	1
g002954	crop2	0	OG01370	0	0	1	1	singleton	hormone	3
g002955	crop2	0	OG01150	1	1	0	11	wgd	TF	3
g002956	crop2	0	OG01084	0	0	1	1	singleton	enzyme	4
g002957	crop2	0	OG01053	1	1	0	9	wgd	TF	4
g002958	crop2	0	OG01009	0	1	0	8	tandem	kinase	2
g002959	crop2	0	OG01271	0	1	0	6	tandem	defense	3
g002960	crop2	0	OG01261	0	1	0	8	transposed	TF	1
g002961	crop2	0	OG01247	1	1	0	4	wgd	TF	4
g002962	crop2	0	OG01055	0	1	0	3	proximal	hormone	2
g002963	crop2	0	OG01002	0	1	0	2	dispersed	other	1
g002964	crop2	0	OG01120	1	1	0	8	wgd	enzyme	1
g002965	crop2	0	OG01025	0	1	0	11	dispersed	defense	2
g002966	crop2	0	OG01297	0	1	0	3	proximal	enzyme	3
g002967	crop2	0	OG01078	1	1	0	3	wgd	TF	1
g002968	crop2	0	OG01197	0	0	1	1	singleton	other	3
g002969	crop2	0	OG01195	1	1	0	4	wgd	hormone	4
g002970	crop2	0	OG01206	0	1	0	7	transposed	kinase	4
g002971	crop2	0	OG01120	0	1	0	11	transposed	other	1
g002972	crop2	0	OG01185	1	1	0	5	wgd	TF	2
g002973	crop2	0	OG01092	0	1	0	9	transposed	hormone	2
g002974	crop2	0	OG01109	0	1	0	10	dispersed	other	4
g002975	crop2	0	OG01187	0	1	0	6	dispersed	enzyme	2
g002976	crop2	0	OG01338	1	1	0	11	wgd	defense	3
g002977	crop2	0	OG01379	0	0	1	1	singleton	enzyme	3
g002978	crop2	0	OG01097	0	1	0	11	dispersed	other	3
g002979	crop2	0	OG01377	0	1	0	8	transposed	other	4
g002980	crop2	0	OG01378	0	1	0	11	dispersed	TF	1
g002981	crop2	0	OG01277	1	1	0	11	wgd	other	1
g002982	crop2	0	OG01312	1	1	0	5	wgd	other	4
g002983	crop2	0	OG01259	0	1	0	10	dispersed	hormone	2
g002984	crop2	0	OG01204	0	1	0	7	dispersed	enzyme	2
g002985	crop2	0	OG01161	0	1	0	10	tandem	hormone	2
g002986	crop2	0	OG01138	0	0	1	1	singleton	enzyme	1
g002987	crop2	0	OG01372	0	1	0	11	tandem	defense	4
g002988	crop2	0	OG01293	0	1	0	9	dispersed	transporter	4
g002989	crop2	0	OG01145	0	1	0	7	tandem	defense	1
g002990	crop2	0	OG01221	0	1	0	10	dispersed	enzyme	1
g002991	crop2	0	OG01384	0	1	0	2	tandem	other	4
g002992	crop2	0	OG01013	0	0	1	1	singleton	other	1
g002993	crop2	0	OG01183	0	1	0	8	tandem	enzyme	3
g002994	crop2	0	OG01173	0	1	0	6	dispersed	hormone	2
g002995	crop2	0	OG01225	0	1	0	9	tandem	other	4
g002996	crop2	0	OG01378	0	1	0	5	dispersed	kinase	3
g002997	crop2	0	OG01097	0	1	0	9	dispersed	defense	4
g002998	crop2	0	OG01106	0	1	0	6	dispersed	other	1
g002999	crop2	0	OG01352	1	1	0	2	wgd	kinase	4
g003000	crop3	0	OG02373	1	1	0	2	wgd	hormone	1
g003001	crop3	0	OG02163	0	1	0	4	transposed	kinase	4
g003002	crop3	0	OG02395	0	1	0	10	tandem	enzyme	4
g003003	crop3	0	OG02226	0	1	0	2	tandem	enzyme	3
g003004	crop3	0	OG02284	0	1	0	4	tandem	defense	4
g003005	crop3	0	OG02059	0	1	0	6	tandem	other	2
g003006	crop3	0	OG02047	1	1	0	11	wgd	TF	3
g003007	crop3	0	OG02221	1	1	0	8	wgd	other	1
g003008	crop3	0	OG02139	0	1	0	8	dispersed	kinase	4
g003009	crop3	0	OG02056	0	1	0	9	dispersed	other	4
g003010	crop3	0	OG02242	1	1	0	3	wgd	defense	2
g003011	crop3	0	OG02273	0	1	0	2	tandem	defense	4
g003012	crop3	0	OG02349	1	1	0	4	wgd	defense	3
g003013	crop3	0	OG02069	0	1	0	6	transposed	enzyme	3
g003014	crop3	1	OG02138	0	1	0	3	tandem	TF	1
g003015	crop3	0	OG02076	1	1	0	3	wgd	TF	2
g003016	crop3	0	OG02025	0	1	0	7	tandem	enzyme	4
g003017	crop3	0	OG02056	0	1	0	9	proximal	enzyme	4
g003018	crop3	0	OG02259	0	1	0	2	transposed	enzyme	2
g003019	crop3	0	OG02192	0	1	0	7	transposed	defense	2
g003020	crop3	1	OG02347	0	1	0	10	tandem	TF	2
g003021	crop3	0	OG02086	0	1	0	11	tandem	defense	3
g003022	crop3	1	OG02348	0	0	1	1	singleton	TF	3
g003023	crop3	0	OG02282	0	1	0	10	dispersed	other	1
g003024	crop3	0	OG02032	1	1	0	2	wgd	enzyme	2
g003025	crop3	0	OG02130	0	0	1	1	singleton	other	3
g003026	crop3	0	OG02381	1	1	0	9	wgd	TF	1
g003027	crop3	0	OG02262	0	0	1	1	singleton	enzyme	4
g003028	crop3	0	OG02142	0	1	0	3	transposed	TF	3
g003029	crop3	1	OG02238	0	1	0	4	dispersed	enzyme	4
g003030	crop3	0	OG02309	0	1	0	11	dispersed	enzyme	2
g003031	crop3	0	OG02035	1	1	0	8	wgd	kinase	1
g003032	crop3	0	OG02016	1	1	0	8	wgd	TF	1
g003033	crop3	0	OG02334	1	1	0	8	wgd	enzyme	3
g003034	crop3	0	OG02047	1	1	0	3	wgd	hormone	2
g003035	crop3	0	OG02144	0	1	0	2	proximal	transporter	1
g003036	crop3	0	OG02184	0	1	0	8	dispersed	kinase	2
g003037	crop3	0	OG02029	1	1	0	11	wgd	transporter	1
g003038	crop3	0	OG02249	0	1	0	8	dispersed	defense	4
g003039	crop3	0	OG02182	0	1	0	8	dispersed	defense	4
g003040	crop3	1	OG02064	0	1	0	6	tandem	enzyme	2
g003041	crop3	0	OG02128	0	1	0	2	proximal	other	4
g003042	crop3	0	OG02345	1	1	0	9	wgd	TF	3
g003043	crop3	0	OG02210	0	0	1	1	singleton	hormone	2
g003044	crop3	0	OG02200	0	1	0	9	dispersed	enzyme	2
g003045	crop3	0	OG02390	0	1	0	3	tandem	other	3
g003046	crop3	0	OG02303	0	1	0	7	dispersed	other	1
g003047	crop3	0	OG02202	0	1	0	10	dispersed	transporter	2
g003048	crop3	0	OG02374	0	1	0	8	transposed	defense	2
g003049	crop3	0	OG02195	0	1	0	11	proximal	enzyme	1
g003050	crop3	0	OG02318	0	1	0	11	tandem	defense	4
g003051	crop3	0	OG02224	1	1	0	9	wgd	TF	4
g003052	crop3	0	OG02356	0	1	0	3	tandem	enzyme	1
g003053	crop3	0	OG02114	1	1	0	9	wgd	defense	3
g003054	crop3	0	OG02317	1	1	0	10	wgd	transporter	4
g003055	crop3	0	OG02089	0	1	0	8	dispersed	other	3
g003056	crop3	0	OG02263	0	0	1	1	singleton	transporter	1
g003057	crop3	0	OG02158	0	0	1	1	singleton	enzyme	2
g003058	crop3	0	OG02301	0	1	0	3	dispersed	kinase	1
g003059	crop3	0	OG02333	0	1	0	5	dispersed	enzyme	1
g003060	crop3	0	OG02342	0	1	0	5	transposed	TF	3
g003061	crop3	0	OG02270	0	1	0	5	tandem	defense	3
g003062	crop3	0	OG02291	0	1	0	4	proximal	defense	1
g003063	crop3	0	OG02393	1	1	0	8	wgd	TF	2
g003064	crop3	0	OG02117	0	1	0	6	proximal	defense	3
g003065	crop3	0	OG02247	0	1	0	5	transposed	other	4
g003066	crop3	0	OG02175	0	0	1	1	singleton	TF	4
g003067	crop3	0	OG02192	1	1	0	2	wgd	TF	1
g003068	crop3	0	OG02077	0	1	0	6	dispersed	other	4
g003069	crop3	0	OG02295	1	1	0	8	wgd	other	3
g003070	crop3	0	OG02119	0	1	0	2	dispersed	enzyme	2
g003071	crop3	0	OG02222	0	0	1	1	singleton	other	3
g003072	crop3	0	OG02216	0	1	0	6	tandem	defense	2
g003073	crop3	0	OG02068	0	1	0	4	transposed	hormone	4
g003074	crop3	0	OG02305	0	1	0	10	tandem	enzyme	3
g003075	crop3	0	OG02312	0	1	0	7	dispersed	other	2
g003076	crop3	0	OG02020	1	1	0	11	wgd	TF	3
g003077	crop3	0	OG02084	0	0	1	1	singleton	kinase	4
g003078	crop3	0	OG02077	1	1	0	2	wgd	other	1
g003079	crop3	1	OG02090	1	1	0	8	wgd	enzyme	1
g003080	crop3	0	OG02166	0	1	0	9	dispersed	transporter	2
g003081	crop3	0	OG02163	1	1	0	11	wgd	other	1
g003082	crop3	0	OG02284	0	1	0	6	tandem	hormone	1
g003083	crop3	0	OG02240	0	0	1	1	singleton	hormone	3
g003084	crop3	0	OG02056	0	1	0	8	dispersed	hormone	2
g003085	crop3	0	OG02167	0	1	0	11	transposed	kinase	1
g003086	crop3	0	OG02194	1	1	0	8	wgd	kinase	3
g003087	crop3	0	OG02138	0	1	0	9	dispersed	other	1
g003088	crop3	1	OG02292	0	1	0	5	transposed	hormone	3
g003089	crop3	0	OG02303	0	1	0	8	transposed	TF	4
g003090	crop3	0	OG02028	1	1	0	6	wgd	TF	2
g003091	crop3	0	OG02389	0	1	0	7	dispersed	other	4
g003092	crop3	0	OG02347	0	1	0	3	proximal	enzyme	4
g003093	crop3	0	OG02313	1	1	0	6	wgd	hormone	2
g003094	crop3	0	OG02254	0	1	0	6	dispersed	transporter	2
g003095	crop3	0	OG02310	0	1	0	10	tandem	enzyme	2
g003096	crop3	0	OG02166	1	1	0	3	wgd	TF	4
g003097	crop3	0	OG02214	1	1	0	7	wgd	transporter	3
g003098	crop3	0	OG02098	0	1	0	9	transposed	kinase	4
g003099	crop3	0	OG02297	1	1	0	3	wgd	kinase	2
g003100	crop3	0	OG02320	1	1	0	11	wgd	hormone	4
g003101	crop3	0	OG02028	0	1	0	3	transposed	hormone	2
g003102	crop3	0	OG02108	0	1	0	6	dispersed	enzyme	2
g003103	crop3	0	OG02323	0	1	0	4	transposed	transporter	1
g003104	crop3	0	OG02118	1	1	0	8	wgd	enzyme	4
g003105	crop3	0	OG02038	1	1	0	7	wgd	defense	4
g003106	crop3	0	OG02053	1	1	0	4	wgd	TF	1
g003107	crop3	0	OG02004	0	0	1	1	singleton	other	1
g003108	crop3	0	OG02300	0	1	0	7	tandem	defense	2
g003109	crop3	1	OG02158	1	1	0	6	wgd	TF	3
g003110	crop3	0	OG02039	0	1	0	6	tandem	enzyme	3
g003111	crop3	0	OG02383	1	1	0	4	wgd	transporter	3
g003112	crop3	0	OG02078	0	1	0	7	tandem	hormone	2
g003113	crop3	0	OG02315	1	1	0	4	wgd	other	1
g003114	crop3	0	OG02019	0	1	0	11	dispersed	transporter	3
g003115	crop3	0	OG02121	0	1	0	2	transposed	enzyme	3
g003116	crop3	0	OG02074	0	1	0	11	transposed	other	2
g003117	crop3	0	OG02163	0	1	0	9	proximal	enzyme	1
g003118	crop3	0	OG02082	1	1	0	5	wgd	TF	2
g003119	crop3	1	OG02092	1	1	0	5	wgd	defense	4
g003120	crop3	0	OG02084	0	1	0	5	transposed	kinase	2
g003121	crop3	1	OG02159	0	1	0	4	tandem	enzyme	2
g003122	crop3	0	OG02029	0	1	0	9	transposed	kinase	4
g003123	crop3	0	OG02198	0	0	1	1	singleton	TF	1
g003124	crop3	0	OG02017	0	0	1	1	singleton	other	4
g003125	crop3	0	OG02251	1	1	0	3	wgd	enzyme	1
g003126	crop3	0	OG02076	1	1	0	3	wgd	other	1
g003127	crop3	0	OG02269	0	1	0	11	transposed	enzyme	1
g003128	crop3	0	OG02031	1	1	0	6	wgd	hormone	1
g003129	crop3	0	OG02286	0	1	0	7	transposed	TF	2
g003130	crop3	0	OG02135	0	1	0	3	transposed	enzyme	2
g003131	crop3	0	OG02047	0	1	0	11	dispersed	transporter	2
g003132	crop3	0	OG02039	0	0	1	1	singleton	defense	2
g003133	crop3	0	OG02327	0	1	0	9	transposed	transporter	3
g003134	crop3	0	OG02137	1	1	0	3	wgd	other	2
g003135	crop3	0	OG02057	1	1	0	3	wgd	hormone	1
g003136	crop3	0	OG02393	1	1	0	8	wgd	other	3
g003137	crop3	0	OG02025	0	1	0	11	dispersed	hormone	2
g003138	crop3	0	OG02036	0	1	0	10	transposed	TF	1
g003139	crop3	0	OG02102	0	1	0	5	proximal	other	3
g003140	crop3	0	OG02216	0	1	0	6	tandem	enzyme	1
g003141	crop3	0	OG02253	1	1	0	5	wgd	TF	1
g003142	crop3	0	OG02193	0	1	0	3	transposed	transporter	1
g003143	crop3	0	OG02399	1	1	0	7	wgd	enzyme	1
g003144	crop3	0	OG02271	0	1	0	11	transposed	kinase	1
g003145	crop3	0	OG02015	0	1	0	5	proximal	enzyme	2
g003146	crop3	0	OG02199	0	1	0	3	transposed	other	4
g003147	crop3	0	OG02047	0	1	0	11	dispersed	enzyme	2
g003148	crop3	0	OG02255	0	1	0	7	transposed	defense	3
g003149	crop3	0	OG02333	0	1	0	5	transposed	other	1
g003150	crop3	0	OG02288	0	1	0	11	dispersed	TF	4
g003151	crop3	0	OG02246	0	1	0	4	dispersed	enzyme	2
g003152	crop3	0	OG02284	0	1	0	2	dispersed	hormone	4
g003153	crop3	0	OG02165	0	1	0	10	transposed	other	3
g003154	crop3	0	OG02029	1	1	0	4	wgd	TF	4
g003155	crop3	0	OG02393	0	1	0	6	dispersed	TF	1
g003156	crop3	0	OG02119	1	1	0	11	wgd	kinase	2
g003157	crop3	0	OG02365	0	1	0	8	transposed	other	4
g003158	crop3	0	OG02271	0	1	0	2	dispersed	transporter	3
g003159	crop3	0	OG02226	0	1	0	3	dispersed	other	3
g003160	crop3	0	OG02232	1	1	0	6	wgd	TF	4
g003161	crop3	0	OG02356	0	1	0	8	transposed	enzyme	1
g003162	crop3	0	OG02255	0	0	1	1	singleton	kinase	4
g003163	crop3	0	OG02047	1	1	0	5	wgd	hormone	4
g003164	crop3	0	OG02205	0	1	0	4	dispersed	enzyme	4
g003165	crop3	0	OG02310	0	1	0	7	proximal	defense	2
g003166	crop3	0	OG02398	1	1	0	9	wgd	TF	1
g003167	crop3	0	OG02237	0	1	0	8	transposed	enzyme	2
g003168	crop3	0	OG02094	0	0	1	1	singleton	enzyme	2
g003169	crop3	0	OG02391	0	1	0	6	dispersed	other	4
g003170	crop3	0	OG02399	1	1	0	11	wgd	hormone	2
g003171	crop3	0	OG02318	0	1	0	11	dispersed	kinase	3
g003172	crop3	0	OG02003	0	1	0	6	transposed	transporter	4
g003173	crop3	0	OG02180	1	1	0	7	wgd	other	3
g003174	crop3	0	OG02266	0	1	0	4	transposed	other	3
g003175	crop3	0	OG02070	0	1	0	2	tandem	transporter	1
g003176	crop3	0	OG02105	0	1	0	11	dispersed	hormone	4
g003177	crop3	1	OG02212	1	1	0	10	wgd	TF	3
g003178	crop3	0	OG02186	0	1	0	3	tandem	defense	1
g003179	crop3	0	OG02292	0	1	0	7	tandem	defense	4
g003180	crop3	0	OG02201	0	1	0	6	tandem	TF	3
g003181	crop3	0	OG02189	1	1	0	9	wgd	defense	1
g003182	crop3	0	OG02181	1	1	0	4	wgd	hormone	4
g003183	crop3	0	OG02010	0	0	1	1	singleton	transporter	2
g003184	crop3	0	OG02334	0	1	0	8	dispersed	other	4
g003185	crop3	0	OG02004	1	1	0	2	wgd	TF	3
g003186	crop3	0	OG02196	0	1	0	4	dispersed	transporter	3
g003187	crop3	0	OG02126	1	1	0	4	wgd	other	2
g003188	crop3	0	OG02012	0	1	0	2	proximal	kinase	3
g003189	crop3	0	OG02103	0	1	0	5	proximal	defense	2
g003190	crop3	0	OG02261	0	1	0	9	dispersed	kinase	2
g003191	crop3	0	OG02135	1	1	0	5	wgd	TF	3
g003192	crop3	0	OG02381	0	1	0	10	tandem	enzyme	1
g003193	crop3	0	OG02323	0	1	0	11	dispersed	other	1
g003194	crop3	0	OG02078	0	1	0	7	proximal	hormone	1
g003195	crop3	0	OG02205	0	1	0	9	dispersed	other	1
g003196	crop3	0	OG02029	0	1	0	10	transposed	hormone	2
g003197	crop3	1	OG02074	1	1	0	4	wgd	TF	2
g003198	crop3	0	OG02132	1	1	0	9	wgd	TF	2
g003199	crop3	1	OG02026	0	1	0	7	dispersed	kinase	3
g003200	crop3	1	OG02097	1	1	0	4	wgd	enzyme	4
g003201	crop3	0	OG02069	0	0	1	1	singleton	other	2
g003202	crop3	0	OG02323	0	1	0	3	dispersed	other	2
g003203	crop3	0	OG02278	1	1	0	9	wgd	hormone	3
g003204	crop3	0	OG02013	0	1	0	4	tandem	enzyme	3
g003205	crop3	0	OG02332	0	1	0	5	transposed	enzyme	4
g003206	crop3	1	OG02176	1	1	0	6	wgd	hormone	1
g003207	crop3	0	OG02147	0	1	0	9	dispersed	hormone	1
g003208	crop3	0	OG02382	1	1	0	9	wgd	hormone	1
g003209	crop3	0	OG02107	1	1	0	7	wgd	defense	4
g003210	crop3	0	OG02298	0	1	0	3	tandem	defense	1
g003211	crop3	0	OG02231	0	1	0	9	tandem	kinase	3
g003212	crop3	0	OG02108	0	1	0	4	proximal	other	1
g003213	crop3	0	OG02391	0	1	0	6	transposed	TF	3
g003214	crop3	0	OG02110	0	1	0	5	proximal	hormone	4
g003215	crop3	1	OG02120	0	1	0	9	dispersed	kinase	4
g003216	crop3	0	OG02285	1	1	0	7	wgd	TF	4
g003217	crop3	0	OG02315	0	1	0	9	dispersed	TF	4
g003218	crop3	0	OG02036	0	1	0	4	dispersed	other	1
g003219	crop3	0	OG02083	0	1	0	6	tandem	hormone	4
g003220	crop3	1	OG02275	0	1	0	10	dispersed	other	2
g003221	crop3	0	OG02248	0	0	1	1	singleton	transporter	4
g003222	crop3	0	OG02136	1	1	0	10	wgd	transporter	4
g003223	crop3	0	OG02114	0	1	0	2	dispersed	hormone	2
g003224	crop3	0	OG02091	0	1	0	3	dispersed	hormone	4
g003225	crop3	0	OG02349	1	1	0	10	wgd	other	1
g003226	crop3	0	OG02108	1	1	0	11	wgd	hormone	3
g003227	crop3	0	OG02067	0	0	1	1	singleton	transporter	2
g003228	crop3	0	OG02363	0	1	0	6	proximal	enzyme	4
g003229	crop3	0	OG02267	1	1	0	6	wgd	enzyme	4
g003230	crop3	0	OG02239	1	1	0	8	wgd	hormone	1
g003231	crop3	0	OG02393	0	1	0	5	transposed	kinase	4
g003232	crop3	0	OG02104	0	1	0	6	tandem	defense	2
g003233	crop3	0	OG02283	0	1	0	4	transposed	enzyme	2
g003234	crop3	0	OG02160	0	0	1	1	singleton	TF	2
g003235	crop3	0	OG02138	0	1	0	7	proximal	enzyme	4
g003236	crop3	0	OG02150	0	0	1	1	singleton	other	4
g003237	crop3	0	OG02335	1	1	0	6	wgd	other	2
g003238	crop3	0	OG02216	0	1	0	4	tandem	enzyme	1
g003239	crop3	0	OG02319	0	1	0	8	proximal	other	2
g003240	crop3	0	OG02326	0	1	0	9	tandem	enzyme	4
g003241	crop3	0	OG02331	0	1	0	3	transposed	enzyme	1
g003242	crop3	0	OG02062	0	1	0	9	dispersed	transporter	3
g003243	crop3	0	OG02261	1	1	0	7	wgd	TF	2
g003244	crop3	0	OG02069	0	1	0	6	dispersed	enzyme	1
g003245	crop3	0	OG02001	0	1	0	11	transposed	enzyme	2
g003246	crop3	0	OG02269	1	1	0	10	wgd	defense	3
g003247	crop3	0	OG02300	1	1	0	11	wgd	transporter	4
g003248	crop3	0	OG02179	0	1	0	2	transposed	TF	1
g003249	crop3	0	OG02322	1	1	0	2	wgd	other	1
g003250	crop3	0	OG02338	0	1	0	8	tandem	defense	4
g003251	crop3	0	OG02370	0	1	0	10	dispersed	other	2
g003252	crop3	0	OG02019	1	1	0	11	wgd	hormone	1
g003253	crop3	0	OG02390	0	1	0	4	dispersed	transporter	1
g003254	crop3	0	OG02118	1	1	0	7	wgd	TF	2
g003255	crop3	0	OG02352	0	1	0	10	tandem	enzyme	4
g003256	crop3	0	OG02191	0	1	0	6	transposed	TF	1
g003257	crop3	0	OG02155	0	1	0	11	dispersed	transporter	4
g003258	crop3	0	OG02095	0	1	0	7	transposed	enzyme	1
g003259	crop3	0	OG02368	1	1	0	7	wgd	transporter	1
g003260	crop3	0	OG02230	1	1	0	7	wgd	TF	3
g003261	crop3	0	OG02240	0	0	1	1	singleton	defense	1
g003262	crop3	0	OG02193	1	1	0	10	wgd	hormone	4
g003263	crop3	0	OG02092	0	1	0	3	transposed	defense	1
g003264	crop3	0	OG02167	0	1	0	7	proximal	TF	1
g003265	crop3	0	OG02372	1	1	0	11	wgd	hormone	1
g003266	crop3	0	OG02346	0	1	0	11	transposed	defense	1
g003267	crop3	0	OG02253	0	1	0	5	proximal	kinase	4
g003268	crop3	0	OG02322	0	1	0	11	dispersed	defense	2
g003269	crop3	0	OG02013	0	0	1	1	singleton	kinase	1
g003270	crop3	0	OG02298	0	1	0	6	dispersed	defense	2
g003271	crop3	0	OG02121	1	1	0	8	wgd	other	4
g003272	crop3	0	OG02064	1	1	0	6	wgd	hormone	4
g003273	crop3	0	OG02064	0	1	0	4	dispersed	TF	1
g003274	crop3	0	OG02290	1	1	0	5	wgd	TF	3
g003275	crop3	0	OG02281	1	1	0	4	wgd	kinase	2
g003276	crop3	0	OG02267	1	1	0	10	wgd	TF	1
g003277	crop3	0	OG02232	0	1	0	10	dispersed	other	2
g003278	crop3	0	OG02081	1	1	0	10	wgd	enzyme	2
g003279	crop3	0	OG02176	0	0	1	1	singleton	hormone	2
g003280	crop3	0	OG02288	0	0	1	1	singleton	hormone	3
g003281	crop3	0	OG02365	0	0	1	1	singleton	hormone	3
g003282	crop3	0	OG02395	0	1	0	10	transposed	other	1
g003283	crop3	0	OG02319	0	1	0	7	transposed	enzyme	2
g003284	crop3	0	OG02233	0	0	1	1	singleton	hormone	4
g003285	crop3	0	OG02235	0	1	0	4	tandem	enzyme	2
g003286	crop3	0	OG02303	0	1	0	6	dispersed	TF	3
g003287	crop3	0	OG02275	1	1	0	9	wgd	transporter	1
g003288	crop3	0	OG02339	0	1	0	3	tandem	enzyme	4
g003289	crop3	0	OG02179	0	0	1	1	singleton	kinase	3
g003290	crop3	0	OG02176	0	1	0	5	transposed	enzyme	3
g003291	crop3	0	OG02280	0	0	1	1	singleton	other	4
g003292	crop3	0	OG02026	0	1	0	2	tandem	enzyme	1
g003293	crop3	0	OG02313	0	1	0	8	transposed	other	1
g003294	crop3	0	OG02286	0	1	0	10	transposed	TF	1
g003295	crop3	0	OG02144	0	1	0	9	dispersed	other	4
g003296	crop3	0	OG02115	0	1	0	7	tandem	kinase	1
g003297	crop3	0	OG02219	0	1	0	4	transposed	hormone	4
g003298	crop3	0	OG02225	0	1	0	6	tandem	enzyme	4
g003299	crop3	0	OG02271	0	1	0	4	transposed	hormone	1
g003300	crop3	0	OG02261	0	1	0	9	tandem	TF	3
g003301	crop3	0	OG02083	1	1	0	3	wgd	hormone	2
g003302	crop3	0	OG02222	0	1	0	8	dispersed	enzyme	3
g003303	crop3	0	OG02034	0	1	0	5	transposed	other	4
g003304	crop3	0	OG02255	0	1	0	10	transposed	other	4
g003305	crop3	0	OG02364	0	1	0	10	transposed	TF	2
g003306	crop3	0	OG02197	1	1	0	5	wgd	TF	2
g003307	crop3	0	OG02242	0	1	0	7	dispersed	enzyme	4
g003308	crop3	0	OG02399	0	1	0	4	transposed	TF	4
g003309	crop3	0	OG02112	0	1	0	10	tandem	defense	2
g003310	crop3	0	OG02079	0	1	0	4	dispersed	enzyme	4
g003311	crop3	0	OG02338	0	1	0	3	transposed	other	4
g003312	crop3	0	OG02201	0	1	0	6	dispersed	kinase	4
g003313	crop3	0	OG02366	0	1	0	10	transposed	enzyme	2
g003314	crop3	0	OG02088	1	1	0	7	wgd	hormone	2
g003315	crop3	0	OG02033	0	1	0	7	transposed	kinase	1
g003316	crop3	0	OG02290	0	1	0	7	dispersed	other	4
g003317	crop3	0	OG02386	0	1	0	9	proximal	defense	3
g003318	crop3	0	OG02088	0	1	0	3	transposed	enzyme	4
g003319	crop3	0	OG02381	0	1	0	4	transposed	enzyme	3
g003320	crop3	0	OG02157	0	1	0	4	transposed	other	3
g003321	crop3	0	OG02182	0	1	0	3	transposed	TF	3
g003322	crop3	0	OG02357	0	0	1	1	singleton	hormone	3
g003323	crop3	0	OG02033	1	1	0	2	wgd	kinase	1
g003324	crop3	0	OG02371	1	1	0	10	wgd	enzyme	1
g003325	crop3	0	OG02029	0	1	0	6	transposed	other	1
g003326	crop3	0	OG02046	0	1	0	11	dispersed	TF	1
g003327	crop3	0	OG02130	0	1	0	5	dispersed	hormone	3
g003328	crop3	0	OG02331	1	1	0	2	wgd	defense	3
g003329	crop3	0	OG02005	1	1	0	4	wgd	transporter	1
g003330	crop3	1	OG02248	1	1	0	10	wgd	kinase	1
g003331	crop3	0	OG02155	0	1	0	9	proximal	TF	1
g003332	crop3	0	OG02132	0	1	0	7	transposed	defense	3
g003333	crop3	0	OG02274	0	1	0	4	transposed	hormone	1
g003334	crop3	0	OG02160	1	1	0	6	wgd	enzyme	4
g003335	crop3	0	OG02282	0	1	0	7	dispersed	other	2
g003336	crop3	0	OG02109	0	1	0	6	dispersed	transporter	1
g003337	crop3	0	OG02159	0	0	1	1	singleton	TF	3
g003338	crop3	0	OG02267	0	1	0	7	transposed	defense	4
g003339	crop3	0	OG02260	0	1	0	3	dispersed	defense	3
g003340	crop3	0	OG02168	0	1	0	10	dispersed	other	2
g003341	crop3	0	OG02202	0	0	1	1	singleton	enzyme	2
g003342	crop3	0	OG02227	0	1	0	2	proximal	enzyme	1
g003343	crop3	0	OG02070	0	1	0	8	transposed	defense	2
g003344	crop3	0	OG02037	1	1	0	4	wgd	enzyme	2
g003345	crop3	0	OG02215	1	1	0	7	wgd	hormone	4
g003346	crop3	0	OG02247	0	1	0	9	dispersed	enzyme	2
g003347	crop3	0	OG02029	0	0	1	1	singleton	kinase	1
g003348	crop3	0	OG02186	0	1	0	8	tandem	defense	1
g003349	crop3	0	OG02208	0	1	0	2	transposed	enzyme	3
g003350	crop3	0	OG02375	0	1	0	5	transposed	hormone	3
g003351	crop3	0	OG02093	0	1	0	11	dispersed	defense	4
g003352	crop3	0	OG02071	0	1	0	6	dispersed	TF	2
g003353	crop3	0	OG02081	0	1	0	3	dispersed	transporter	1
g003354	crop3	0	OG02270	0	1	0	5	tandem	enzyme	3
g003355	crop3	0	OG02086	0	1	0	11	dispersed	TF	4
g003356	crop3	1	OG02203	1	1	0	4	wgd	hormone	3
g003357	crop3	0	OG02294	0	1	0	5	transposed	other	3
g003358	crop3	0	OG02071	0	1	0	10	dispersed	defense	2
g003359	crop3	0	OG02119	0	1	0	8	tandem	TF	1
g003360	crop3	0	OG02367	0	0	1	1	singleton	enzyme	4
g003361	crop3	0	OG02103	0	1	0	3	transposed	defense	2
g003362	crop3	0	OG02209	0	1	0	2	transposed	defense	2
g003363	crop3	0	OG02336	1	1	0	3	wgd	enzyme	4
g003364	crop3	0	OG02070	0	0	1	1	singleton	transporter	2
g003365	crop3	0	OG02201	0	1	0	7	transposed	transporter	1
g003366	crop3	0	OG02284	0	1	0	6	transposed	defense	3
g003367	crop3	0	OG02097	0	1	0	8	dispersed	enzyme	2
g003368	crop3	0	OG02116	1	1	0	7	wgd	transporter	4
g003369	crop3	0	OG02301	1	1	0	2	wgd	other	1
g003370	crop3	0	OG02385	0	1	0	6	tandem	enzyme	1
g003371	crop3	0	OG02203	0	1	0	10	transposed	enzyme	3
g003372	crop3	0	OG02382	0	1	0	10	dispersed	transporter	4
g003373	crop3	0	OG02023	0	1	0	6	proximal	kinase	2
g003374	crop3	0	OG02071	0	0	1	1	singleton	TF	3
g003375	crop3	0	OG02173	0	1	0	11	transposed	other	2
g003376	crop3	0	OG02215	1	1	0	9	wgd	kinase	2
g003377	crop3	0	OG02382	0	0	1	1	singleton	other	2
g003378	crop3	0	OG02180	0	0	1	1	singleton	defense	2
g003379	crop3	0	OG02120	0	1	0	4	transposed	hormone	1
g003380	crop3	0	OG02288	0	1	0	8	dispersed	defense	4
g003381	crop3	0	OG02270	0	1	0	5	tandem	defense	2
g003382	crop3	0	OG02163	1	1	0	7	wgd	hormone	2
g003383	crop3	0	OG02132	0	1	0	10	tandem	enzyme	4
g003384	crop3	0	OG02252	0	0	1	1	singleton	enzyme	3
g003385	crop3	0	OG02208	0	1	0	2	transposed	TF	2
g003386	crop3	0	OG02011	0	1	0	6	transposed	hormone	4
g003387	crop3	0	OG02390	0	1	0	2	proximal	enzyme	2
g003388	crop3	0	OG02196	0	1	0	4	proximal	defense	3
g003389	crop3	0	OG02251	0	0	1	1	singleton	kinase	4
g003390	crop3	0	OG02064	0	1	0	8	transposed	transporter	3
g003391	crop3	1	OG02150	0	1	0	3	dispersed	defense	2
g003392	crop3	0	OG02380	1	1	0	7	wgd	TF	1
g003393	crop3	0	OG02330	1	1	0	7	wgd	transporter	1
g003394	crop3	1	OG02369	0	1	0	6	transposed	enzyme	4
g003395	crop3	0	OG02072	0	1	0	3	transposed	other	1
g003396	crop3	0	OG02338	1	1	0	5	wgd	TF	3
g003397	crop3	0	OG02323	0	1	0	6	tandem	other	2
g003398	crop3	0	OG02141	0	1	0	5	transposed	defense	4
g003399	crop3	0	OG02224	0	1	0	9	dispersed	other	1
g003400	crop3	0	OG02294	0	1	0	9	transposed	enzyme	1
g003401	crop3	1	OG02375	0	1	0	8	tandem	other	3
g003402	crop3	0	OG02353	1	1	0	5	wgd	kinase	1
g003403	crop3	0	OG02175	0	1	0	8	transposed	hormone	1
g003404	crop3	0	OG02231	1	1	0	9	wgd	kinase	3
g003405	crop3	0	OG02380	1	1	0	9	wgd	transporter	1
g003406	crop3	0	OG02178	0	1	0	5	dispersed	transporter	2
g003407	crop3	0	OG02092	0	1	0	3	transposed	TF	2
g003408	crop3	0	OG02264	0	1	0	9	tandem	enzyme	1
g003409	crop3	0	OG02340	0	1	0	4	dispersed	enzyme	4
g003410	crop3	0	OG02239	0	1	0	8	tandem	enzyme	3
g003411	crop3	0	OG02013	0	1	0	10	transposed	enzyme	3
g003412	crop3	0	OG02337	0	1	0	7	dispersed	defense	2
g003413	crop3	0	OG02203	1	1	0	7	wgd	TF	1
g003414	crop3	0	OG02241	1	1	0	2	wgd	transporter	3
g003415	crop3	0	OG02268	1	1	0	7	wgd	hormone	4
g003416	crop3	0	OG02287	0	1	0	2	transposed	other	3
g003417	crop3	0	OG02083	0	1	0	8	dispersed	transporter	1
g003418	crop3	0	OG02160	1	1	0	9	wgd	other	3
g003419	crop3	0	OG02070	0	1	0	11	transposed	hormone	1
g003420	crop3	0	OG02305	0	1	0	10	transposed	hormone	1
g003421	crop3	1	OG02195	1	1	0	10	wgd	TF	2
g003422	crop3	0	OG02312	1	1	0	5	wgd	enzyme	4
g003423	crop3	0	OG02234	0	1	0	8	dispersed	other	1
g003424	crop3	0	OG02247	1	1	0	6	wgd	defense	4
g003425	crop3	0	OG02192	0	1	0	8	dispersed	defense	2
g003426	crop3	0	OG02338	1	1	0	2	wgd	hormone	4
g003427	crop3	1	OG02321	1	1	0	3	wgd	hormone	3
g003428	crop3	0	OG02085	0	1	0	11	dispersed	enzyme	4
g003429	crop3	1	OG02004	1	1	0	9	wgd	hormone	3
g003430	crop3	0	OG02198	1	1	0	6	wgd	TF	1
g003431	crop3	0	OG02344	0	1	0	10	transposed	defense	3
g003432	crop3	0	OG02019	0	1	0	8	proximal	defense	3
g003433	crop3	0	OG02043	0	1	0	10	transposed	transporter	1
g003434	crop3	0	OG02122	0	1	0	9	proximal	enzyme	4
g003435	crop3	0	OG02389	1	1	0	9	wgd	enzyme	3
g003436	crop3	0	OG02083	0	1	0	4	transposed	enzyme	1
g003437	crop3	0	OG02115	0	1	0	4	dispersed	other	1
g003438	crop3	0	OG02377	0	1	0	8	proximal	other	1
g003439	crop3	0	OG02377	1	1	0	7	wgd	kinase	2
g003440	crop3	0	OG02329	0	1	0	6	dispersed	enzyme	3
g003441	crop3	0	OG02051	0	1	0	4	tandem	defense	3
g003442	crop3	0	OG02156	1	1	0	6	wgd	TF	1
g003443	crop3	0	OG02071	0	0	1	1	singleton	defense	2
g003444	crop3	0	OG02338	0	1	0	10	transposed	other	2
g003445	crop3	0	OG02049	0	1	0	11	dispersed	other	4
g003446	crop3	1	OG02224	0	1	0	7	tandem	defense	3
g003447	crop3	0	OG02120	0	1	0	6	dispersed	other	1
g003448	crop3	0	OG02054	0	0	1	1	singleton	transporter	3
g003449	crop3	0	OG02089	0	0	1	1	singleton	enzyme	1
g003450	crop3	0	OG02368	0	1	0	9	dispersed	kinase	3
g003451	crop3	0	OG02172	0	1	0	11	dispersed	other	4
g003452	crop3	0	OG02010	0	1	0	11	dispersed	other	1
g003453	crop3	0	OG02175	1	1	0	4	wgd	TF	1
g003454	crop3	0	OG02165	0	0	1	1	singleton	defense	2
g003455	crop3	0	OG02113	0	0	1	1	singleton	other	1
g003456	crop3	0	OG02175	1	1	0	2	wgd	enzyme	3
g003457	crop3	0	OG02232	0	1	0	8	dispersed	enzyme	1
g003458	crop3	0	OG02344	0	1	0	6	tandem	enzyme	2
g003459	crop3	0	OG02297	0	1	0	6	transposed	other	4
g003460	crop3	0	OG02149	1	1	0	7	wgd	TF	1
g003461	crop3	0	OG02170	0	1	0	9	dispersed	defense	3
g003462	crop3	0	OG02182	0	1	0	9	proximal	other	3
g003463	crop3	0	OG02096	1	1	0	9	wgd	hormone	3
g003464	crop3	0	OG02221	0	0	1	1	singleton	kinase	2
g003465	crop3	0	OG02130	1	1	0	11	wgd	TF	2
g003466	crop3	0	OG02280	1	1	0	8	wgd	enzyme	4
g003467	crop3	0	OG02262	0	1	0	6	transposed	kinase	2
g003468	crop3	0	OG02065	0	0	1	1	singleton	transporter	4
g003469	crop3	0	OG02061	1	1	0	7	wgd	other	3
g003470	crop3	0	OG02079	0	1	0	4	transposed	kinase	3
g003471	crop3	0	OG02221	0	1	0	5	dispersed	kinase	2
g003472	crop3	0	OG02319	0	0	1	1	singleton	other	3
g003473	crop3	0	OG02338	0	1	0	5	proximal	enzyme	1
g003474	crop3	0	OG02152	0	0	1	1	singleton	kinase	1
g003475	crop3	0	OG02281	0	1	0	3	proximal	other	4
g003476	crop3	0	OG02077	0	0	1	1	singleton	other	1
g003477	crop3	0	OG02211	1	1	0	9	wgd	enzyme	2
g003478	crop3	0	OG02198	0	1	0	6	transposed	TF	2
g003479	crop3	0	OG02267	0	1	0	5	proximal	defense	1
g003480	crop3	0	OG02389	0	1	0	4	proximal	TF	4
g003481	crop3	0	OG02160	1	1	0	11	wgd	transporter	1
g003482	crop3	0	OG02087	0	1	0	5	transposed	enzyme	4
g003483	crop3	0	OG02297	0	1	0	8	dispersed	hormone	3
g003484	crop3	0	OG02397	0	1	0	4	dispersed	kinase	3
g003485	crop3	0	OG02281	1	1	0	11	wgd	kinase	2
g003486	crop3	0	OG02119	0	1	0	3	dispersed	other	4
g003487	crop3	0	OG02379	1	1	0	9	wgd	other	3
g003488	crop3	0	OG02002	0	1	0	10	proximal	other	3
g003489	crop3	0	OG02357	0	0	1	1	singleton	other	3
g003490	crop3	0	OG02217	0	1	0	11	dispersed	defense	2
g003491	crop3	0	OG02095	0	1	0	10	dispersed	kinase	2
g003492	crop3	0	OG02313	0	1	0	9	transposed	enzyme	3
g003493	crop3	0	OG02371	1	1	0	9	wgd	defense	3
g003494	crop3	0	OG02346	0	1	0	6	dispersed	kinase	3
g003495	crop3	0	OG02135	1	1	0	3	wgd	TF	2
g003496	crop3	0	OG02021	0	1	0	8	tandem	transporter	4
g003497	crop3	0	OG02295	0	0	1	1	singleton	kinase	2
g003498	crop3	0	OG02238	1	1	0	4	wgd	hormone	3
g003499	crop3	0	OG02379	0	1	0	4	transposed	enzyme	2
g003500	crop3	0	OG02205	0	0	1	1	singleton	TF	1
g003501	crop3	0	OG02397	0	1	0	6	tandem	enzyme	1
g003502	crop3	0	OG02380	1	1	0	7	wgd	TF	2
g003503	crop3	0	OG02327	1	1	0	8	wgd	other	2
g003504	crop3	0	OG02167	0	1	0	7	dispersed	other	2
g003505	crop3	0	OG02374	0	0	1	1	singleton	TF	2
g003506	crop3	0	OG02110	1	1	0	5	wgd	transporter	2
g003507	crop3	0	OG02270	0	1	0	2	tandem	other	3
g003508	crop3	0	OG02018	0	1	0	9	dispersed	transporter	4
g003509	crop3	0	OG02208	0	0	1	1	singleton	kinase	3
g003510	crop3	0	OG02071	0	1	0	2	tandem	defense	2
g003511	crop3	0	OG02303	0	0	1	1	singleton	other	4
g003512	crop3	0	OG02305	1	1	0	6	wgd	enzyme	4
g003513	crop3	0	OG02333	0	0	1	1	singleton	TF	1
g003514	crop3	0	OG02096	1	1	0	2	wgd	hormone	2
g003515	crop3	0	OG02351	1	1	0	2	wgd	other	4
g003516	crop3	0	OG02089	1	1	0	4	wgd	hormone	2
g003517	crop3	1	OG02044	0	1	0	9	dispersed	other	4
g003518	crop3	0	OG02153	0	1	0	10	transposed	transporter	1
g003519	crop3	0	OG02206	1	1	0	6	wgd	other	3
g003520	crop3	0	OG02233	0	1	0	9	transposed	hormone	2
g003521	crop3	0	OG02299	0	1	0	2	dispersed	TF	1
g003522	crop3	0	OG02351	0	0	1	1	singleton	kinase	4
g003523	crop3	0	OG02205	0	1	0	4	dispersed	other	1
g003524	crop3	0	OG02055	0	0	1	1	singleton	other	3
g003525	crop3	0	OG02335	1	1	0	2	wgd	TF	1
g003526	crop3	0	OG02049	0	1	0	7	transposed	enzyme	1
g003527	crop3	0	OG02021	0	1	0	3	transposed	kinase	4
g003528	crop3	0	OG02201	0	1	0	9	transposed	other	2
g003529	crop3	0	OG02132	0	1	0	3	transposed	enzyme	2
g003530	crop3	0	OG02293	0	1	0	4	transposed	TF	1
g003531	crop3	0	OG02053	1	1	0	4	wgd	other	3
g003532	crop3	0	OG02024	0	1	0	4	transposed	other	3
g003533	crop3	0	OG02267	0	0	1	1	singleton	kinase	3
g003534	crop3	0	OG02017	0	1	0	3	transposed	other	1
g003535	crop3	0	OG02047	0	1	0	10	dispersed	other	2
g003536	crop3	0	OG02377	0	1	0	11	proximal	defense	2
g003537	crop3	0	OG02022	0	1	0	11	dispersed	defense	3
g003538	crop3	0	OG02118	0	1	0	8	transposed	other	1
g003539	crop3	0	OG02219	0	1	0	9	dispersed	other	3
g003540	crop3	0	OG02246	0	1	0	7	dispersed	enzyme	4
g003541	crop3	0	OG02362	0	1	0	3	dispersed	defense	1
g003542	crop3	0	OG02367	0	1	0	2	dispersed	TF	1
g003543	crop3	0	OG02080	0	1	0	9	proximal	hormone	4
g003544	crop3	0	OG02300	0	0	1	1	singleton	other	1
g003545	crop3	0	OG02265	0	1	0	5	dispersed	other	3
g003546	crop3	0	OG02304	0	1	0	9	transposed	other	1
g003547	crop3	0	OG02308	0	1	0	10	transposed	transporter	4
g003548	crop3	0	OG02144	0	0	1	1	singleton	enzyme	3
g003549	crop3	0	OG02166	0	1	0	2	transposed	TF	4
g003550	crop3	0	OG02067	0	1	0	11	dispersed	other	1
g003551	crop3	0	OG02145	0	1	0	11	dispersed	kinase	2
g003552	crop3	0	OG02141	1	1	0	9	wgd	TF	1
g003553	crop3	0	OG02392	1	1	0	3	wgd	kinase	1
g003554	crop3	0	OG02132	0	1	0	5	dispersed	TF	3
g003555	crop3	0	OG02368	0	0	1	1	singleton	other	3
g003556	crop3	0	OG02273	0	1	0	11	transposed	other	1
g003557	crop3	0	OG02309	1	1	0	8	wgd	enzyme	4
g003558	crop3	0	OG02213	0	1	0	9	dispersed	transporter	4
g003559	crop3	1	OG02185	0	1	0	11	transposed	transporter	4
g003560	crop3	0	OG02348	0	1	0	2	transposed	other	2
g003561	crop3	0	OG02090	1	1	0	6	wgd	defense	2
g003562	crop3	0	OG02003	1	1	0	5	wgd	other	2
g003563	crop3	0	OG02000	0	1	0	2	proximal	other	4
g003564	crop3	0	OG02130	0	1	0	7	dispersed	other	3
g003565	crop3	0	OG02215	1	1	0	8	wgd	defense	2
g003566	crop3	0	OG02023	0	1	0	7	tandem	enzyme	3
g003567	crop3	0	OG02197	1	1	0	11	wgd	kinase	1
g003568	crop3	0	OG02334	0	1	0	6	dispersed	kinase	2
g003569	crop3	0	OG02284	1	1	0	7	wgd	other	1
g003570	crop3	0	OG02258	1	1	0	8	wgd	transporter	2
g003571	crop3	0	OG02258	0	1	0	11	dispersed	other	4
g003572	crop3	0	OG02194	1	1	0	2	wgd	hormone	3
g003573	crop3	0	OG02167	0	1	0	7	tandem	defense	2
g003574	crop3	0	OG02028	0	1	0	7	dispersed	enzyme	4
g003575	crop3	0	OG02310	0	1	0	2	tandem	other	1
g003576	crop3	0	OG02210	0	0	1	1	singleton	other	3
g003577	crop3	0	OG02230	0	1	0	2	dispersed	kinase	2
g003578	crop3	0	OG02003	1	1	0	10	wgd	TF	1
g003579	crop3	0	OG02398	0	0	1	1	singleton	defense	3
g003580	crop3	0	OG02181	0	1	0	7	transposed	other	3
g003581	crop3	0	OG02158	0	1	0	10	dispersed	defense	2
g003582	crop3	0	OG02352	0	1	0	5	transposed	kinase	4
g003583	crop3	0	OG02127	0	1	0	5	dispersed	kinase	2
g003584	crop3	0	OG02034	1	1	0	6	wgd	kinase	4
g003585	crop3	0	OG02344	1	1	0	3	wgd	other	3
g003586	crop3	0	OG02135	0	1	0	8	tandem	defense	4
g003587	crop3	0	OG02282	0	0	1	1	singleton	other	2
g003588	crop3	0	OG02140	1	1	0	5	wgd	TF	4
g003589	crop3	0	OG02111	1	1	0	4	wgd	hormone	1
g003590	crop3	0	OG02385	0	1	0	8	transposed	enzyme	2
g003591	crop3	0	OG02157	1	1	0	11	wgd	TF	4
g003592	crop3	0	OG02306	0	1	0	7	dispersed	defense	4
g003593	crop3	0	OG02144	0	1	0	10	dispersed	kinase	2
g003594	crop3	0	OG02354	0	1	0	5	transposed	other	1
g003595	crop3	0	OG02095	0	1	0	8	transposed	TF	4
g003596	crop3	0	OG02315	0	1	0	11	dispersed	hormone	4
g003597	crop3	0	OG02007	1	1	0	2	wgd	TF	4
g003598	crop3	0	OG02210	0	0	1	1	singleton	other	3
g003599	crop3	0	OG02110	0	1	0	8	dispersed	other	3
g003600	crop3	0	OG02269	0	1	0	7	transposed	transporter	2
g003601	crop3	0	OG02187	1	1	0	3	wgd	TF	3
g003602	crop3	0	OG02276	0	1	0	6	dispersed	other	4
g003603	crop3	0	OG02195	1	1	0	8	wgd	hormone	4
g003604	crop3	0	OG02137	0	1	0	2	dispersed	transporter	2
g003605	crop3	0	OG02147	0	1	0	7	transposed	other	1
g003606	crop3	0	OG02242	0	1	0	11	tandem	enzyme	2
g003607	crop3	0	OG02060	0	1	0	6	dispersed	enzyme	2
g003608	crop3	0	OG02300	0	1	0	5	proximal	enzyme	2
g003609	crop3	0	OG02079	0	1	0	7	transposed	other	3
g003610	crop3	0	OG02101	0	0	1	1	singleton	enzyme	3
g003611	crop3	0	OG02288	1	1	0	6	wgd	hormone	3
g003612	crop3	0	OG02109	0	1	0	4	tandem	enzyme	2
g003613	crop3	0	OG02394	1	1	0	9	wgd	hormone	3
g003614	crop3	0	OG02249	0	1	0	2	tandem	kinase	3
g003615	crop3	0	OG02210	0	1	0	5	proximal	other	2
g003616	crop3	0	OG02050	1	1	0	5	wgd	enzyme	2
g003617	crop3	0	OG02181	1	1	0	11	wgd	defense	1
g003618	crop3	0	OG02172	0	1	0	11	transposed	other	1
g003619	crop3	1	OG02061	1	1	0	5	wgd	kinase	2
g003620	crop3	0	OG02022	0	0	1	1	singleton	defense	3
g003621	crop3	0	OG02333	1	1	0	2	wgd	enzyme	1
g003622	crop3	0	OG02102	0	1	0	6	transposed	transporter	2
g003623	crop3	0	OG02066	0	1	0	5	proximal	TF	2
g003624	crop3	0	OG02171	0	1	0	11	dispersed	other	3
g003625	crop3	0	OG02158	0	1	0	11	dispersed	other	1
g003626	crop3	0	OG02363	0	1	0	7	dispersed	TF	1
g003627	crop3	0	OG02360	0	1	0	11	transposed	other	2
g003628	crop3	0	OG02204	0	1	0	2	tandem	enzyme	4
g003629	crop3	0	OG02072	0	1	0	6	tandem	other	3
g003630	crop3	0	OG02367	0	1	0	9	transposed	defense	4
g003631	crop3	0	OG02115	0	1	0	11	tandem	other	3
g003632	crop3	0	OG02265	0	1	0	8	dispersed	transporter	4
g003633	crop3	0	OG02013	0	1	0	6	transposed	defense	2
g003634	crop3	0	OG02353	1	1	0	2	wgd	TF	3
g003635	crop3	0	OG02342	0	1	0	5	proximal	enzyme	2
g003636	crop3	0	OG02389	1	1	0	10	wgd	other	2
g003637	crop3	0	OG02247	0	0	1	1	singleton	transporter	4
g003638	crop3	0	OG02334	1	1	0	6	wgd	TF	4
g003639	crop3	0	OG02364	0	1	0	3	dispersed	kinase	1
g003640	crop3	0	OG02164	0	1	0	7	transposed	enzyme	3
g003641	crop3	0	OG02376	0	1	0	10	transposed	defense	4
g003642	crop3	0	OG02333	1	1	0	2	wgd	defense	4
g003643	crop3	0	OG02196	1	1	0	6	wgd	TF	4
g003644	crop3	0	OG02399	0	1	0	7	dispersed	enzyme	4
g003645	crop3	0	OG02158	1	1	0	5	wgd	TF	4
g003646	crop3	0	OG02362	1	1	0	4	wgd	other	2
g003647	crop3	0	OG02192	1	1	0	5	wgd	TF	2
g003648	crop3	0	OG02055	1	1	0	4	wgd	other	1
g003649	crop3	0	OG02044	0	1	0	6	dispersed	transporter	2
g003650	crop3	0	OG02244	1	1	0	9	wgd	TF	2
g003651	crop3	0	OG02057	1	1	0	7	wgd	hormone	4
g003652	crop3	0	OG02007	1	1	0	9	wgd	TF	4
g003653	crop3	0	OG02363	0	1	0	8	dispersed	transporter	2
g003654	crop3	0	OG02041	0	1	0	7	dispersed	defense	2
g003655	crop3	0	OG02360	0	1	0	5	dispersed	transporter	1
g003656	crop3	0	OG02370	0	1	0	11	transposed	hormone	2
g003657	crop3	0	OG02356	1	1	0	2	wgd	hormone	4
g003658	crop3	0	OG02332	1	1	0	4	wgd	other	1
g003659	crop3	0	OG02062	1	1	0	11	wgd	TF	3
g003660	crop3	0	OG02029	0	0	1	1	singleton	enzyme	1
g003661	crop3	0	OG02077	0	1	0	8	proximal	defense	1
g003662	crop3	0	OG02319	1	1	0	7	wgd	hormone	3
g003663	crop3	0	OG02322	0	1	0	6	dispersed	other	4
g003664	crop3	0	OG02198	0	1	0	9	tandem	defense	1
g003665	crop3	0	OG02227	1	1	0	3	wgd	hormone	1
g003666	crop3	0	OG02084	1	1	0	2	wgd	hormone	4
g003667	crop3	0	OG02180	0	1	0	4	dispersed	kinase	3
g003668	crop3	0	OG02267	0	1	0	3	tandem	enzyme	4
g003669	crop3	0	OG02081	0	1	0	10	dispersed	transporter	3
g003670	crop3	0	OG02231	0	0	1	1	singleton	kinase	2
g003671	crop3	0	OG02287	0	1	0	4	proximal	other	4
g003672	crop3	0	OG02148	0	1	0	6	tandem	kinase	3
g003673	crop3	0	OG02238	1	1	0	4	wgd	TF	4
g003674	crop3	0	OG02166	0	1	0	3	proximal	TF	4
g003675	crop3	0	OG02170	0	1	0	10	transposed	kinase	3
g003676	crop3	0	OG02282	0	0	1	1	singleton	other	3
g003677	crop3	0	OG02235	0	1	0	11	tandem	transporter	1
g003678	crop3	0	OG02166	0	0	1	1	singleton	other	1
g003679	crop3	0	OG02267	0	1	0	5	dispersed	other	1
g003680	crop3	0	OG02141	1	1	0	2	wgd	hormone	1
g003681	crop3	0	OG02083	1	1	0	7	wgd	enzyme	4
g003682	crop3	0	OG02371	0	1	0	5	transposed	enzyme	2
g003683	crop3	0	OG02042	0	1	0	10	tandem	enzyme	4
g003684	crop3	0	OG02010	1	1	0	5	wgd	other	3
g003685	crop3	0	OG02213	1	1	0	3	wgd	kinase	2
g003686	crop3	0	OG02314	0	1	0	6	dispersed	other	2
g003687	crop3	0	OG02351	1	1	0	4	wgd	other	2
g003688	crop3	0	OG02301	0	1	0	2	tandem	defense	4
g003689	crop3	0	OG02044	0	1	0	6	transposed	TF	1
g003690	crop3	0	OG02048	0	1	0	5	dispersed	transporter	1
g003691	crop3	0	OG02197	0	1	0	5	transposed	enzyme	4
g003692	crop3	0	OG02057	0	1	0	2	transposed	other	2
g003693	crop3	0	OG02277	0	1	0	10	proximal	enzyme	2
g003694	crop3	0	OG02233	0	1	0	9	tandem	enzyme	1
g003695	crop3	0	OG02090	0	1	0	5	proximal	transporter	3
g003696	crop3	0	OG02204	0	1	0	6	dispersed	enzyme	2
g003697	crop3	0	OG02187	0	1	0	3	dispersed	other	2
g003698	crop3	0	OG02295	0	1	0	2	tandem	enzyme	4
g003699	crop3	0	OG02063	1	1	0	7	wgd	kinase	2
g003700	crop3	0	OG02292	1	1	0	11	wgd	kinase	2
g003701	crop3	0	OG02257	1	1	0	6	wgd	hormone	3
g003702	crop3	0	OG02222	0	1	0	4	transposed	TF	4
g003703	crop3	0	OG02279	0	1	0	9	tandem	enzyme	3
g003704	crop3	0	OG02027	0	1	0	10	tandem	hormone	3
g003705	crop3	0	OG02279	0	1	0	10	proximal	other	4
g003706	crop3	0	OG02241	1	1	0	5	wgd	other	4
g003707	crop3	0	OG02089	1	1	0	7	wgd	TF	2
g003708	crop3	0	OG02322	0	1	0	3	transposed	other	1
g003709	crop3	1	OG02069	1	1	0	11	wgd	TF	2
g003710	crop3	0	OG02171	0	1	0	7	transposed	enzyme	1
g003711	crop3	0	OG02349	0	1	0	4	dispersed	enzyme	2
g003712	crop3	0	OG02101	0	1	0	6	transposed	defense	1
g003713	crop3	0	OG02085	1	1	0	10	wgd	defense	4
g003714	crop3	0	OG02375	0	1	0	9	tandem	other	3
g003715	crop3	0	OG02055	0	1	0	11	transposed	TF	3
g003716	crop3	0	OG02198	0	1	0	10	transposed	defense	2
g003717	crop3	0	OG02341	0	0	1	1	singleton	other	2
g003718	crop3	0	OG02319	0	1	0	7	transposed	defense	3
g003719	crop3	0	OG02365	0	1	0	6	transposed	other	1
g003720	crop3	1	OG02366	0	1	0	10	dispersed	enzyme	4
g003721	crop3	0	OG02367	1	1	0	6	wgd	enzyme	1
g003722	crop3	0	OG02080	1	1	0	2	wgd	TF	3
g003723	crop3	0	OG02372	0	0	1	1	singleton	other	2
g003724	crop3	0	OG02143	0	0	1	1	singleton	hormone	2
g003725	crop3	0	OG02340	0	1	0	6	dispersed	transporter	3
g003726	crop3	0	OG02333	0	1	0	4	transposed	other	4
g003727	crop3	0	OG02099	1	1	0	3	wgd	defense	1
g003728	crop3	0	OG02040	0	0	1	1	singleton	TF	2
g003729	crop3	0	OG02014	0	1	0	11	dispersed	kinase	1
g003730	crop3	0	OG02000	0	1	0	8	proximal	enzyme	4
g003731	crop3	0	OG02178	1	1	0	8	wgd	hormone	2
g003732	crop3	0	OG02336	0	0	1	1	singleton	other	2
g003733	crop3	0	OG02222	0	1	0	4	tandem	other	1
g003734	crop3	0	OG02139	0	1	0	2	dispersed	kinase	4
g003735	crop3	0	OG02100	1	1	0	3	wgd	enzyme	3
g003736	crop3	0	OG02174	0	1	0	5	dispersed	transporter	3
g003737	crop3	0	OG02087	1	1	0	7	wgd	other	2
g003738	crop3	0	OG02370	0	1	0	6	transposed	kinase	4
g003739	crop3	0	OG02028	0	1	0	11	transposed	other	3
g003740	crop3	0	OG02098	0	1	0	3	dispersed	enzyme	4
g003741	crop3	0	OG02351	0	1	0	11	dispersed	hormone	3
g003742	crop3	0	OG02357	0	0	1	1	singleton	defense	4
g003743	crop3	1	OG02295	0	1	0	7	dispersed	other	3
g003744	crop3	0	OG02222	0	1	0	2	dispersed	defense	4
g003745	crop3	0	OG02090	0	1	0	9	dispersed	defense	4
g003746	crop3	0	OG02030	1	1	0	11	wgd	TF	4
g003747	crop3	0	OG02351	0	0	1	1	singleton	other	3
g003748	crop3	0	OG02359	0	1	0	6	tandem	defense	4
g003749	crop3	0	OG02036	0	1	0	6	tandem	defense	2
g003750	crop3	0	OG02355	0	1	0	6	transposed	TF	1
g003751	crop3	0	OG02153	1	1	0	8	wgd	other	2
g003752	crop3	0	OG02243	1	1	0	4	wgd	kinase	2
g003753	crop3	0	OG02368	0	1	0	8	dispersed	other	4
g003754	crop3	0	OG02037	1	1	0	9	wgd	transporter	3
g003755	crop3	0	OG02204	0	1	0	6	proximal	hormone	1
g003756	crop3	0	OG02332	0	0	1	1	singleton	transporter	4
g003757	crop3	0	OG02041	0	1	0	5	proximal	enzyme	4
g003758	crop3	0	OG02390	1	1	0	4	wgd	TF	1
g003759	crop3	0	OG02061	1	1	0	7	wgd	TF	2
g003760	crop3	0	OG02236	1	1	0	4	wgd	hormone	2
g003761	crop3	0	OG02257	0	1	0	3	transposed	kinase	4
g003762	crop3	0	OG02155	0	1	0	10	tandem	defense	4
g003763	crop3	0	OG02286	0	1	0	8	dispersed	TF	3
g003764	crop3	0	OG02115	0	1	0	4	transposed	TF	2
g003765	crop3	0	OG02040	0	1	0	8	tandem	enzyme	2
g003766	crop3	0	OG02260	0	1	0	4	dispersed	hormone	2
g003767	crop3	0	OG02157	0	1	0	11	tandem	defense	1
g003768	crop3	0	OG02230	1	1	0	6	wgd	transporter	2
g003769	crop3	0	OG02386	0	1	0	4	proximal	kinase	4
g003770	crop3	0	OG02361	0	1	0	11	transposed	other	2
g003771	crop3	0	OG02266	0	1	0	9	transposed	TF	3
g003772	crop3	0	OG02005	1	1	0	2	wgd	kinase	3
g003773	crop3	0	OG02019	0	1	0	5	transposed	defense	4
g003774	crop3	0	OG02335	0	1	0	11	tandem	transporter	2
g003775	crop3	0	OG02052	1	1	0	9	wgd	TF	3
g003776	crop3	0	OG02047	0	1	0	11	tandem	enzyme	1
g003777	crop3	0	OG02021	0	1	0	5	tandem	other	3
g003778	crop3	0	OG02087	0	0	1	1	singleton	kinase	1
g003779	crop3	0	OG02344	1	1	0	8	wgd	kinase	4
g003780	crop3	0	OG02150	0	0	1	1	singleton	enzyme	3
g003781	crop3	0	OG02362	0	1	0	9	proximal	TF	4
g003782	crop3	0	OG02106	0	1	0	9	dispersed	hormone	4
g003783	crop3	0	OG02133	0	1	0	9	dispersed	other	1
g003784	crop3	0	OG02370	0	1	0	11	transposed	other	2
g003785	crop3	0	OG02334	0	0	1	1	singleton	TF	3
g003786	crop3	0	OG02340	0	1	0	8	dispersed	other	3
g003787	crop3	0	OG02032	0	1	0	3	transposed	other	3
g003788	crop3	0	OG02292	1	1	0	3	wgd	other	2
g003789	crop3	0	OG02145	0	1	0	7	transposed	transporter	3
g003790	crop3	0	OG02027	0	1	0	4	dispersed	hormone	1
g003791	crop3	0	OG02231	0	0	1	1	singleton	enzyme	2
g003792	crop3	0	OG02124	0	1	0	9	proximal	enzyme	4
g003793	crop3	0	OG02366	0	1	0	10	tandem	TF	1
g003794	crop3	0	OG02114	1	1	0	3	wgd	hormone	3
g003795	crop3	1	OG02068	1	1	0	8	wgd	TF	4
g003796	crop3	0	OG02133	0	1	0	4	transposed	TF	1
g003797	crop3	0	OG02319	1	1	0	5	wgd	enzyme	4
g003798	crop3	0	OG02131	1	1	0	9	wgd	transporter	3
g003799	crop3	0	OG02238	0	1	0	7	tandem	enzyme	2
g003800	crop3	0	OG02092	0	1	0	9	dispersed	TF	2
g003801	crop3	0	OG02197	0	1	0	10	dispersed	TF	4
g003802	crop3	0	OG02397	0	1	0	2	dispersed	hormone	2
g003803	crop3	0	OG02283	1	1	0	6	wgd	kinase	4
g003804	crop3	0	OG02040	1	1	0	7	wgd	enzyme	3
g003805	crop3	0	OG02043	0	0	1	1	singleton	enzyme	2
g003806	crop3	1	OG02177	1	1	0	2	wgd	TF	4
g003807	crop3	0	OG02302	0	0	1	1	singleton	hormone	4
g003808	crop3	0	OG02276	0	1	0	2	tandem	defense	1
g003809	crop3	0	OG02214	0	0	1	1	singleton	kinase	4
g003810	crop3	0	OG02189	1	1	0	10	wgd	kinase	1
g003811	crop3	0	OG02133	0	1	0	11	dispersed	kinase	4
g003812	crop3	0	OG02027	0	1	0	10	dispersed	hormone	4
g003813	crop3	0	OG02072	0	1	0	6	tandem	defense	4
g003814	crop3	0	OG02109	1	1	0	7	wgd	TF	4
g003815	crop3	0	OG02006	1	1	0	11	wgd	hormone	4
g003816	crop3	0	OG02322	0	1	0	9	transposed	transporter	1
g003817	crop3	0	OG02179	0	1	0	3	dispersed	defense	4
g003818	crop3	0	OG02312	1	1	0	9	wgd	hormone	1
g003819	crop3	0	OG02324	0	0	1	1	singleton	enzyme	3
g003820	crop3	0	OG02241	0	0	1	1	singleton	other	4
g003821	crop3	0	OG02183	0	1	0	5	transposed	enzyme	3
g003822	crop3	0	OG02343	0	1	0	4	tandem	defense	1
g003823	crop3	0	OG02159	0	1	0	2	dispersed	hormone	4
g003824	crop3	0	OG02259	1	1	0	7	wgd	kinase	4
g003825	crop3	0	OG02105	0	1	0	2	dispersed	defense	4
g003826	crop3	1	OG02307	1	1	0	8	wgd	hormone	2
g003827	crop3	0	OG02088	1	1	0	7	wgd	kinase	3
g003828	crop3	1	OG02210	0	1	0	10	tandem	other	3
g003829	crop3	0	OG02251	1	1	0	9	wgd	hormone	3
g003830	crop3	0	OG02233	0	1	0	3	transposed	other	3
g003831	crop3	0	OG02392	0	1	0	4	proximal	defense	4
g003832	crop3	0	OG02257	0	1	0	6	tandem	enzyme	4
g003833	crop3	0	OG02200	0	1	0	6	proximal	defense	4
g003834	crop3	0	OG02356	0	1	0	3	transposed	TF	3
g003835	crop3	0	OG02368	0	1	0	10	transposed	enzyme	1
g003836	crop3	0	OG02199	0	1	0	9	proximal	defense	4
g003837	crop3	0	OG02334	1	1	0	4	wgd	hormone	4
g003838	crop3	0	OG02138	0	0	1	1	singleton	hormone	4
g003839	crop3	0	OG02160	0	1	0	4	dispersed	transporter	3
g003840	crop3	0	OG02111	0	1	0	5	dispersed	enzyme	1
g003841	crop3	0	OG02252	0	1	0	9	tandem	defense	4
g003842	crop3	0	OG02078	0	1	0	4	transposed	other	1
g003843	crop3	0	OG02015	0	1	0	5	transposed	other	3
g003844	crop3	0	OG02120	0	0	1	1	singleton	hormone	2
g003845	crop3	0	OG02177	0	1	0	7	dispersed	TF	3
g003846	crop3	0	OG02248	0	1	0	10	transposed	TF	1
g003847	crop3	0	OG02029	0	1	0	3	transposed	kinase	4
g003848	crop3	0	OG02274	0	1	0	5	transposed	hormone	2
g003849	crop3	0	OG02257	0	1	0	9	dispersed	TF	1
g003850	crop3	0	OG02019	0	1	0	3	tandem	enzyme	1
g003851	crop3	0	OG02011	1	1	0	5	wgd	hormone	4
g003852	crop3	0	OG02050	1	1	0	8	wgd	TF	4
g003853	crop3	0	OG02309	1	1	0	8	wgd	TF	3
g003854	crop3	0	OG02381	1	1	0	10	wgd	TF	3
g003855	crop3	0	OG02265	0	1	0	8	transposed	enzyme	1
g003856	crop3	0	OG02136	0	1	0	3	tandem	other	3
g003857	crop3	0	OG02360	0	1	0	8	dispersed	defense	1
g003858	crop3	0	OG02206	0	1	0	2	tandem	enzyme	2
g003859	crop3	1	OG02136	0	0	1	1	singleton	other	3
g003860	crop3	0	OG02218	0	1	0	4	dispersed	TF	3
g003861	crop3	0	OG02111	0	1	0	11	dispersed	other	3
g003862	crop3	0	OG02133	0	1	0	9	proximal	kinase	2
g003863	crop3	0	OG02054	0	1	0	6	dispersed	other	2
g003864	crop3	0	OG02284	0	1	0	9	tandem	enzyme	2
g003865	crop3	0	OG02247	1	1	0	6	wgd	TF	2
g003866	crop3	0	OG02279	0	0	1	1	singleton	enzyme	2
g003867	crop3	0	OG02051	1	1	0	7	wgd	hormone	3
g003868	crop3	0	OG02027	0	1	0	5	transposed	enzyme	2
g003869	crop3	0	OG02151	1	1	0	7	wgd	TF	1
g003870	crop3	0	OG02308	1	1	0	8	wgd	defense	2
g003871	crop3	0	OG02311	0	1	0	10	dispersed	defense	2
g003872	crop3	0	OG02150	0	1	0	4	dispersed	other	2
g003873	crop3	0	OG02124	0	0	1	1	singleton	TF	3
g003874	crop3	0	OG02393	0	1	0	11	transposed	enzyme	1
g003875	crop3	0	OG02194	0	1	0	11	transposed	other	4
g003876	crop3	0	OG02248	1	1	0	3	wgd	enzyme	4
g003877	crop3	0	OG02115	0	0	1	1	singleton	transporter	4
g003878	crop3	0	OG02020	0	1	0	10	transposed	enzyme	3
g003879	crop3	0	OG02150	0	1	0	10	dispersed	other	1
g003880	crop3	0	OG02288	1	1	0	4	wgd	TF	4
g003881	crop3	0	OG02335	1	1	0	3	wgd	hormone	4
g003882	crop3	0	OG02209	1	1	0	10	wgd	defense	4
g003883	crop3	0	OG02360	1	1	0	4	wgd	enzyme	3
g003884	crop3	0	OG02243	0	1	0	6	tandem	defense	2
g003885	crop3	0	OG02023	0	1	0	7	transposed	TF	3
g003886	crop3	0	OG02206	0	1	0	8	transposed	transporter	2
g003887	crop3	0	OG02161	1	1	0	6	wgd	other	1
g003888	crop3	0	OG02180	0	1	0	11	dispersed	enzyme	4
g003889	crop3	1	OG02353	0	1	0	3	dispersed	other	3
g003890	crop3	0	OG02112	0	1	0	9	dispersed	enzyme	3
g003891	crop3	0	OG02372	0	0	1	1	singleton	enzyme	3
g003892	crop3	0	OG02074	0	0	1	1	singleton	TF	3
g003893	crop3	0	OG02073	1	1	0	5	wgd	kinase	3
g003894	crop3	0	OG02043	0	1	0	4	dispersed	transporter	4
g003895	crop3	0	OG02144	0	1	0	2	transposed	other	4
g003896	crop3	1	OG02052	1	1	0	4	wgd	TF	2
g003897	crop3	0	OG02332	1	1	0	7	wgd	hormone	2
g003898	crop3	0	OG02005	0	1	0	4	transposed	TF	4
g003899	crop3	0	OG02332	1	1	0	3	wgd	other	3
g003900	crop3	0	OG02264	0	1	0	4	transposed	hormone	3
g003901	crop3	0	OG02357	0	1	0	6	dispersed	enzyme	3
g003902	crop3	0	OG02251	0	1	0	9	transposed	TF	3
g003903	crop3	0	OG02109	0	1	0	3	proximal	defense	4
g003904	crop3	0	OG02077	1	1	0	11	wgd	TF	2
g003905	crop3	0	OG02150	0	1	0	4	transposed	other	4
g003906	crop3	0	OG02384	1	1	0	3	wgd	kinase	2
g003907	crop3	0	OG02229	1	1	0	5	wgd	kinase	4
g003908	crop3	0	OG02114	0	1	0	5	dispersed	enzyme	4
g003909	crop3	0	OG02249	0	1	0	7	tandem	other	1
g003910	crop3	0	OG02380	1	1	0	10	wgd	enzyme	2
g003911	crop3	0	OG02276	0	1	0	11	proximal	enzyme	3
g003912	crop3	0	OG02389	0	1	0	11	transposed	defense	3
g003913	crop3	0	OG02123	0	1	0	4	transposed	transporter	2
g003914	crop3	0	OG02108	1	1	0	9	wgd	kinase	4
g003915	crop3	0	OG02129	0	1	0	11	tandem	other	4
g003916	crop3	0	OG02218	1	1	0	6	wgd	other	3
g003917	crop3	0	OG02120	1	1	0	6	wgd	kinase	3
g003918	crop3	0	OG02209	0	1	0	11	dispersed	transporter	1
g003919	crop3	0	OG02011	0	1	0	6	dispersed	transporter	2
g003920	crop3	0	OG02019	0	0	1	1	singleton	TF	1
g003921	crop3	0	OG02244	1	1	0	2	wgd	kinase	2
g003922	crop3	0	OG02111	1	1	0	2	wgd	hormone	3
g003923	crop3	0	OG02360	0	1	0	10	tandem	transporter	4
g003924	crop3	0	OG02091	0	1	0	4	proximal	kinase	1
g003925	crop3	0	OG02124	0	1	0	6	tandem	kinase	4
g003926	crop3	0	OG02222	0	1	0	3	tandem	enzyme	1
g003927	crop3	0	OG02281	1	1	0	9	wgd	transporter	4
g003928	crop3	0	OG02338	1	1	0	2	wgd	other	4
g003929	crop3	1	OG02061	1	1	0	10	wgd	TF	2
g003930	crop3	0	OG02136	1	1	0	5	wgd	other	2
g003931	crop3	1	OG02131	1	1	0	4	wgd	TF	2
g003932	crop3	0	OG02002	1	1	0	10	wgd	other	4
g003933	crop3	0	OG02245	0	0	1	1	singleton	defense	2
g003934	crop3	0	OG02020	0	1	0	7	transposed	defense	1
g003935	crop3	0	OG02185	0	1	0	11	dispersed	TF	1
g003936	crop3	0	OG02380	0	1	0	8	dispersed	other	4
g003937	crop3	0	OG02353	0	1	0	7	transposed	other	2
g003938	crop3	0	OG02359	1	1	0	2	wgd	hormone	2
g003939	crop3	0	OG02027	1	1	0	3	wgd	TF	4
g003940	crop3	0	OG02224	0	1	0	8	transposed	enzyme	2
g003941	crop3	0	OG02335	1	1	0	8	wgd	TF	3
g003942	crop3	0	OG02300	1	1	0	3	wgd	transporter	4
g003943	crop3	0	OG02208	0	1	0	5	proximal	TF	2
g003944	crop3	0	OG02244	0	1	0	5	tandem	defense	1
g003945	crop3	0	OG02232	1	1	0	10	wgd	other	3
g003946	crop3	0	OG02248	0	0	1	1	singleton	kinase	3
g003947	crop3	0	OG02197	0	1	0	8	tandem	defense	3
g003948	crop3	0	OG02367	0	1	0	4	transposed	enzyme	3
g003949	crop3	0	OG02010	0	1	0	10	dispersed	other	4
g003950	crop3	0	OG02320	1	1	0	10	wgd	hormone	1
g003951	crop3	0	OG02057	0	1	0	8	tandem	defense	1
g003952	crop3	0	OG02292	0	0	1	1	singleton	other	3
g003953	crop3	0	OG02371	0	1	0	5	proximal	transporter	1
g003954	crop3	0	OG02271	1	1	0	4	wgd	TF	3
g003955	crop3	0	OG02393	0	0	1	1	singleton	kinase	1
g003956	crop3	0	OG02030	1	1	0	2	wgd	enzyme	3
g003957	crop3	0	OG02080	0	0	1	1	singleton	transporter	4
g003958	crop3	0	OG02359	0	1	0	2	dispersed	enzyme	1
g003959	crop3	0	OG02169	0	1	0	10	dispersed	kinase	1
g003960	crop3	0	OG02381	0	1	0	3	transposed	other	3
g003961	crop3	0	OG02338	1	1	0	9	wgd	other	1
g003962	crop3	0	OG02106	0	1	0	9	transposed	TF	3
g003963	crop3	0	OG02395	1	1	0	9	wgd	kinase	2
g003964	crop3	0	OG02180	0	1	0	11	dispersed	other	2
g003965	crop3	0	OG02159	0	1	0	9	proximal	defense	3
g003966	crop3	0	OG02280	1	1	0	2	wgd	other	1
g003967	crop3	0	OG02260	0	1	0	9	transposed	other	2
g003968	crop3	0	OG02133	0	1	0	2	transposed	defense	4
g003969	crop3	0	OG02364	0	1	0	10	transposed	other	4
g003970	crop3	0	OG02185	1	1	0	9	wgd	TF	4
g003971	crop3	0	OG02100	0	0	1	1	singleton	enzyme	1
g003972	crop3	0	OG02087	0	1	0	3	proximal	enzyme	4
g003973	crop3	0	OG02199	0	0	1	1	singleton	kinase	1
g003974	crop3	0	OG02046	0	1	0	11	tandem	enzyme	3
g003975	crop3	0	OG02048	0	1	0	3	transposed	other	4
g003976	crop3	0	OG02359	1	1	0	11	wgd	TF	1
g003977	crop3	0	OG02113	0	1	0	10	proximal	kinase	1
g003978	crop3	0	OG02347	0	1	0	7	proximal	kinase	2
g003979	crop3	0	OG02254	1	1	0	9	wgd	other	3
g003980	crop3	0	OG02213	0	1	0	4	transposed	defense	2
g003981	crop3	0	OG02263	0	1	0	2	tandem	enzyme	3
g003982	crop3	0	OG02338	1	1	0	4	wgd	other	3
g003983	crop3	0	OG02336	0	1	0	2	dispersed	enzyme	4
g003984	crop3	0	OG02223	1	1	0	2	wgd	kinase	1
g003985	crop3	0	OG02075	0	1	0	9	dispersed	other	4
g003986	crop3	1	OG02137	1	1	0	4	wgd	hormone	4
g003987	crop3	0	OG02238	0	0	1	1	singleton	enzyme	2
g003988	crop3	0	OG02361	0	0	1	1	singleton	enzyme	2
g003989	crop3	0	OG02378	1	1	0	10	wgd	hormone	3
g003990	crop3	0	OG02026	0	1	0	10	transposed	TF	4
g003991	crop3	0	OG02071	1	1	0	9	wgd	other	2
g003992	crop3	0	OG02004	1	1	0	10	wgd	enzyme	4
g003993	crop3	0	OG02002	0	1	0	11	dispersed	TF	3
g003994	crop3	0	OG02036	0	1	0	11	tandem	other	2
g003995	crop3	0	OG02289	0	1	0	10	dispersed	enzyme	4
g003996	crop3	0	OG02211	0	1	0	2	transposed	other	2
g003997	crop3	0	OG02313	0	1	0	11	tandem	other	3
g003998	crop3	0	OG02094	0	1	0	3	transposed	defense	1
g003999	crop3	0	OG02351	0	1	0	3	dispersed	hormone	4
g004000	crop3	0	OG02388	0	1	0	11	dispersed	other	4
g004001	crop3	0	OG02281	0	1	0	3	dispersed	other	2
g004002	crop3	0	OG02221	0	1	0	2	dispersed	TF	4
g004003	crop3	0	OG02223	0	1	0	10	dispersed	other	1
g004004	crop3	0	OG02379	0	1	0	2	dispersed	kinase	1
g004005	crop3	0	OG02117	0	1	0	11	transposed	enzyme	4
g004006	crop3	0	OG02367	0	1	0	11	transposed	transporter	2
g004007	crop3	0	OG02296	1	1	0	8	wgd	defense	1
g004008	crop3	0	OG02090	0	1	0	9	dispersed	transporter	2
g004009	crop3	0	OG02117	0	0	1	1	singleton	other	2
g004010	crop3	0	OG02068	0	1	0	6	transposed	kinase	1
g004011	crop3	0	OG02127	1	1	0	5	wgd	hormone	3
g004012	crop3	0	OG02188	1	1	0	10	wgd	kinase	4
g004013	crop3	0	OG02117	0	1	0	2	dispersed	defense	2
g004014	crop3	0	OG02108	1	1	0	6	wgd	transporter	4
g004015	crop3	0	OG02354	0	1	0	4	tandem	enzyme	4
g004016	crop3	0	OG02119	1	1	0	9	wgd	hormone	1
g004017	crop3	0	OG02309	1	1	0	2	wgd	other	2
g004018	crop3	0	OG02377	0	1	0	3	dispersed	other	4
g004019	crop3	0	OG02198	0	1	0	6	dispersed	defense	3
g004020	crop3	0	OG02042	0	1	0	2	dispersed	kinase	4
g004021	crop3	0	OG02399	0	1	0	9	tandem	TF	1
g004022	crop3	0	OG02180	1	1	0	4	wgd	other	1
g004023	crop3	0	OG02337	0	1	0	8	tandem	TF	3
g004024	crop3	0	OG02059	1	1	0	4	wgd	defense	3
g004025	crop3	0	OG02099	0	0	1	1	singleton	enzyme	2
g004026	crop3	0	OG02037	0	0	1	1	singleton	other	1
g004027	crop3	0	OG02118	0	1	0	10	dispersed	enzyme	3
g004028	crop3	0	OG02126	1	1	0	5	wgd	TF	3
g004029	crop3	1	OG02016	1	1	0	2	wgd	TF	1
g004030	crop3	0	OG02144	0	0	1	1	singleton	other	4
g004031	crop3	0	OG02390	0	1	0	8	tandem	kinase	2
g004032	crop3	0	OG02207	1	1	0	4	wgd	kinase	4
g004033	crop3	0	OG02268	0	1	0	3	proximal	defense	4
g004034	crop3	0	OG02266	1	1	0	2	wgd	other	3
g004035	crop3	0	OG02007	0	1	0	4	dispersed	transporter	4
g004036	crop3	0	OG02315	0	0	1	1	singleton	hormone	3
g004037	crop3	0	OG02118	0	1	0	4	tandem	defense	1
g004038	crop3	0	OG02165	0	1	0	2	transposed	other	1
g004039	crop3	0	OG02113	0	1	0	8	proximal	enzyme	4
g004040	crop3	0	OG02292	0	0	1	1	singleton	kinase	1
g004041	crop3	0	OG02093	0	0	1	1	singleton	enzyme	3
g004042	crop3	1	OG02341	1	1	0	7	wgd	hormone	4
g004043	crop3	0	OG02058	0	1	0	8	transposed	kinase	4
g004044	crop3	0	OG02118	1	1	0	2	wgd	TF	3
g004045	crop3	1	OG02269	0	1	0	2	transposed	hormone	1
g004046	crop3	0	OG02276	0	1	0	6	transposed	TF	2
g004047	crop3	0	OG02053	1	1	0	3	wgd	transporter	1
g004048	crop3	0	OG02171	0	1	0	7	transposed	other	1
g004049	crop3	0	OG02074	0	1	0	6	transposed	transporter	1
g004050	crop3	0	OG02148	0	1	0	9	transposed	other	3
g004051	crop3	0	OG02173	1	1	0	8	wgd	TF	2
g004052	crop3	0	OG02330	0	1	0	9	transposed	enzyme	1
g004053	crop3	0	OG02163	1	1	0	10	wgd	other	1
g004054	crop3	0	OG02267	0	1	0	9	tandem	enzyme	4
g004055	crop3	0	OG02094	0	1	0	10	tandem	transporter	1
g004056	crop3	0	OG02284	0	0	1	1	singleton	other	2
g004057	crop3	0	OG02145	0	1	0	7	dispersed	enzyme	3
g004058	crop3	0	OG02007	0	1	0	10	transposed	other	4
g004059	crop3	0	OG02293	0	1	0	10	dispersed	kinase	2
g004060	crop3	1	OG02253	0	0	1	1	singleton	defense	4
g004061	crop3	0	OG02059	0	1	0	10	tandem	enzyme	2
g004062	crop3	0	OG02311	1	1	0	9	wgd	kinase	4
g004063	crop3	0	OG02196	0	1	0	10	proximal	TF	1
g004064	crop3	0	OG02252	1	1	0	5	wgd	hormone	4
g004065	crop3	0	OG02259	0	1	0	8	tandem	other	2
g004066	crop3	0	OG02313	0	1	0	10	dispersed	kinase	1
g004067	crop3	0	OG02213	1	1	0	8	wgd	TF	2
g004068	crop3	0	OG02252	0	0	1	1	singleton	other	2
g004069	crop3	0	OG02087	0	1	0	2	transposed	defense	3
g004070	crop3	0	OG02197	0	1	0	10	transposed	other	1
g004071	crop3	0	OG02174	0	1	0	7	dispersed	defense	1
g004072	crop3	0	OG02352	0	1	0	3	transposed	defense	2
g004073	crop3	0	OG02353	0	1	0	8	dispersed	enzyme	1
g004074	crop3	0	OG02004	0	1	0	10	dispersed	TF	3
g004075	crop3	0	OG02390	0	1	0	3	proximal	defense	4
g004076	crop3	0	OG02163	1	1	0	6	wgd	hormone	4
g004077	crop3	0	OG02091	0	1	0	2	tandem	enzyme	4
g004078	crop3	0	OG02072	0	1	0	8	tandem	enzyme	3
g004079	crop3	0	OG02051	0	1	0	11	tandem	TF	1
g004080	crop3	0	OG02206	0	1	0	4	proximal	other	2
g004081	crop3	0	OG02389	0	1	0	9	transposed	hormone	3
g004082	crop3	0	OG02072	0	1	0	2	transposed	TF	2
g004083	crop3	0	OG02048	0	0	1	1	singleton	hormone	2
g004084	crop3	0	OG02298	1	1	0	9	wgd	TF	2
g004085	crop3	0	OG02171	0	1	0	2	dispersed	defense	1
g004086	crop3	0	OG02147	1	1	0	10	wgd	TF	1
g004087	crop3	0	OG02299	0	1	0	7	dispersed	transporter	2
g004088	crop3	0	OG02222	0	1	0	4	transposed	transporter	2
g004089	crop3	0	OG02324	0	1	0	9	transposed	TF	3
g004090	crop3	0	OG02362	1	1	0	3	wgd	TF	1
g004091	crop3	0	OG02154	0	1	0	7	proximal	enzyme	1
g004092	crop3	0	OG02220	1	1	0	11	wgd	hormone	3
g004093	crop3	0	OG02397	0	1	0	11	transposed	enzyme	2
g004094	crop3	0	OG02078	0	0	1	1	singleton	TF	2
g004095	crop3	0	OG02151	1	1	0	9	wgd	kinase	4
g004096	crop3	0	OG02297	1	1	0	4	wgd	transporter	1
g004097	crop3	0	OG02353	0	1	0	6	transposed	other	1
g004098	crop3	0	OG02179	0	1	0	2	proximal	transporter	1
g004099	crop3	0	OG02159	0	1	0	3	dispersed	enzyme	4
g004100	crop3	0	OG02002	1	1	0	2	wgd	kinase	4
g004101	crop3	0	OG02015	0	1	0	2	transposed	kinase	4
g004102	crop3	0	OG02281	1	1	0	7	wgd	hormone	1
g004103	crop3	0	OG02089	0	1	0	5	transposed	other	3
g004104	crop3	1	OG02397	1	1	0	2	wgd	hormone	2
g004105	crop3	0	OG02206	1	1	0	8	wgd	TF	2
g004106	crop3	0	OG02374	0	1	0	3	transposed	other	1
g004107	crop3	0	OG02065	0	1	0	3	transposed	enzyme	1
g004108	crop3	0	OG02378	0	1	0	5	transposed	other	3
g004109	crop3	0	OG02376	0	1	0	10	transposed	other	3
g004110	crop3	0	OG02340	1	1	0	8	wgd	TF	2
g004111	crop3	0	OG02331	0	1	0	3	dispersed	transporter	2
g004112	crop3	0	OG02272	0	0	1	1	singleton	defense	1
g004113	crop3	0	OG02217	0	1	0	6	proximal	hormone	2
g004114	crop3	0	OG02113	0	1	0	3	dispersed	TF	3
g004115	crop3	0	OG02056	0	1	0	7	transposed	kinase	2
g004116	crop3	1	OG02288	0	1	0	11	dispersed	enzyme	4
g004117	crop3	0	OG02277	0	1	0	3	tandem	hormone	2
g004118	crop3	0	OG02365	1	1	0	7	wgd	defense	4
g004119	crop3	0	OG02279	1	1	0	6	wgd	transporter	3
g004120	crop3	0	OG02079	0	1	0	8	transposed	enzyme	3
g004121	crop3	0	OG02024	0	1	0	7	transposed	enzyme	3
g004122	crop3	0	OG02321	0	1	0	11	transposed	transporter	4
g004123	crop3	0	OG02263	0	1	0	2	tandem	transporter	4
g004124	crop3	0	OG02263	0	1	0	8	transposed	enzyme	3
g004125	crop3	0	OG02202	0	1	0	10	tandem	enzyme	3
g004126	crop3	0	OG02339	0	1	0	9	transposed	transporter	2
g004127	crop3	0	OG02279	1	1	0	5	wgd	other	2
g004128	crop3	0	OG02338	0	1	0	10	tandem	enzyme	4
g004129	crop3	0	OG02306	0	1	0	3	dispersed	kinase	4
g004130	crop3	0	OG02253	1	1	0	6	wgd	defense	3
g004131	crop3	0	OG02248	0	0	1	1	singleton	enzyme	4
g004132	crop3	0	OG02020	1	1	0	8	wgd	TF	2
g004133	crop3	0	OG02069	0	1	0	6	dispersed	transporter	1
g004134	crop3	0	OG02380	1	1	0	4	wgd	transporter	4
g004135	crop3	0	OG02227	0	1	0	10	dispersed	hormone	3
g004136	crop3	0	OG02187	0	1	0	6	proximal	transporter	4
g004137	crop3	0	OG02092	0	1	0	6	dispersed	other	1
g004138	crop3	0	OG02253	0	1	0	11	dispersed	hormone	1
g004139	crop3	0	OG02315	0	1	0	2	tandem	enzyme	2
g004140	crop3	0	OG02053	0	1	0	3	transposed	other	3
g004141	crop3	0	OG02275	1	1	0	9	wgd	enzyme	4
g004142	crop3	0	OG02006	0	1	0	9	tandem	enzyme	4
g004143	crop3	0	OG02234	0	1	0	3	tandem	enzyme	1
g004144	crop3	0	OG02130	1	1	0	6	wgd	enzyme	2
g004145	crop3	0	OG02126	0	1	0	3	dispersed	enzyme	4
g004146	crop3	0	OG02218	0	1	0	9	transposed	hormone	1
g004147	crop3	0	OG02372	0	1	0	11	dispersed	other	4
g004148	crop3	0	OG02093	0	1	0	5	transposed	kinase	4
g004149	crop3	0	OG02268	0	1	0	5	dispersed	other	2
g004150	crop3	0	OG02067	1	1	0	4	wgd	other	1
g004151	crop3	0	OG02279	0	1	0	8	transposed	TF	3
g004152	crop3	0	OG02092	0	1	0	6	proximal	other	4
g004153	crop3	0	OG02126	1	1	0	7	wgd	TF	2
g004154	crop3	0	OG02247	0	1	0	5	dispersed	enzyme	3
g004155	crop3	0	OG02342	0	1	0	11	transposed	other	3
g004156	crop3	0	OG02030	0	1	0	10	tandem	enzyme	3
g004157	crop3	0	OG02316	0	1	0	4	transposed	TF	3
g004158	crop3	0	OG02014	0	1	0	9	tandem	enzyme	4
g004159	crop3	0	OG02110	0	1	0	3	transposed	enzyme	1
g004160	crop3	0	OG02239	1	1	0	11	wgd	TF	3
g004161	crop3	0	OG02190	1	1	0	8	wgd	other	2
g004162	crop3	1	OG02227	1	1	0	4	wgd	TF	4
g004163	crop3	0	OG02129	0	1	0	9	dispersed	other	4
g004164	crop3	0	OG02025	0	1	0	8	dispersed	kinase	4
g004165	crop3	0	OG02306	0	1	0	11	dispersed	transporter	3
g004166	crop3	0	OG02003	0	1	0	6	transposed	defense	2
g004167	crop3	0	OG02213	1	1	0	6	wgd	hormone	1
g004168	crop3	0	OG02047	0	1	0	11	dispersed	enzyme	4
g004169	crop3	0	OG02225	0	0	1	1	singleton	enzyme	3
g004170	crop3	0	OG02017	0	1	0	2	tandem	enzyme	3
g004171	crop3	0	OG02206	0	1	0	9	transposed	other	3
g004172	crop3	0	OG02020	0	1	0	2	tandem	other	3
g004173	crop3	0	OG02289	1	1	0	3	wgd	TF	4
g004174	crop3	0	OG02222	0	1	0	4	dispersed	kinase	3
g004175	crop3	0	OG02032	0	1	0	4	tandem	transporter	3
g004176	crop3	0	OG02042	0	1	0	4	transposed	other	1
g004177	crop3	0	OG02336	0	1	0	6	transposed	other	2
g004178	crop3	0	OG02131	1	1	0	8	wgd	TF	1
g004179	crop3	0	OG02066	0	1	0	7	transposed	transporter	2
g004180	crop3	0	OG02023	0	1	0	6	transposed	hormone	4
g004181	crop3	0	OG02188	1	1	0	6	wgd	TF	1
g004182	crop3	0	OG02185	0	1	0	10	tandem	enzyme	3
g004183	crop3	0	OG02156	0	1	0	7	transposed	hormone	1
g004184	crop3	0	OG02181	0	1	0	5	transposed	defense	4
g004185	crop3	0	OG02244	0	1	0	3	dispersed	transporter	3
g004186	crop3	0	OG02055	0	1	0	7	transposed	TF	3
g004187	crop3	0	OG02069	0	1	0	7	transposed	TF	4
g004188	crop3	0	OG02022	1	1	0	8	wgd	hormone	2
g004189	crop3	0	OG02167	1	1	0	10	wgd	other	1
g004190	crop3	0	OG02039	0	1	0	6	dispersed	kinase	2
g004191	crop3	0	OG02282	0	1	0	9	transposed	other	1
g004192	crop3	0	OG02325	1	1	0	11	wgd	TF	4
g004193	crop3	1	OG02193	0	1	0	3	transposed	transporter	1
g004194	crop3	0	OG02089	1	1	0	11	wgd	TF	2
g004195	crop3	0	OG02066	0	0	1	1	singleton	hormone	3
g004196	crop3	0	OG02037	0	1	0	6	transposed	TF	2
g004197	crop3	0	OG02054	0	1	0	7	dispersed	other	3
g004198	crop3	0	OG02119	0	1	0	6	transposed	kinase	3
g004199	crop3	0	OG02051	0	1	0	11	dispersed	hormone	3
g004200	crop3	0	OG02327	0	1	0	8	transposed	enzyme	2
g004201	crop3	0	OG02147	1	1	0	6	wgd	TF	2
g004202	crop3	0	OG02219	0	0	1	1	singleton	other	3
g004203	crop3	0	OG02167	0	1	0	4	dispersed	transporter	1
g004204	crop3	0	OG02244	1	1	0	6	wgd	defense	3
g004205	crop3	0	OG02061	0	0	1	1	singleton	defense	1
g004206	crop3	0	OG02213	0	0	1	1	singleton	hormone	1
g004207	crop3	0	OG02180	0	1	0	3	proximal	other	2
g004208	crop3	0	OG02298	0	0	1	1	singleton	enzyme	4
g004209	crop3	0	OG02007	0	1	0	9	transposed	transporter	2
g004210	crop3	0	OG02026	0	1	0	10	tandem	defense	1
g004211	crop3	0	OG02304	0	1	0	11	dispersed	other	3
g004212	crop3	0	OG02176	0	1	0	7	dispersed	other	3
g004213	crop3	0	OG02313	0	1	0	5	dispersed	enzyme	4
g004214	crop3	0	OG02295	1	1	0	11	wgd	hormone	1
g004215	crop3	0	OG02173	1	1	0	2	wgd	other	2
g004216	crop3	0	OG02176	0	1	0	7	dispersed	kinase	3
g004217	crop3	0	OG02120	0	1	0	7	tandem	defense	3
g004218	crop3	0	OG02151	0	1	0	3	dispersed	transporter	1
g004219	crop3	0	OG02168	0	1	0	10	dispersed	enzyme	1
g004220	crop3	0	OG02276	0	1	0	3	tandem	defense	2
g004221	crop3	0	OG02124	0	1	0	7	dispersed	enzyme	1
g004222	crop3	0	OG02152	0	1	0	7	dispersed	kinase	4
g004223	crop3	0	OG02066	0	1	0	8	tandem	enzyme	3
g004224	crop3	0	OG02111	0	1	0	6	transposed	enzyme	1
g004225	crop3	0	OG02137	1	1	0	10	wgd	TF	1
g004226	crop3	0	OG02180	0	0	1	1	singleton	enzyme	1
g004227	crop3	0	OG02301	0	1	0	11	dispersed	other	2
g004228	crop3	0	OG02205	0	1	0	8	transposed	TF	2
g004229	crop3	0	OG02241	0	1	0	3	tandem	other	3
g004230	crop3	0	OG02068	1	1	0	9	wgd	defense	1
g004231	crop3	0	OG02169	0	1	0	9	dispersed	TF	4
g004232	crop3	0	OG02092	0	1	0	5	dispersed	hormone	1
g004233	crop3	0	OG02343	0	1	0	10	transposed	hormone	1
g004234	crop3	0	OG02254	0	1	0	4	transposed	transporter	3
g004235	crop3	0	OG02242	0	1	0	7	tandem	defense	3
g004236	crop3	1	OG02226	0	1	0	5	transposed	enzyme	3
g004237	crop3	0	OG02112	0	1	0	11	transposed	other	2
g004238	crop3	0	OG02227	1	1	0	7	wgd	kinase	3
g004239	crop3	0	OG02300	0	1	0	10	dispersed	enzyme	4
g004240	crop3	0	OG02002	1	1	0	5	wgd	TF	1
g004241	crop3	0	OG02347	0	1	0	2	transposed	kinase	4
g004242	crop3	0	OG02149	1	1	0	4	wgd	hormone	3
g004243	crop3	0	OG02386	0	1	0	7	tandem	TF	1
g004244	crop3	0	OG02140	0	1	0	3	dispersed	hormone	1
g004245	crop3	0	OG02384	0	0	1	1	singleton	defense	4
g004246	crop3	0	OG02225	0	1	0	11	tandem	other	4
g004247	crop3	0	OG02093	1	1	0	6	wgd	kinase	4
g004248	crop3	0	OG02387	0	1	0	6	transposed	kinase	4
g004249	crop3	0	OG02244	0	1	0	9	transposed	defense	3
g004250	crop3	0	OG02336	0	1	0	6	transposed	TF	2
g004251	crop3	0	OG02036	0	1	0	7	dispersed	other	1
g004252	crop3	0	OG02337	0	1	0	4	dispersed	enzyme	4
g004253	crop3	0	OG02276	1	1	0	5	wgd	TF	2
g004254	crop3	0	OG02357	0	1	0	3	dispersed	transporter	3
g004255	crop3	0	OG02121	0	1	0	7	dispersed	kinase	3
g004256	crop3	0	OG02226	1	1	0	8	wgd	other	1
g004257	crop3	1	OG02347	1	1	0	6	wgd	hormone	2
g004258	crop3	0	OG02329	1	1	0	10	wgd	enzyme	3
g004259	crop3	0	OG02343	1	1	0	5	wgd	hormone	4
g004260	crop3	0	OG02015	0	1	0	8	dispersed	TF	4
g004261	crop3	0	OG02158	0	1	0	9	tandem	enzyme	1
g004262	crop3	0	OG02308	0	1	0	4	tandem	defense	4
g004263	crop3	0	OG02374	1	1	0	3	wgd	TF	1
g004264	crop3	0	OG02092	1	1	0	7	wgd	kinase	1
g004265	crop3	0	OG02118	1	1	0	8	wgd	kinase	2
g004266	crop3	0	OG02399	1	1	0	3	wgd	other	1
g004267	crop3	0	OG02032	0	0	1	1	singleton	kinase	4
g004268	crop3	0	OG02250	0	1	0	6	tandem	kinase	1
g004269	crop3	0	OG02391	1	1	0	5	wgd	TF	4
g004270	crop3	0	OG02123	0	1	0	3	dispersed	defense	2
g004271	crop3	0	OG02307	0	1	0	4	dispersed	enzyme	1
g004272	crop3	0	OG02317	0	1	0	4	tandem	defense	4
g004273	crop3	0	OG02069	0	1	0	7	dispersed	hormone	3
g004274	crop3	0	OG02271	0	1	0	4	transposed	other	4
g004275	crop3	0	OG02074	0	1	0	10	transposed	TF	3
g004276	crop3	0	OG02065	0	1	0	6	dispersed	TF	2
g004277	crop3	0	OG02067	1	1	0	8	wgd	TF	2
g004278	crop3	0	OG02334	1	1	0	9	wgd	TF	2
g004279	crop3	0	OG02108	0	1	0	6	transposed	other	3
g004280	crop3	0	OG02178	1	1	0	6	wgd	transporter	4
g004281	crop3	0	OG02168	0	1	0	3	transposed	other	3
g004282	crop3	0	OG02397	0	1	0	11	dispersed	kinase	1
g004283	crop3	0	OG02216	1	1	0	10	wgd	other	4
g004284	crop3	0	OG02202	0	0	1	1	singleton	kinase	1
g004285	crop3	0	OG02253	0	1	0	7	tandem	enzyme	4
g004286	crop3	0	OG02192	0	1	0	9	transposed	other	2
g004287	crop3	1	OG02275	0	0	1	1	singleton	enzyme	2
g004288	crop3	0	OG02288	1	1	0	6	wgd	other	3
g004289	crop3	0	OG02000	0	0	1	1	singleton	enzyme	2
g004290	crop3	1	OG02247	1	1	0	11	wgd	hormone	2
g004291	crop3	0	OG02272	1	1	0	3	wgd	TF	2
g004292	crop3	0	OG02201	1	1	0	11	wgd	transporter	3
g004293	crop3	0	OG02222	0	1	0	11	tandem	enzyme	1
g004294	crop3	0	OG02156	0	1	0	9	tandem	other	1
g004295	crop3	0	OG02163	0	1	0	9	proximal	enzyme	4
g004296	crop3	0	OG02399	0	1	0	10	tandem	kinase	3
g004297	crop3	0	OG02168	0	1	0	10	dispersed	defense	2
g004298	crop3	0	OG02269	1	1	0	5	wgd	other	2
g004299	crop3	0	OG02078	0	1	0	8	proximal	enzyme	2
g004300	crop3	0	OG02166	0	1	0	2	proximal	defense	1
g004301	crop3	0	OG02197	1	1	0	2	wgd	TF	4
g004302	crop3	0	OG02322	0	1	0	4	dispersed	other	3
g004303	crop3	0	OG02174	0	1	0	2	transposed	TF	2
g004304	crop3	0	OG02398	0	1	0	8	dispersed	transporter	3
g004305	crop3	0	OG02019	0	1	0	5	dispersed	transporter	4
g004306	crop3	0	OG02117	1	1	0	2	wgd	transporter	4
g004307	crop3	0	OG02289	0	1	0	3	tandem	other	4
g004308	crop3	0	OG02329	1	1	0	7	wgd	enzyme	3
g004309	crop3	0	OG02267	1	1	0	2	wgd	hormone	4
g004310	crop3	0	OG02227	0	1	0	8	proximal	defense	2
g004311	crop3	0	OG02122	1	1	0	6	wgd	TF	3
g004312	crop3	0	OG02064	0	1	0	11	tandem	other	3
g004313	crop3	0	OG02362	1	1	0	3	wgd	TF	2
g004314	crop3	0	OG02135	0	1	0	2	dispersed	defense	2
g004315	crop3	0	OG02139	0	1	0	10	tandem	enzyme	1
g004316	crop3	0	OG02214	0	1	0	11	transposed	other	1
g004317	crop3	0	OG02128	0	1	0	8	transposed	defense	2
g004318	crop3	0	OG02039	0	1	0	8	tandem	enzyme	4
g004319	crop3	0	OG02397	0	1	0	9	dispersed	enzyme	2
g004320	crop3	0	OG02214	0	1	0	4	dispersed	hormone	3
g004321	crop3	0	OG02162	0	1	0	7	dispersed	transporter	4
g004322	crop3	0	OG02027	0	1	0	4	tandem	kinase	1
g004323	crop3	0	OG02129	0	1	0	10	dispersed	defense	3
g004324	crop3	0	OG02071	1	1	0	8	wgd	transporter	3
g004325	crop3	0	OG02098	0	1	0	9	dispersed	enzyme	3
g004326	crop3	0	OG02312	1	1	0	6	wgd	TF	2
g004327	crop3	0	OG02201	1	1	0	3	wgd	other	3
g004328	crop3	0	OG02251	0	1	0	5	tandem	enzyme	3
g004329	crop3	0	OG02196	0	1	0	10	transposed	other	2
g004330	crop3	0	OG02388	0	1	0	2	transposed	enzyme	4
g004331	crop3	0	OG02277	0	1	0	7	proximal	kinase	1
g004332	crop3	0	OG02293	0	1	0	4	tandem	defense	1
g004333	crop3	0	OG02132	1	1	0	7	wgd	enzyme	4
g004334	crop3	0	OG02042	1	1	0	3	wgd	TF	1
g004335	crop3	0	OG02144	1	1	0	2	wgd	enzyme	2
g004336	crop3	0	OG02217	0	1	0	4	tandem	other	4
g004337	crop3	0	OG02169	0	1	0	6	dispersed	other	2
g004338	crop3	0	OG02045	1	1	0	10	wgd	hormone	3
g004339	crop3	0	OG02071	1	1	0	6	wgd	TF	4
g004340	crop3	0	OG02081	1	1	0	8	wgd	TF	4
g004341	crop3	0	OG02298	1	1	0	7	wgd	defense	3
g004342	crop3	0	OG02279	0	1	0	7	transposed	hormone	3
g004343	crop3	0	OG02256	1	1	0	9	wgd	other	1
g004344	crop3	0	OG02325	0	1	0	4	dispersed	defense	4
g004345	crop3	0	OG02200	1	1	0	8	wgd	TF	2
g004346	crop3	0	OG02075	1	1	0	4	wgd	TF	1
g004347	crop3	0	OG02211	1	1	0	8	wgd	transporter	4
g004348	crop3	0	OG02315	0	1	0	4	transposed	enzyme	3
g004349	crop3	0	OG02050	0	1	0	7	transposed	other	3
g004350	crop3	0	OG02149	1	1	0	11	wgd	enzyme	4
g004351	crop3	0	OG02117	1	1	0	8	wgd	TF	1
g004352	crop3	0	OG02320	0	1	0	8	transposed	kinase	3
g004353	crop3	0	OG02335	0	1	0	5	tandem	enzyme	3
g004354	crop3	0	OG02116	0	1	0	8	transposed	other	1
g004355	crop3	0	OG02088	0	0	1	1	singleton	defense	1
g004356	crop3	0	OG02212	0	0	1	1	singleton	other	3
g004357	crop3	0	OG02000	0	1	0	6	transposed	TF	1
g004358	crop3	0	OG02285	0	0	1	1	singleton	kinase	3
g004359	crop3	0	OG02208	0	1	0	5	dispersed	other	1
g004360	crop3	0	OG02306	0	1	0	11	dispersed	transporter	4
g004361	crop3	0	OG02261	0	1	0	6	dispersed	TF	2
g004362	crop3	0	OG02322	0	0	1	1	singleton	other	3
g004363	crop3	0	OG02250	1	1	0	7	wgd	other	3
g004364	crop3	1	OG02190	1	1	0	10	wgd	kinase	3
g004365	crop3	0	OG02228	0	1	0	4	tandem	other	3
g004366	crop3	0	OG02366	0	1	0	4	transposed	defense	4
g004367	crop3	0	OG02244	0	1	0	2	dispersed	other	4
g004368	crop3	0	OG02311	1	1	0	4	wgd	hormone	1
g004369	crop3	0	OG02063	0	1	0	5	proximal	other	1
g004370	crop3	0	OG02127	0	1	0	7	dispersed	defense	3
g004371	crop3	0	OG02087	1	1	0	8	wgd	kinase	3
g004372	crop3	0	OG02357	1	1	0	6	wgd	hormone	3
g004373	crop3	0	OG02383	0	1	0	9	dispersed	enzyme	2
g004374	crop3	0	OG02007	0	1	0	3	dispersed	TF	1
g004375	crop3	0	OG02339	1	1	0	4	wgd	TF	2
g004376	crop3	0	OG02173	0	1	0	6	tandem	kinase	2
g004377	crop3	0	OG02197	0	1	0	7	transposed	hormone	3
g004378	crop3	0	OG02015	1	1	0	10	wgd	kinase	2
g004379	crop3	0	OG02190	0	1	0	3	transposed	other	2
g004380	crop3	1	OG02254	0	1	0	9	transposed	other	4
g004381	crop3	0	OG02084	0	1	0	9	transposed	defense	4
g004382	crop3	0	OG02248	1	1	0	4	wgd	kinase	4
g004383	crop3	0	OG02112	1	1	0	11	wgd	other	4
g004384	crop3	0	OG02180	0	0	1	1	singleton	other	3
g004385	crop3	0	OG02246	0	1	0	9	tandem	defense	3
g004386	crop3	0	OG02088	0	1	0	5	transposed	hormone	2
g004387	crop3	0	OG02297	0	1	0	6	dispersed	defense	2
g004388	crop3	0	OG02348	1	1	0	9	wgd	defense	3
g004389	crop3	0	OG02028	0	1	0	8	transposed	enzyme	3
g004390	crop3	0	OG02283	0	1	0	5	transposed	other	1
g004391	crop3	0	OG02330	0	1	0	6	transposed	other	1
g004392	crop3	0	OG02244	1	1	0	9	wgd	other	4
g004393	crop3	0	OG02169	0	1	0	5	dispersed	transporter	3
g004394	crop3	0	OG02193	0	1	0	11	tandem	defense	1
g004395	crop3	0	OG02202	1	1	0	8	wgd	enzyme	1
g004396	crop3	0	OG02275	0	1	0	5	transposed	other	1
g004397	crop3	0	OG02361	0	1	0	5	transposed	TF	1
g004398	crop3	0	OG02143	0	1	0	4	transposed	other	1
g004399	crop3	0	OG02205	0	1	0	6	dispersed	kinase	2
g004400	crop3	1	OG02181	0	1	0	8	transposed	TF	4
g004401	crop3	1	OG02163	0	1	0	8	proximal	defense	2
g004402	crop3	1	OG02030	0	1	0	5	transposed	defense	4
g004403	crop3	0	OG02264	1	1	0	3	wgd	TF	2
g004404	crop3	0	OG02366	0	1	0	3	dispersed	enzyme	2
g004405	crop3	0	OG02304	0	0	1	1	singleton	other	2
g004406	crop3	0	OG02282	0	0	1	1	singleton	TF	4
g004407	crop3	0	OG02189	0	0	1	1	singleton	transporter	1
g004408	crop3	0	OG02136	0	1	0	11	dispersed	hormone	3
g004409	crop3	0	OG02143	1	1	0	9	wgd	hormone	4
g004410	crop3	0	OG02102	0	1	0	10	tandem	enzyme	2
g004411	crop3	0	OG02105	0	1	0	7	dispersed	hormone	1
g004412	crop3	0	OG02264	0	1	0	8	tandem	enzyme	4
g004413	crop3	0	OG02242	0	1	0	3	proximal	enzyme	4
g004414	crop3	0	OG02257	0	0	1	1	singleton	enzyme	3
g004415	crop3	0	OG02299	1	1	0	4	wgd	kinase	3
g004416	crop3	0	OG02309	0	1	0	8	transposed	other	4
g004417	crop3	0	OG02177	1	1	0	3	wgd	TF	4
g004418	crop3	0	OG02349	1	1	0	8	wgd	other	3
g004419	crop3	0	OG02038	0	1	0	5	transposed	other	2
g004420	crop3	1	OG02267	0	1	0	8	tandem	kinase	2
g004421	crop3	0	OG02020	1	1	0	11	wgd	other	3
g004422	crop3	0	OG02214	0	1	0	11	transposed	defense	1
g004423	crop3	0	OG02253	0	1	0	6	tandem	defense	4
g004424	crop3	0	OG02312	0	1	0	6	tandem	enzyme	2
g004425	crop3	0	OG02389	0	1	0	4	proximal	hormone	1
g004426	crop3	0	OG02300	0	1	0	2	transposed	other	4
g004427	crop3	0	OG02325	0	1	0	6	dispersed	defense	4
g004428	crop3	0	OG02347	1	1	0	7	wgd	transporter	1
g004429	crop3	0	OG02162	0	1	0	11	proximal	enzyme	4
g004430	crop3	0	OG02113	0	1	0	3	transposed	enzyme	2
g004431	crop3	0	OG02010	0	1	0	5	transposed	other	2
g004432	crop3	0	OG02106	0	1	0	3	dispersed	other	3
g004433	crop3	0	OG02316	0	1	0	4	dispersed	transporter	3
g004434	crop3	0	OG02096	1	1	0	2	wgd	kinase	2
g004435	crop3	0	OG02319	0	1	0	5	dispersed	hormone	2
g004436	crop3	0	OG02043	0	1	0	11	dispersed	other	3
g004437	crop3	0	OG02097	1	1	0	11	wgd	other	2
g004438	crop3	0	OG02089	1	1	0	8	wgd	enzyme	1
g004439	crop3	0	OG02189	0	1	0	3	tandem	enzyme	1
g004440	crop3	0	OG02222	0	0	1	1	singleton	other	2
g004441	crop3	0	OG02128	0	1	0	4	transposed	defense	4
g004442	crop3	0	OG02278	0	1	0	7	tandem	enzyme	4
g004443	crop3	0	OG02025	1	1	0	3	wgd	other	3
g004444	crop3	0	OG02207	0	0	1	1	singleton	defense	3
g004445	crop3	0	OG02178	1	1	0	11	wgd	TF	2
g004446	crop3	0	OG02068	0	1	0	11	transposed	other	2
g004447	crop3	0	OG02173	1	1	0	3	wgd	enzyme	4
g004448	crop3	0	OG02026	0	1	0	6	transposed	other	3
g004449	crop3	0	OG02353	1	1	0	7	wgd	defense	4
g004450	crop3	0	OG02340	1	1	0	5	wgd	defense	3
g004451	crop3	0	OG02262	0	1	0	2	tandem	defense	3
g004452	crop3	0	OG02020	1	1	0	4	wgd	enzyme	4
g004453	crop3	0	OG02035	0	1	0	10	dispersed	transporter	2
g004454	crop3	0	OG02353	0	0	1	1	singleton	TF	4
g004455	crop3	0	OG02219	0	0	1	1	singleton	other	3
g004456	crop3	0	OG02269	0	1	0	2	dispersed	defense	2
g004457	crop3	0	OG02055	1	1	0	5	wgd	other	2
g004458	crop3	0	OG02114	0	1	0	3	dispersed	other	1
g004459	crop3	0	OG02351	0	1	0	6	dispersed	kinase	3
g004460	crop3	0	OG02301	0	1	0	11	dispersed	TF	2
g004461	crop3	0	OG02385	0	1	0	3	dispersed	transporter	4
g004462	crop3	0	OG02218	1	1	0	8	wgd	kinase	4
g004463	crop3	0	OG02137	1	1	0	11	wgd	kinase	3
g004464	crop3	0	OG02276	0	1	0	8	dispersed	kinase	3
g004465	crop3	0	OG02117	1	1	0	7	wgd	hormone	2
g004466	crop3	0	OG02072	0	1	0	6	transposed	TF	4
g004467	crop3	0	OG02142	1	1	0	9	wgd	enzyme	4
g004468	crop3	1	OG02298	0	1	0	4	transposed	TF	3
g004469	crop3	0	OG02055	0	1	0	8	tandem	enzyme	2
g004470	crop3	0	OG02295	0	1	0	10	proximal	other	2
g004471	crop3	0	OG02131	0	1	0	5	transposed	TF	3
g004472	crop3	0	OG02312	0	1	0	3	dispersed	TF	3
g004473	crop3	0	OG02260	0	1	0	4	transposed	enzyme	2
g004474	crop3	0	OG02120	0	1	0	11	dispersed	transporter	2
g004475	crop3	0	OG02269	0	1	0	5	transposed	other	2
g004476	crop3	0	OG02133	0	1	0	10	transposed	other	4
g004477	crop3	0	OG02175	0	1	0	9	dispersed	defense	3
g004478	crop3	0	OG02022	0	1	0	6	transposed	other	3
g004479	crop3	0	OG02080	0	1	0	7	proximal	enzyme	2
g004480	crop3	0	OG02012	0	1	0	10	tandem	enzyme	2
g004481	crop3	0	OG02085	0	1	0	2	transposed	hormone	4
g004482	crop3	0	OG02190	0	1	0	9	dispersed	other	4
g004483	crop3	0	OG02314	0	0	1	1	singleton	transporter	3
g004484	crop3	0	OG02250	0	0	1	1	singleton	TF	2
g004485	crop3	0	OG02341	0	1	0	3	proximal	TF	1
g004486	crop3	0	OG02279	1	1	0	6	wgd	other	3
g004487	crop3	0	OG02275	0	1	0	5	tandem	defense	4
g004488	crop3	0	OG02169	0	1	0	11	transposed	TF	4
g004489	crop3	0	OG02319	0	1	0	10	proximal	hormone	2
g004490	crop3	0	OG02319	1	1	0	4	wgd	other	2
g004491	crop3	0	OG02337	0	1	0	8	transposed	transporter	4
g004492	crop3	0	OG02093	0	1	0	7	transposed	other	4
g004493	crop3	0	OG02188	1	1	0	3	wgd	hormone	2
g004494	crop3	0	OG02391	0	1	0	10	transposed	enzyme	3
g004495	crop3	0	OG02026	1	1	0	4	wgd	TF	1
g004496	crop3	0	OG02199	1	1	0	3	wgd	hormone	2
g004497	crop3	0	OG02101	1	1	0	5	wgd	hormone	3
g004498	crop3	0	OG02250	0	1	0	10	dispersed	defense	1
g004499	crop3	0	OG02254	0	1	0	3	tandem	defense	3
g004500	crop4	0	OG03225	1	1	0	6	wgd	other	3
g004501	crop4	0	OG03315	0	1	0	11	tandem	hormone	4
g004502	crop4	0	OG03011	0	1	0	5	proximal	enzyme	2
g004503	crop4	0	OG03178	0	1	0	10	tandem	other	3
g004504	crop4	0	OG03081	0	1	0	6	transposed	kinase	3
g004505	crop4	0	OG03186	0	0	1	1	singleton	defense	1
g004506	crop4	0	OG03364	0	1	0	2	dispersed	enzyme	2
g004507	crop4	0	OG03183	1	1	0	9	wgd	other	2
g004508	crop4	0	OG03300	0	1	0	6	transposed	defense	2
g004509	crop4	0	OG03256	1	1	0	7	wgd	hormone	3
g004510	crop4	0	OG03251	0	1	0	5	dispersed	TF	1
g004511	crop4	1	OG03395	0	1	0	7	tandem	other	4
g004512	crop4	0	OG03058	1	1	0	2	wgd	TF	2
g004513	crop4	0	OG03374	0	1	0	7	tandem	other	4
g004514	crop4	0	OG03307	1	1	0	11	wgd	other	4
g004515	crop4	0	OG03340	0	1	0	8	proximal	other	1
g004516	crop4	0	OG03228	0	1	0	4	dispersed	TF	3
g004517	crop4	0	OG03286	1	1	0	10	wgd	other	2
g004518	crop4	0	OG03002	0	1	0	4	tandem	transporter	2
g004519	crop4	0	OG03215	0	1	0	10	transposed	other	2
g004520	crop4	0	OG03260	1	1	0	10	wgd	transporter	4
g004521	crop4	0	OG03207	0	1	0	11	transposed	other	2
g004522	crop4	0	OG03127	1	1	0	10	wgd	kinase	1
g004523	crop4	0	OG03084	0	1	0	4	tandem	enzyme	3
g004524	crop4	0	OG03054	0	1	0	8	tandem	enzyme	2
g004525	crop4	0	OG03125	0	1	0	2	dispersed	other	1
g004526	crop4	1	OG03034	1	1	0	8	wgd	hormone	3
g004527	crop4	0	OG03152	0	1	0	9	proximal	enzyme	3
g004528	crop4	0	OG03217	0	1	0	6	tandem	other	3
g004529	crop4	0	OG03399	0	1	0	7	proximal	TF	3
g004530	crop4	0	OG03013	1	1	0	6	wgd	hormone	4
g004531	crop4	0	OG03125	1	1	0	2	wgd	TF	2
g004532	crop4	0	OG03051	1	1	0	6	wgd	kinase	3
g004533	crop4	0	OG03358	0	1	0	5	dispersed	transporter	2
g004534	crop4	0	OG03091	0	1	0	2	dispersed	defense	3
g004535	crop4	0	OG03202	0	0	1	1	singleton	TF	2
g004536	crop4	0	OG03005	0	1	0	6	dispersed	defense	2
g004537	crop4	0	OG03371	1	1	0	10	wgd	enzyme	3
g004538	crop4	0	OG03028	0	1	0	5	dispersed	other	2
g004539	crop4	0	OG03256	0	1	0	5	transposed	other	1
g004540	crop4	0	OG03164	0	1	0	2	proximal	other	3
g004541	crop4	0	OG03335	0	1	0	7	proximal	other	4
g004542	crop4	0	OG03257	1	1	0	9	wgd	hormone	4
g004543	crop4	0	OG03344	1	1	0	11	wgd	kinase	4
g004544	crop4	0	OG03080	0	1	0	2	transposed	other	3
g004545	crop4	0	OG03017	0	0	1	1	singleton	hormone	4
g004546	crop4	0	OG03282	0	1	0	8	dispersed	defense	1
g004547	crop4	0	OG03372	0	0	1	1	singleton	TF	2
g004548	crop4	0	OG03373	0	1	0	2	dispersed	hormone	4
g004549	crop4	0	OG03193	0	1	0	9	transposed	TF	4
g004550	crop4	0	OG03107	0	1	0	9	transposed	other	2
g004551	crop4	0	OG03088	0	1	0	4	dispersed	kinase	2
g004552	crop4	0	OG03284	1	1	0	11	wgd	transporter	2
g004553	crop4	0	OG03369	0	1	0	9	transposed	transporter	3
g004554	crop4	0	OG03076	1	1	0	7	wgd	other	3
g004555	crop4	0	OG03252	0	1	0	7	tandem	enzyme	1
g004556	crop4	0	OG03067	0	1	0	7	dispersed	kinase	1
g004557	crop4	1	OG03029	0	1	0	5	transposed	transporter	3
g004558	crop4	0	OG03227	0	1	0	7	transposed	other	3
g004559	crop4	0	OG03038	0	1	0	5	transposed	other	2
g004560	crop4	0	OG03083	0	1	0	8	tandem	enzyme	3
g004561	crop4	0	OG03169	0	1	0	4	proximal	kinase	2
g004562	crop4	0	OG03315	0	1	0	2	tandem	TF	4
g004563	crop4	0	OG03202	0	0	1	1	singleton	enzyme	2
g004564	crop4	0	OG03268	0	1	0	4	transposed	other	2
g004565	crop4	0	OG03101	0	0	1	1	singleton	transporter	3
g004566	crop4	0	OG03265	0	1	0	4	transposed	kinase	2
g004567	crop4	0	OG03064	0	1	0	8	dispersed	kinase	4
g004568	crop4	0	OG03233	0	1	0	11	transposed	hormone	3
g004569	crop4	0	OG03046	1	1	0	2	wgd	enzyme	1
g004570	crop4	0	OG03070	0	0	1	1	singleton	defense	1
g004571	crop4	0	OG03223	0	1	0	8	dispersed	enzyme	4
g004572	crop4	0	OG03311	1	1	0	8	wgd	other	1
g004573	crop4	1	OG03265	0	1	0	10	transposed	other	3
g004574	crop4	0	OG03233	1	1	0	6	wgd	enzyme	4
g004575	crop4	0	OG03108	1	1	0	6	wgd	TF	1
g004576	crop4	0	OG03062	0	1	0	10	dispersed	hormone	3
g004577	crop4	0	OG03146	0	1	0	7	dispersed	other	3
g004578	crop4	0	OG03153	1	1	0	7	wgd	enzyme	2
g004579	crop4	0	OG03010	0	1	0	2	dispersed	hormone	3
g004580	crop4	0	OG03112	1	1	0	2	wgd	transporter	2
g004581	crop4	0	OG03317	0	1	0	8	proximal	defense	2
g004582	crop4	0	OG03093	1	1	0	6	wgd	other	1
g004583	crop4	0	OG03104	0	1	0	8	tandem	hormone	4
g004584	crop4	0	OG03002	0	1	0	2	transposed	TF	3
g004585	crop4	0	OG03197	1	1	0	11	wgd	hormone	1
g004586	crop4	0	OG03354	0	1	0	7	dispersed	TF	4
g004587	crop4	0	OG03136	1	1	0	8	wgd	TF	2
g004588	crop4	0	OG03333	0	1	0	3	tandem	enzyme	1
g004589	crop4	0	OG03066	0	1	0	9	dispersed	other	4
g004590	crop4	0	OG03079	0	1	0	5	transposed	defense	3
g004591	crop4	0	OG03280	0	1	0	9	proximal	other	2
g004592	crop4	0	OG03342	0	1	0	3	transposed	transporter	4
g004593	crop4	1	OG03280	0	1	0	7	transposed	enzyme	4
g004594	crop4	0	OG03271	1	1	0	9	wgd	enzyme	2
g004595	crop4	0	OG03250	1	1	0	9	wgd	other	2
g004596	crop4	0	OG03284	0	1	0	5	transposed	kinase	1
g004597	crop4	0	OG03152	0	0	1	1	singleton	hormone	2
g004598	crop4	0	OG03312	0	1	0	2	dispersed	hormone	2
g004599	crop4	0	OG03378	1	1	0	10	wgd	transporter	3
g004600	crop4	0	OG03114	0	1	0	10	dispersed	other	2
g004601	crop4	0	OG03097	0	1	0	9	tandem	enzyme	1
g004602	crop4	0	OG03323	0	1	0	9	transposed	enzyme	3
g004603	crop4	0	OG03136	0	0	1	1	singleton	hormone	3
g004604	crop4	0	OG03017	0	1	0	4	dispersed	TF	1
g004605	crop4	0	OG03287	0	1	0	3	transposed	other	2
g004606	crop4	0	OG03162	0	0	1	1	singleton	other	1
g004607	crop4	0	OG03238	0	1	0	5	dispersed	defense	2
g004608	crop4	0	OG03281	1	1	0	4	wgd	enzyme	1
g004609	crop4	0	OG03285	0	1	0	5	tandem	defense	3
g004610	crop4	0	OG03183	0	1	0	4	tandem	kinase	2
g004611	crop4	1	OG03168	0	1	0	6	dispersed	TF	3
g004612	crop4	0	OG03093	0	0	1	1	singleton	kinase	3
g004613	crop4	0	OG03378	0	1	0	5	dispersed	hormone	2
g004614	crop4	1	OG03027	0	1	0	3	tandem	other	1
g004615	crop4	0	OG03015	0	1	0	3	dispersed	other	2
g004616	crop4	0	OG03333	0	1	0	7	proximal	enzyme	1
g004617	crop4	0	OG03386	1	1	0	8	wgd	defense	3
g004618	crop4	0	OG03247	0	1	0	5	tandem	enzyme	2
g004619	crop4	0	OG03160	1	1	0	10	wgd	enzyme	4
g004620	crop4	0	OG03072	0	0	1	1	singleton	other	1
g004621	crop4	0	OG03049	0	1	0	11	transposed	enzyme	3
g004622	crop4	0	OG03192	1	1	0	4	wgd	TF	2
g004623	crop4	0	OG03135	0	1	0	11	transposed	TF	3
g004624	crop4	0	OG03168	0	1	0	9	tandem	defense	2
g004625	crop4	0	OG03176	0	1	0	10	proximal	defense	2
g004626	crop4	0	OG03178	1	1	0	10	wgd	other	3
g004627	crop4	0	OG03007	0	1	0	11	transposed	enzyme	1
g004628	crop4	0	OG03155	0	0	1	1	singleton	other	4
g004629	crop4	0	OG03123	0	1	0	4	proximal	hormone	2
g004630	crop4	0	OG03343	0	1	0	8	transposed	defense	3
g004631	crop4	0	OG03137	0	1	0	4	tandem	transporter	4
g004632	crop4	0	OG03135	0	1	0	10	dispersed	TF	1
g004633	crop4	0	OG03134	0	0	1	1	singleton	TF	2
g004634	crop4	0	OG03161	0	1	0	3	tandem	defense	4
g004635	crop4	0	OG03074	1	1	0	3	wgd	enzyme	2
g004636	crop4	0	OG03151	0	1	0	5	transposed	transporter	2
g004637	crop4	0	OG03081	0	1	0	4	transposed	hormone	1
g004638	crop4	0	OG03354	1	1	0	8	wgd	TF	2
g004639	crop4	0	OG03338	0	1	0	9	transposed	TF	4
g004640	crop4	0	OG03280	1	1	0	5	wgd	hormone	1
g004641	crop4	0	OG03048	0	1	0	5	tandem	other	3
g004642	crop4	0	OG03022	0	1	0	9	transposed	TF	4
g004643	crop4	0	OG03211	0	1	0	3	tandem	other	4
g004644	crop4	0	OG03227	0	1	0	11	tandem	defense	2
g004645	crop4	1	OG03362	0	1	0	11	tandem	kinase	2
g004646	crop4	0	OG03169	1	1	0	7	wgd	other	2
g004647	crop4	0	OG03294	0	0	1	1	singleton	enzyme	1
g004648	crop4	0	OG03088	1	1	0	6	wgd	TF	3
g004649	crop4	0	OG03286	1	1	0	8	wgd	TF	4
g004650	crop4	0	OG03146	0	1	0	9	dispersed	other	3
g004651	crop4	0	OG03391	0	1	0	4	tandem	kinase	2
g004652	crop4	0	OG03128	0	0	1	1	singleton	other	3
g004653	crop4	0	OG03177	1	1	0	9	wgd	kinase	2
g004654	crop4	0	OG03241	1	1	0	11	wgd	TF	3
g004655	crop4	0	OG03172	0	1	0	7	tandem	defense	2
g004656	crop4	0	OG03017	0	0	1	1	singleton	TF	1
g004657	crop4	0	OG03321	1	1	0	11	wgd	hormone	1
g004658	crop4	0	OG03052	0	1	0	10	transposed	enzyme	2
g004659	crop4	0	OG03156	0	1	0	2	transposed	kinase	2
g004660	crop4	0	OG03135	0	1	0	6	transposed	kinase	2
g004661	crop4	0	OG03195	0	1	0	3	tandem	defense	3
g004662	crop4	0	OG03253	0	1	0	5	dispersed	other	4
g004663	crop4	0	OG03022	0	1	0	6	dispersed	other	2
g004664	crop4	0	OG03270	1	1	0	11	wgd	TF	2
g004665	crop4	0	OG03008	0	1	0	7	transposed	TF	2
g004666	crop4	0	OG03246	1	1	0	5	wgd	hormone	2
g004667	crop4	0	OG03046	0	1	0	7	tandem	enzyme	3
g004668	crop4	0	OG03048	0	1	0	4	transposed	kinase	1
g004669	crop4	0	OG03298	0	1	0	6	dispersed	enzyme	1
g004670	crop4	0	OG03099	0	1	0	10	dispersed	kinase	2
g004671	crop4	0	OG03103	0	0	1	1	singleton	enzyme	4
g004672	crop4	1	OG03189	0	1	0	11	transposed	enzyme	1
g004673	crop4	0	OG03019	1	1	0	5	wgd	TF	3
g004674	crop4	0	OG03042	0	1	0	6	transposed	kinase	3
g004675	crop4	0	OG03039	1	1	0	2	wgd	defense	3
g004676	crop4	0	OG03303	0	1	0	4	transposed	transporter	4
g004677	crop4	0	OG03082	1	1	0	9	wgd	TF	3
g004678	crop4	0	OG03229	0	1	0	3	transposed	enzyme	2
g004679	crop4	0	OG03184	0	1	0	10	transposed	other	1
g004680	crop4	0	OG03219	0	0	1	1	singleton	other	3
g004681	crop4	1	OG03036	0	0	1	1	singleton	enzyme	3
g004682	crop4	0	OG03312	0	1	0	3	dispersed	defense	1
g004683	crop4	0	OG03336	1	1	0	11	wgd	enzyme	3
g004684	crop4	0	OG03349	0	1	0	2	transposed	TF	2
g004685	crop4	0	OG03158	0	1	0	4	dispersed	enzyme	4
g004686	crop4	0	OG03050	0	0	1	1	singleton	enzyme	1
g004687	crop4	0	OG03212	0	1	0	9	dispersed	transporter	4
g004688	crop4	0	OG03131	0	1	0	7	transposed	defense	3
g004689	crop4	0	OG03297	0	1	0	3	dispersed	TF	3
g004690	crop4	0	OG03153	1	1	0	7	wgd	TF	1
g004691	crop4	0	OG03253	1	1	0	9	wgd	enzyme	3
g004692	crop4	0	OG03003	1	1	0	9	wgd	hormone	4
g004693	crop4	1	OG03033	0	1	0	11	tandem	enzyme	1
g004694	crop4	0	OG03037	1	1	0	6	wgd	TF	2
g004695	crop4	0	OG03301	0	1	0	5	transposed	hormone	3
g004696	crop4	0	OG03249	0	0	1	1	singleton	enzyme	4
g004697	crop4	0	OG03002	0	1	0	5	proximal	other	3
g004698	crop4	0	OG03049	0	1	0	6	transposed	kinase	3
g004699	crop4	0	OG03373	0	1	0	6	dispersed	kinase	4
g004700	crop4	0	OG03095	1	1	0	5	wgd	defense	3
g004701	crop4	0	OG03096	1	1	0	8	wgd	enzyme	1
g004702	crop4	0	OG03341	0	1	0	6	proximal	defense	2
g004703	crop4	0	OG03347	0	1	0	5	dispersed	other	2
g004704	crop4	0	OG03004	0	0	1	1	singleton	enzyme	1
g004705	crop4	0	OG03021	0	1	0	11	dispersed	enzyme	3
g004706	crop4	0	OG03274	1	1	0	3	wgd	enzyme	4
g004707	crop4	0	OG03040	0	0	1	1	singleton	TF	1
g004708	crop4	0	OG03113	0	1	0	2	tandem	other	1
g004709	crop4	0	OG03319	0	0	1	1	singleton	enzyme	3
g004710	crop4	0	OG03335	0	1	0	3	proximal	defense	1
g004711	crop4	0	OG03041	0	1	0	2	tandem	other	3
g004712	crop4	0	OG03050	1	1	0	8	wgd	transporter	3
g004713	crop4	0	OG03251	1	1	0	10	wgd	TF	2
g004714	crop4	0	OG03183	0	1	0	5	tandem	hormone	4
g004715	crop4	0	OG03003	0	1	0	9	transposed	TF	1
g004716	crop4	1	OG03138	0	1	0	7	dispersed	defense	3
g004717	crop4	0	OG03101	0	1	0	3	transposed	enzyme	2
g004718	crop4	0	OG03171	0	1	0	2	dispersed	enzyme	4
g004719	crop4	0	OG03199	0	1	0	7	dispersed	other	1
g004720	crop4	0	OG03305	1	1	0	3	wgd	TF	4
g004721	crop4	0	OG03261	1	1	0	8	wgd	TF	1
g004722	crop4	0	OG03228	1	1	0	3	wgd	kinase	3
g004723	crop4	1	OG03193	0	1	0	2	tandem	TF	2
g004724	crop4	0	OG03153	0	1	0	4	proximal	enzyme	4
g004725	crop4	0	OG03294	0	1	0	6	dispersed	enzyme	1
g004726	crop4	0	OG03128	1	1	0	7	wgd	enzyme	2
g004727	crop4	0	OG03281	1	1	0	4	wgd	other	3
g004728	crop4	0	OG03088	0	0	1	1	singleton	hormone	3
g004729	crop4	0	OG03248	0	1	0	4	transposed	other	4
g004730	crop4	0	OG03086	1	1	0	7	wgd	hormone	3
g004731	crop4	0	OG03324	0	1	0	4	transposed	enzyme	4
g004732	crop4	0	OG03358	0	1	0	3	proximal	enzyme	1
g004733	crop4	0	OG03085	0	1	0	3	transposed	TF	2
g004734	crop4	1	OG03399	0	0	1	1	singleton	other	3
g004735	crop4	0	OG03112	0	1	0	7	transposed	enzyme	4
g004736	crop4	0	OG03219	1	1	0	4	wgd	TF	3
g004737	crop4	0	OG03147	1	1	0	7	wgd	defense	3
g004738	crop4	0	OG03195	1	1	0	3	wgd	defense	2
g004739	crop4	0	OG03186	0	0	1	1	singleton	hormone	3
g004740	crop4	0	OG03348	0	0	1	1	singleton	hormone	2
g004741	crop4	0	OG03091	0	1	0	7	tandem	TF	4
g004742	crop4	0	OG03133	1	1	0	3	wgd	TF	1
g004743	crop4	1	OG03395	1	1	0	8	wgd	defense	1
g004744	crop4	0	OG03289	0	1	0	6	dispersed	kinase	2
g004745	crop4	0	OG03061	1	1	0	9	wgd	TF	1
g004746	crop4	1	OG03081	1	1	0	11	wgd	kinase	1
g004747	crop4	0	OG03012	1	1	0	4	wgd	kinase	4
g004748	crop4	0	OG03251	1	1	0	9	wgd	kinase	4
g004749	crop4	0	OG03387	0	1	0	3	transposed	other	1
g004750	crop4	0	OG03073	1	1	0	9	wgd	other	2
g004751	crop4	0	OG03271	1	1	0	2	wgd	transporter	4
g004752	crop4	0	OG03223	0	0	1	1	singleton	enzyme	2
g004753	crop4	0	OG03132	1	1	0	5	wgd	enzyme	2
g004754	crop4	0	OG03310	0	1	0	8	transposed	enzyme	1
g004755	crop4	0	OG03012	0	1	0	9	transposed	enzyme	1
g004756	crop4	0	OG03310	0	1	0	7	dispersed	kinase	4
g004757	crop4	0	OG03150	1	1	0	4	wgd	hormone	2
g004758	crop4	0	OG03134	0	1	0	5	transposed	TF	1
g004759	crop4	0	OG03154	0	1	0	4	tandem	hormone	2
g004760	crop4	0	OG03245	0	1	0	6	transposed	other	2
g004761	crop4	0	OG03292	1	1	0	11	wgd	other	3
g004762	crop4	0	OG03354	1	1	0	5	wgd	hormone	1
g004763	crop4	0	OG03343	0	1	0	5	transposed	hormone	2
g004764	crop4	0	OG03300	1	1	0	8	wgd	defense	3
g004765	crop4	0	OG03092	0	1	0	4	dispersed	transporter	1
g004766	crop4	1	OG03221	0	1	0	8	dispersed	other	1
g004767	crop4	0	OG03141	1	1	0	5	wgd	hormone	1
g004768	crop4	0	OG03256	0	1	0	3	dispersed	enzyme	4
g004769	crop4	0	OG03219	1	1	0	8	wgd	TF	4
g004770	crop4	0	OG03120	0	1	0	11	dispersed	defense	4
g004771	crop4	0	OG03121	1	1	0	6	wgd	other	3
g004772	crop4	0	OG03256	0	1	0	7	transposed	defense	4
g004773	crop4	0	OG03071	0	1	0	10	tandem	other	3
g004774	crop4	0	OG03009	1	1	0	6	wgd	hormone	3
g004775	crop4	1	OG03133	1	1	0	9	wgd	kinase	2
g004776	crop4	0	OG03035	1	1	0	8	wgd	other	1
g004777	crop4	0	OG03002	1	1	0	4	wgd	TF	1
g004778	crop4	0	OG03185	0	1	0	6	dispersed	enzyme	4
g004779	crop4	0	OG03358	0	1	0	9	tandem	defense	4
g004780	crop4	0	OG03240	0	0	1	1	singleton	defense	1
g004781	crop4	0	OG03298	0	1	0	10	dispersed	transporter	2
g004782	crop4	0	OG03324	0	1	0	2	dispersed	kinase	3
g004783	crop4	0	OG03134	0	1	0	4	dispersed	transporter	2
g004784	crop4	0	OG03173	0	1	0	7	transposed	TF	2
g004785	crop4	0	OG03291	0	1	0	6	dispersed	other	3
g004786	crop4	0	OG03309	0	1	0	4	dispersed	other	1
g004787	crop4	0	OG03219	1	1	0	5	wgd	TF	2
g004788	crop4	0	OG03064	0	1	0	4	dispersed	enzyme	2
g004789	crop4	0	OG03098	0	1	0	5	dispersed	TF	1
g004790	crop4	0	OG03211	1	1	0	6	wgd	hormone	1
g004791	crop4	0	OG03230	0	1	0	4	transposed	transporter	1
g004792	crop4	0	OG03360	0	1	0	5	transposed	kinase	2
g004793	crop4	0	OG03177	0	1	0	2	dispersed	kinase	1
g004794	crop4	0	OG03373	0	1	0	7	transposed	enzyme	4
g004795	crop4	0	OG03327	0	1	0	11	transposed	other	4
g004796	crop4	0	OG03112	1	1	0	10	wgd	TF	1
g004797	crop4	0	OG03297	0	1	0	3	transposed	enzyme	3
g004798	crop4	0	OG03198	0	1	0	2	dispersed	other	4
g004799	crop4	0	OG03166	0	1	0	9	tandem	other	2
g004800	crop4	0	OG03125	1	1	0	9	wgd	other	2
g004801	crop4	1	OG03373	0	1	0	8	transposed	TF	1
g004802	crop4	1	OG03249	1	1	0	8	wgd	TF	1
g004803	crop4	0	OG03065	1	1	0	10	wgd	TF	4
g004804	crop4	0	OG03110	0	0	1	1	singleton	transporter	2
g004805	crop4	0	OG03303	0	1	0	10	dispersed	TF	4
g004806	crop4	0	OG03139	1	1	0	2	wgd	enzyme	4
g004807	crop4	0	OG03133	1	1	0	10	wgd	TF	1
g004808	crop4	0	OG03282	0	1	0	6	transposed	enzyme	2
g004809	crop4	0	OG03268	0	1	0	3	transposed	transporter	2
g004810	crop4	0	OG03365	0	1	0	6	dispersed	enzyme	4
g004811	crop4	0	OG03017	0	1	0	7	transposed	other	1
g004812	crop4	0	OG03308	1	1	0	11	wgd	hormone	2
g004813	crop4	0	OG03100	1	1	0	9	wgd	TF	1
g004814	crop4	0	OG03329	1	1	0	7	wgd	hormone	1
g004815	crop4	0	OG03279	1	1	0	9	wgd	other	3
g004816	crop4	0	OG03042	1	1	0	9	wgd	kinase	4
g004817	crop4	0	OG03386	0	1	0	2	transposed	other	3
g004818	crop4	0	OG03384	1	1	0	9	wgd	other	2
g004819	crop4	0	OG03130	0	1	0	5	transposed	transporter	2
g004820	crop4	0	OG03168	0	1	0	3	dispersed	TF	1
g004821	crop4	0	OG03335	0	1	0	10	dispersed	other	1
g004822	crop4	0	OG03182	0	1	0	9	transposed	other	1
g004823	crop4	0	OG03354	1	1	0	2	wgd	kinase	3
g004824	crop4	0	OG03027	1	1	0	10	wgd	other	1
g004825	crop4	0	OG03126	0	1	0	2	proximal	defense	4
g004826	crop4	0	OG03268	0	1	0	7	tandem	other	1
g004827	crop4	0	OG03312	0	1	0	9	dispersed	enzyme	2
g004828	crop4	0	OG03364	0	1	0	2	dispersed	other	1
g004829	crop4	0	OG03169	0	1	0	7	dispersed	other	4
g004830	crop4	0	OG03206	1	1	0	10	wgd	enzyme	2
g004831	crop4	0	OG03399	0	1	0	9	dispersed	enzyme	4
g004832	crop4	0	OG03338	0	1	0	11	transposed	transporter	4
g004833	crop4	0	OG03205	1	1	0	7	wgd	hormone	1
g004834	crop4	0	OG03076	0	1	0	4	proximal	TF	4
g004835	crop4	0	OG03024	0	1	0	4	tandem	enzyme	3
g004836	crop4	0	OG03079	1	1	0	9	wgd	TF	3
g004837	crop4	0	OG03022	0	1	0	5	proximal	transporter	4
g004838	crop4	1	OG03149	0	1	0	2	dispersed	enzyme	4
g004839	crop4	0	OG03041	1	1	0	11	wgd	kinase	3
g004840	crop4	0	OG03256	0	1	0	10	tandem	enzyme	2
g004841	crop4	0	OG03343	0	1	0	3	dispersed	enzyme	3
g004842	crop4	0	OG03283	0	1	0	3	transposed	hormone	4
g004843	crop4	0	OG03068	0	1	0	9	tandem	TF	1
g004844	crop4	0	OG03276	0	0	1	1	singleton	kinase	4
g004845	crop4	0	OG03371	0	0	1	1	singleton	defense	2
g004846	crop4	0	OG03021	1	1	0	5	wgd	enzyme	1
g004847	crop4	0	OG03282	0	1	0	6	tandem	defense	4
g004848	crop4	0	OG03036	0	1	0	4	transposed	enzyme	4
g004849	crop4	0	OG03281	0	1	0	7	transposed	kinase	3
g004850	crop4	0	OG03084	0	1	0	9	dispersed	enzyme	1
g004851	crop4	0	OG03230	0	1	0	5	transposed	enzyme	3
g004852	crop4	0	OG03099	1	1	0	11	wgd	kinase	2
g004853	crop4	0	OG03129	0	1	0	5	dispersed	defense	3
g004854	crop4	0	OG03162	0	1	0	6	dispersed	enzyme	1
g004855	crop4	0	OG03344	0	1	0	2	transposed	enzyme	2
g004856	crop4	0	OG03382	0	1	0	6	dispersed	other	3
g004857	crop4	0	OG03369	0	1	0	5	dispersed	enzyme	2
g004858	crop4	0	OG03281	0	1	0	11	tandem	enzyme	1
g004859	crop4	0	OG03219	0	1	0	10	transposed	other	2
g004860	crop4	0	OG03279	0	1	0	9	tandem	defense	3
g004861	crop4	0	OG03382	0	0	1	1	singleton	hormone	3
g004862	crop4	0	OG03146	0	1	0	3	dispersed	enzyme	4
g004863	crop4	0	OG03086	0	1	0	10	transposed	other	3
g004864	crop4	1	OG03323	0	1	0	9	transposed	hormone	3
g004865	crop4	1	OG03318	1	1	0	10	wgd	TF	2
g004866	crop4	0	OG03316	0	1	0	4	transposed	TF	4
g004867	crop4	0	OG03322	0	0	1	1	singleton	transporter	4
g004868	crop4	0	OG03093	0	1	0	3	transposed	enzyme	1
g004869	crop4	0	OG03272	0	1	0	10	transposed	enzyme	4
g004870	crop4	0	OG03290	0	1	0	7	dispersed	TF	4
g004871	crop4	0	OG03344	0	1	0	3	tandem	TF	1
g004872	crop4	0	OG03250	0	1	0	9	transposed	defense	4
g004873	crop4	0	OG03131	0	0	1	1	singleton	other	2
g004874	crop4	0	OG03175	0	1	0	4	tandem	enzyme	1
g004875	crop4	0	OG03100	0	1	0	4	dispersed	other	3
g004876	crop4	0	OG03243	0	1	0	9	transposed	transporter	4
g004877	crop4	0	OG03282	1	1	0	3	wgd	defense	2
g004878	crop4	0	OG03027	0	1	0	2	proximal	enzyme	4
g004879	crop4	0	OG03108	1	1	0	5	wgd	TF	1
g004880	crop4	0	OG03237	0	1	0	4	tandem	enzyme	3
g004881	crop4	0	OG03143	0	1	0	6	dispersed	other	4
g004882	crop4	0	OG03373	1	1	0	10	wgd	TF	2
g004883	crop4	0	OG03269	1	1	0	3	wgd	hormone	2
g004884	crop4	1	OG03092	0	1	0	5	transposed	TF	2
g004885	crop4	1	OG03016	0	0	1	1	singleton	other	2
g004886	crop4	0	OG03001	0	1	0	4	tandem	enzyme	3
g004887	crop4	0	OG03026	1	1	0	6	wgd	TF	2
g004888	crop4	0	OG03088	0	1	0	5	tandem	other	1
g004889	crop4	0	OG03066	0	1	0	3	transposed	defense	4
g004890	crop4	0	OG03204	0	1	0	7	tandem	other	2
g004891	crop4	0	OG03076	1	1	0	6	wgd	TF	3
g004892	crop4	0	OG03186	1	1	0	2	wgd	kinase	4
g004893	crop4	0	OG03121	0	0	1	1	singleton	other	2
g004894	crop4	0	OG03079	0	1	0	6	proximal	transporter	1
g004895	crop4	0	OG03396	0	1	0	4	dispersed	enzyme	2
g004896	crop4	0	OG03198	1	1	0	7	wgd	other	3
g004897	crop4	0	OG03038	0	0	1	1	singleton	kinase	1
g004898	crop4	0	OG03365	0	0	1	1	singleton	kinase	1
g004899	crop4	0	OG03284	0	1	0	3	tandem	enzyme	1
g004900	crop4	0	OG03177	0	1	0	11	transposed	defense	3
g004901	crop4	0	OG03399	1	1	0	3	wgd	TF	2
g004902	crop4	0	OG03287	0	1	0	7	dispersed	defense	3
g004903	crop4	0	OG03307	0	1	0	4	transposed	TF	4
g004904	crop4	0	OG03012	1	1	0	6	wgd	kinase	1
g004905	crop4	0	OG03161	0	1	0	8	tandem	kinase	4
g004906	crop4	0	OG03019	0	1	0	9	transposed	TF	2
g004907	crop4	0	OG03012	0	0	1	1	singleton	enzyme	4
g004908	crop4	0	OG03047	1	1	0	6	wgd	TF	1
g004909	crop4	0	OG03172	0	1	0	7	tandem	defense	2
g004910	crop4	0	OG03274	0	1	0	3	tandem	other	4
g004911	crop4	0	OG03164	0	0	1	1	singleton	enzyme	3
g004912	crop4	0	OG03326	0	1	0	7	tandem	transporter	1
g004913	crop4	0	OG03009	1	1	0	4	wgd	TF	2
g004914	crop4	0	OG03311	0	1	0	8	dispersed	other	4
g004915	crop4	0	OG03356	1	1	0	8	wgd	other	3
g004916	crop4	0	OG03364	0	1	0	5	transposed	defense	3
g004917	crop4	0	OG03248	0	0	1	1	singleton	other	3
g004918	crop4	0	OG03140	0	1	0	11	tandem	defense	3
g004919	crop4	0	OG03381	1	1	0	10	wgd	other	3
g004920	crop4	0	OG03024	0	1	0	9	tandem	enzyme	4
g004921	crop4	0	OG03376	0	1	0	9	tandem	other	1
g004922	crop4	0	OG03205	0	0	1	1	singleton	other	3
g004923	crop4	0	OG03258	0	0	1	1	singleton	enzyme	4
g004924	crop4	0	OG03069	0	1	0	11	transposed	hormone	3
g004925	crop4	0	OG03043	0	0	1	1	singleton	transporter	2
g004926	crop4	0	OG03175	0	0	1	1	singleton	other	2
g004927	crop4	0	OG03195	1	1	0	5	wgd	hormone	1
g004928	crop4	0	OG03114	0	1	0	11	transposed	other	3
g004929	crop4	0	OG03159	0	1	0	7	transposed	other	1
g004930	crop4	0	OG03125	0	1	0	3	transposed	transporter	1
g004931	crop4	0	OG03263	0	1	0	8	transposed	other	1
g004932	crop4	0	OG03176	0	1	0	4	dispersed	other	4
g004933	crop4	0	OG03166	0	1	0	10	tandem	enzyme	3
g004934	crop4	0	OG03237	0	1	0	6	transposed	hormone	4
g004935	crop4	0	OG03006	0	1	0	7	transposed	TF	2
g004936	crop4	1	OG03394	1	1	0	9	wgd	transporter	4
g004937	crop4	0	OG03279	0	1	0	10	proximal	other	4
g004938	crop4	0	OG03264	0	1	0	7	transposed	hormone	4
g004939	crop4	0	OG03072	0	1	0	6	tandem	enzyme	3
g004940	crop4	0	OG03282	1	1	0	4	wgd	transporter	1
g004941	crop4	0	OG03140	0	1	0	7	proximal	enzyme	1
g004942	crop4	0	OG03241	0	1	0	9	dispersed	enzyme	2
g004943	crop4	0	OG03056	1	1	0	10	wgd	TF	4
g004944	crop4	1	OG03242	1	1	0	2	wgd	kinase	2
g004945	crop4	0	OG03266	1	1	0	3	wgd	transporter	4
g004946	crop4	0	OG03029	0	1	0	11	tandem	defense	2
g004947	crop4	0	OG03202	1	1	0	11	wgd	TF	1
g004948	crop4	0	OG03267	1	1	0	4	wgd	TF	2
g004949	crop4	0	OG03145	0	1	0	4	tandem	transporter	4
g004950	crop4	0	OG03094	0	0	1	1	singleton	other	2
g004951	crop4	1	OG03177	1	1	0	2	wgd	transporter	4
g004952	crop4	0	OG03114	0	1	0	9	tandem	transporter	2
g004953	crop4	0	OG03077	1	1	0	8	wgd	kinase	1
g004954	crop4	0	OG03099	0	1	0	6	dispersed	enzyme	1
g004955	crop4	0	OG03040	1	1	0	9	wgd	defense	4
g004956	crop4	0	OG03106	0	1	0	8	dispersed	enzyme	1
g004957	crop4	0	OG03100	0	1	0	2	transposed	transporter	2
g004958	crop4	0	OG03374	0	1	0	8	tandem	other	3
g004959	crop4	0	OG03352	1	1	0	3	wgd	transporter	2
g004960	crop4	0	OG03064	1	1	0	7	wgd	other	3
g004961	crop4	0	OG03059	1	1	0	8	wgd	TF	1
g004962	crop4	0	OG03251	1	1	0	8	wgd	transporter	4
g004963	crop4	0	OG03363	0	1	0	8	transposed	other	2
g004964	crop4	0	OG03005	0	0	1	1	singleton	other	4
g004965	crop4	0	OG03393	1	1	0	8	wgd	defense	4
g004966	crop4	0	OG03073	0	1	0	3	transposed	defense	4
g004967	crop4	0	OG03161	0	1	0	4	transposed	enzyme	2
g004968	crop4	1	OG03119	0	1	0	6	dispersed	TF	3
g004969	crop4	0	OG03342	1	1	0	7	wgd	enzyme	4
g004970	crop4	0	OG03369	0	0	1	1	singleton	transporter	2
g004971	crop4	0	OG03178	1	1	0	8	wgd	TF	4
g004972	crop4	0	OG03136	1	1	0	8	wgd	TF	4
g004973	crop4	0	OG03282	0	1	0	11	transposed	TF	4
g004974	crop4	0	OG03110	0	1	0	11	dispersed	enzyme	1
g004975	crop4	0	OG03120	1	1	0	4	wgd	hormone	3
g004976	crop4	0	OG03088	0	1	0	10	dispersed	hormone	2
g004977	crop4	0	OG03067	0	1	0	4	tandem	defense	2
g004978	crop4	0	OG03383	1	1	0	3	wgd	enzyme	4
g004979	crop4	0	OG03217	0	1	0	11	transposed	TF	4
g004980	crop4	0	OG03336	0	1	0	5	dispersed	hormone	1
g004981	crop4	0	OG03010	0	0	1	1	singleton	enzyme	1
g004982	crop4	0	OG03326	0	0	1	1	singleton	enzyme	3
g004983	crop4	0	OG03089	1	1	0	8	wgd	defense	2
g004984	crop4	0	OG03084	0	1	0	4	dispersed	other	1
g004985	crop4	0	OG03117	0	1	0	5	dispersed	transporter	4
g004986	crop4	0	OG03152	0	1	0	2	dispersed	TF	1
g004987	crop4	0	OG03303	0	1	0	10	dispersed	other	2
g004988	crop4	0	OG03246	1	1	0	6	wgd	TF	3
g004989	crop4	1	OG03194	0	1	0	6	transposed	other	2
g004990	crop4	0	OG03153	0	1	0	7	tandem	TF	3
g004991	crop4	0	OG03397	0	1	0	3	dispersed	kinase	3
g004992	crop4	0	OG03118	0	1	0	4	transposed	defense	3
g004993	crop4	0	OG03254	1	1	0	2	wgd	kinase	4
g004994	crop4	0	OG03077	0	1	0	9	dispersed	TF	2
g004995	crop4	0	OG03386	0	1	0	4	tandem	defense	1
g004996	crop4	0	OG03274	0	1	0	8	proximal	enzyme	4
g004997	crop4	0	OG03143	0	1	0	7	tandem	enzyme	3
g004998	crop4	0	OG03147	1	1	0	11	wgd	TF	3
g004999	crop4	0	OG03366	0	1	0	4	transposed	defense	2
g005000	crop4	0	OG03389	0	1	0	2	dispersed	other	4
g005001	crop4	0	OG03034	0	1	0	7	dispersed	kinase	1
g005002	crop4	0	OG03018	0	1	0	9	proximal	defense	3
g005003	crop4	0	OG03131	0	1	0	9	transposed	other	1
g005004	crop4	0	OG03348	1	1	0	6	wgd	hormone	4
g005005	crop4	0	OG03038	0	1	0	6	transposed	enzyme	2
g005006	crop4	0	OG03364	0	1	0	11	tandem	other	3
g005007	crop4	0	OG03114	0	1	0	3	transposed	other	3
g005008	crop4	0	OG03242	0	1	0	6	tandem	enzyme	2
g005009	crop4	0	OG03369	0	1	0	5	dispersed	enzyme	3
g005010	crop4	0	OG03160	0	0	1	1	singleton	enzyme	4
g005011	crop4	0	OG03199	1	1	0	11	wgd	other	4
g005012	crop4	0	OG03046	0	1	0	2	proximal	transporter	3
g005013	crop4	0	OG03245	0	1	0	2	tandem	TF	1
g005014	crop4	0	OG03325	0	1	0	3	tandem	other	1
g005015	crop4	0	OG03211	0	0	1	1	singleton	defense	3
g005016	crop4	0	OG03162	1	1	0	10	wgd	other	2
g005017	crop4	0	OG03174	1	1	0	5	wgd	TF	2
g005018	crop4	0	OG03189	0	1	0	10	dispersed	defense	1
g005019	crop4	0	OG03193	0	1	0	10	dispersed	transporter	1
g005020	crop4	0	OG03095	0	1	0	10	dispersed	enzyme	2
g005021	crop4	0	OG03040	0	1	0	2	dispersed	defense	4
g005022	crop4	0	OG03178	0	0	1	1	singleton	other	1
g005023	crop4	0	OG03304	0	1	0	4	dispersed	TF	1
g005024	crop4	1	OG03210	0	1	0	3	tandem	defense	2
g005025	crop4	0	OG03267	1	1	0	9	wgd	transporter	2
g005026	crop4	0	OG03169	0	1	0	9	transposed	enzyme	3
g005027	crop4	0	OG03377	0	1	0	7	transposed	hormone	4
g005028	crop4	1	OG03386	0	0	1	1	singleton	hormone	3
g005029	crop4	0	OG03335	0	1	0	4	tandem	hormone	4
g005030	crop4	0	OG03032	0	1	0	10	dispersed	TF	4
g005031	crop4	0	OG03342	0	1	0	6	tandem	enzyme	1
g005032	crop4	1	OG03368	0	1	0	4	transposed	other	1
g005033	crop4	0	OG03097	0	1	0	6	tandem	other	2
g005034	crop4	0	OG03390	0	1	0	7	transposed	enzyme	3
g005035	crop4	0	OG03247	0	1	0	3	dispersed	other	2
g005036	crop4	1	OG03090	0	0	1	1	singleton	transporter	1
g005037	crop4	0	OG03127	0	1	0	9	dispersed	other	3
g005038	crop4	0	OG03106	0	1	0	7	tandem	enzyme	3
g005039	crop4	0	OG03029	0	1	0	7	dispersed	TF	4
g005040	crop4	0	OG03275	0	0	1	1	singleton	TF	1
g005041	crop4	0	OG03015	0	1	0	3	transposed	other	2
g005042	crop4	0	OG03320	0	1	0	3	transposed	enzyme	3
g005043	crop4	0	OG03319	0	1	0	5	tandem	kinase	4
g005044	crop4	0	OG03108	0	1	0	11	transposed	kinase	4
g005045	crop4	0	OG03274	0	0	1	1	singleton	hormone	3
g005046	crop4	0	OG03394	0	1	0	6	transposed	enzyme	3
g005047	crop4	0	OG03261	0	1	0	10	transposed	transporter	4
g005048	crop4	0	OG03276	0	1	0	7	tandem	defense	4
g005049	crop4	0	OG03220	0	1	0	2	transposed	hormone	1
g005050	crop4	0	OG03006	0	1	0	3	transposed	TF	2
g005051	crop4	0	OG03367	0	1	0	8	transposed	other	2
g005052	crop4	0	OG03092	0	0	1	1	singleton	other	4
g005053	crop4	0	OG03075	0	1	0	7	transposed	enzyme	2
g005054	crop4	1	OG03096	1	1	0	6	wgd	TF	1
g005055	crop4	0	OG03076	0	1	0	3	dispersed	kinase	4
g005056	crop4	0	OG03326	0	0	1	1	singleton	enzyme	2
g005057	crop4	0	OG03349	0	1	0	4	transposed	hormone	2
g005058	crop4	0	OG03113	1	1	0	2	wgd	TF	3
g005059	crop4	0	OG03256	0	1	0	6	transposed	enzyme	3
g005060	crop4	0	OG03261	0	1	0	10	dispersed	defense	1
g005061	crop4	0	OG03314	0	0	1	1	singleton	transporter	2
g005062	crop4	0	OG03159	0	1	0	8	transposed	other	4
g005063	crop4	0	OG03166	0	1	0	2	transposed	kinase	2
g005064	crop4	0	OG03397	0	1	0	2	proximal	transporter	1
g005065	crop4	0	OG03395	0	1	0	5	transposed	kinase	2
g005066	crop4	0	OG03164	0	1	0	8	transposed	enzyme	2
g005067	crop4	0	OG03003	0	1	0	8	tandem	defense	1
g005068	crop4	0	OG03332	1	1	0	7	wgd	other	4
g005069	crop4	0	OG03312	1	1	0	9	wgd	TF	2
g005070	crop4	0	OG03106	0	1	0	6	tandem	kinase	1
g005071	crop4	0	OG03065	0	1	0	4	proximal	other	3
g005072	crop4	0	OG03251	0	0	1	1	singleton	hormone	1
g005073	crop4	0	OG03214	0	0	1	1	singleton	TF	3
g005074	crop4	0	OG03095	0	1	0	4	transposed	defense	3
g005075	crop4	0	OG03144	0	1	0	10	dispersed	other	1
g005076	crop4	0	OG03147	0	1	0	9	transposed	enzyme	3
g005077	crop4	0	OG03001	1	1	0	8	wgd	TF	1
g005078	crop4	0	OG03399	0	1	0	10	transposed	transporter	3
g005079	crop4	0	OG03037	1	1	0	6	wgd	enzyme	2
g005080	crop4	0	OG03024	0	1	0	8	proximal	enzyme	1
g005081	crop4	0	OG03057	1	1	0	7	wgd	other	4
g005082	crop4	0	OG03242	0	1	0	4	proximal	enzyme	2
g005083	crop4	1	OG03307	0	1	0	6	tandem	other	3
g005084	crop4	1	OG03187	0	0	1	1	singleton	TF	2
g005085	crop4	0	OG03220	0	1	0	4	proximal	kinase	2
g005086	crop4	0	OG03304	0	1	0	6	transposed	other	1
g005087	crop4	0	OG03079	0	1	0	4	transposed	other	2
g005088	crop4	1	OG03004	1	1	0	4	wgd	TF	1
g005089	crop4	0	OG03025	0	1	0	2	proximal	hormone	1
g005090	crop4	0	OG03258	0	1	0	8	dispersed	hormone	3
g005091	crop4	0	OG03173	0	1	0	9	transposed	transporter	4
g005092	crop4	0	OG03271	1	1	0	8	wgd	other	4
g005093	crop4	0	OG03213	0	1	0	10	tandem	defense	4
g005094	crop4	0	OG03192	1	1	0	11	wgd	kinase	4
g005095	crop4	0	OG03018	0	1	0	4	tandem	kinase	3
g005096	crop4	0	OG03203	1	1	0	6	wgd	enzyme	3
g005097	crop4	0	OG03105	0	1	0	2	dispersed	kinase	3
g005098	crop4	0	OG03046	0	0	1	1	singleton	enzyme	4
g005099	crop4	0	OG03052	1	1	0	8	wgd	enzyme	1
g005100	crop4	0	OG03337	0	1	0	4	transposed	defense	1
g005101	crop4	0	OG03056	0	1	0	5	proximal	enzyme	4
g005102	crop4	1	OG03114	1	1	0	8	wgd	hormone	4
g005103	crop4	0	OG03317	1	1	0	2	wgd	other	2
g005104	crop4	0	OG03022	0	1	0	2	transposed	enzyme	2
g005105	crop4	0	OG03093	0	1	0	9	transposed	other	4
g005106	crop4	0	OG03370	1	1	0	3	wgd	TF	1
g005107	crop4	0	OG03153	0	1	0	6	transposed	kinase	3
g005108	crop4	0	OG03314	1	1	0	9	wgd	hormone	3
g005109	crop4	1	OG03129	1	1	0	10	wgd	TF	4
g005110	crop4	0	OG03252	1	1	0	3	wgd	other	1
g005111	crop4	0	OG03358	0	1	0	6	proximal	transporter	4
g005112	crop4	0	OG03007	1	1	0	5	wgd	TF	3
g005113	crop4	0	OG03378	1	1	0	3	wgd	enzyme	3
g005114	crop4	0	OG03211	0	1	0	10	transposed	hormone	1
g005115	crop4	0	OG03086	1	1	0	10	wgd	defense	3
g005116	crop4	0	OG03046	0	1	0	4	dispersed	other	4
g005117	crop4	0	OG03132	0	1	0	11	transposed	transporter	3
g005118	crop4	0	OG03274	0	1	0	4	dispersed	kinase	1
g005119	crop4	0	OG03301	0	1	0	5	proximal	hormone	3
g005120	crop4	0	OG03002	0	1	0	6	transposed	kinase	3
g005121	crop4	0	OG03283	0	1	0	8	transposed	other	2
g005122	crop4	0	OG03300	1	1	0	8	wgd	defense	3
g005123	crop4	0	OG03139	0	1	0	5	dispersed	enzyme	3
g005124	crop4	0	OG03028	0	1	0	2	transposed	TF	4
g005125	crop4	0	OG03372	0	1	0	8	tandem	other	1
g005126	crop4	0	OG03395	0	1	0	7	dispersed	other	1
g005127	crop4	0	OG03160	0	1	0	6	proximal	transporter	1
g005128	crop4	0	OG03006	1	1	0	6	wgd	kinase	4
g005129	crop4	0	OG03378	0	0	1	1	singleton	other	1
g005130	crop4	0	OG03226	0	1	0	8	transposed	transporter	4
g005131	crop4	0	OG03056	0	1	0	8	dispersed	other	4
g005132	crop4	0	OG03361	0	0	1	1	singleton	enzyme	3
g005133	crop4	0	OG03266	1	1	0	11	wgd	hormone	4
g005134	crop4	1	OG03366	0	1	0	2	dispersed	kinase	3
g005135	crop4	0	OG03110	0	1	0	8	tandem	kinase	4
g005136	crop4	0	OG03164	0	0	1	1	singleton	enzyme	4
g005137	crop4	0	OG03258	0	1	0	8	dispersed	enzyme	2
g005138	crop4	0	OG03295	0	0	1	1	singleton	transporter	3
g005139	crop4	0	OG03343	0	1	0	9	tandem	enzyme	3
g005140	crop4	0	OG03295	0	1	0	9	transposed	enzyme	1
g005141	crop4	0	OG03202	1	1	0	6	wgd	TF	2
g005142	crop4	0	OG03059	1	1	0	8	wgd	other	1
g005143	crop4	0	OG03323	0	0	1	1	singleton	hormone	2
g005144	crop4	0	OG03397	0	1	0	2	proximal	defense	2
g005145	crop4	0	OG03156	1	1	0	5	wgd	transporter	2
g005146	crop4	0	OG03249	0	1	0	4	transposed	TF	4
g005147	crop4	0	OG03196	0	1	0	6	tandem	transporter	1
g005148	crop4	0	OG03045	0	1	0	5	dispersed	enzyme	2
g005149	crop4	0	OG03151	1	1	0	5	wgd	defense	3
g005150	crop4	0	OG03254	0	1	0	10	proximal	transporter	1
g005151	crop4	0	OG03245	0	1	0	11	dispersed	TF	4
g005152	crop4	0	OG03152	0	1	0	2	transposed	defense	4
g005153	crop4	0	OG03240	0	0	1	1	singleton	other	1
g005154	crop4	0	OG03382	0	1	0	10	transposed	TF	4
g005155	crop4	1	OG03045	0	1	0	3	dispersed	enzyme	2
g005156	crop4	1	OG03122	0	1	0	11	dispersed	other	4
g005157	crop4	0	OG03219	0	1	0	4	dispersed	TF	4
g005158	crop4	0	OG03239	0	1	0	7	dispersed	other	2
g005159	crop4	0	OG03052	0	1	0	2	dispersed	hormone	2
g005160	crop4	0	OG03035	0	1	0	7	tandem	defense	1
g005161	crop4	0	OG03205	0	1	0	9	proximal	hormone	3
g005162	crop4	0	OG03038	0	0	1	1	singleton	transporter	3
g005163	crop4	0	OG03387	0	0	1	1	singleton	kinase	4
g005164	crop4	0	OG03188	0	1	0	3	tandem	hormone	2
g005165	crop4	0	OG03016	1	1	0	9	wgd	defense	4
g005166	crop4	0	OG03108	0	1	0	6	transposed	enzyme	4
g005167	crop4	0	OG03359	0	1	0	11	tandem	other	1
g005168	crop4	0	OG03145	0	1	0	10	transposed	kinase	1
g005169	crop4	0	OG03310	0	1	0	6	dispersed	kinase	1
g005170	crop4	0	OG03329	0	1	0	6	dispersed	TF	3
g005171	crop4	0	OG03148	0	1	0	10	tandem	enzyme	4
g005172	crop4	1	OG03143	0	1	0	5	proximal	defense	3
g005173	crop4	0	OG03301	0	1	0	6	proximal	kinase	2
g005174	crop4	0	OG03259	0	1	0	9	dispersed	kinase	1
g005175	crop4	0	OG03338	1	1	0	10	wgd	transporter	1
g005176	crop4	0	OG03183	1	1	0	11	wgd	TF	3
g005177	crop4	0	OG03288	1	1	0	5	wgd	TF	4
g005178	crop4	0	OG03337	0	1	0	3	transposed	transporter	3
g005179	crop4	0	OG03002	1	1	0	8	wgd	kinase	4
g005180	crop4	0	OG03085	1	1	0	11	wgd	hormone	3
g005181	crop4	0	OG03015	0	1	0	6	dispersed	defense	2
g005182	crop4	0	OG03137	0	1	0	11	transposed	enzyme	4
g005183	crop4	0	OG03367	0	1	0	4	transposed	TF	4
g005184	crop4	0	OG03222	1	1	0	7	wgd	other	2
g005185	crop4	0	OG03008	0	1	0	5	transposed	enzyme	4
g005186	crop4	0	OG03320	1	1	0	10	wgd	TF	3
g005187	crop4	0	OG03285	1	1	0	11	wgd	hormone	4
g005188	crop4	0	OG03272	0	1	0	11	transposed	transporter	2
g005189	crop4	0	OG03152	1	1	0	8	wgd	TF	1
g005190	crop4	0	OG03123	0	1	0	6	dispersed	other	1
g005191	crop4	0	OG03288	0	1	0	9	dispersed	enzyme	3
g005192	crop4	0	OG03201	0	1	0	3	transposed	other	1
g005193	crop4	0	OG03330	0	0	1	1	singleton	other	2
g005194	crop4	0	OG03309	0	1	0	6	dispersed	kinase	2
g005195	crop4	0	OG03225	0	1	0	10	proximal	enzyme	4
g005196	crop4	0	OG03320	0	1	0	4	proximal	transporter	2
g005197	crop4	1	OG03204	0	1	0	4	tandem	defense	2
g005198	crop4	0	OG03033	0	1	0	6	dispersed	kinase	2
g005199	crop4	1	OG03204	1	1	0	9	wgd	TF	1
g005200	crop4	0	OG03383	0	1	0	5	dispersed	enzyme	4
g005201	crop4	0	OG03286	1	1	0	6	wgd	other	3
g005202	crop4	0	OG03253	0	1	0	6	dispersed	other	2
g005203	crop4	0	OG03275	0	1	0	10	proximal	enzyme	3
g005204	crop4	0	OG03299	1	1	0	4	wgd	TF	2
g005205	crop4	0	OG03095	1	1	0	9	wgd	enzyme	1
g005206	crop4	0	OG03387	0	1	0	11	dispersed	transporter	2
g005207	crop4	0	OG03327	0	1	0	8	transposed	enzyme	2
g005208	crop4	0	OG03042	0	1	0	2	dispersed	other	4
g005209	crop4	0	OG03139	0	1	0	7	transposed	enzyme	2
g005210	crop4	0	OG03373	0	1	0	9	transposed	TF	4
g005211	crop4	0	OG03010	0	1	0	11	transposed	other	2
g005212	crop4	0	OG03373	0	1	0	10	tandem	defense	2
g005213	crop4	0	OG03375	1	1	0	4	wgd	hormone	1
g005214	crop4	0	OG03095	0	1	0	2	dispersed	kinase	2
g005215	crop4	0	OG03179	0	1	0	2	tandem	other	4
g005216	crop4	0	OG03093	0	1	0	4	tandem	enzyme	4
g005217	crop4	0	OG03351	0	1	0	5	tandem	enzyme	3
g005218	crop4	0	OG03134	1	1	0	4	wgd	enzyme	1
g005219	crop4	0	OG03018	0	1	0	7	transposed	defense	1
g005220	crop4	0	OG03201	0	1	0	2	tandem	other	1
g005221	crop4	1	OG03282	1	1	0	6	wgd	TF	3
g005222	crop4	0	OG03318	1	1	0	4	wgd	TF	4
g005223	crop4	0	OG03117	1	1	0	2	wgd	hormone	3
g005224	crop4	0	OG03219	0	1	0	7	dispersed	other	2
g005225	crop4	0	OG03169	0	0	1	1	singleton	other	4
g005226	crop4	0	OG03084	0	1	0	4	transposed	kinase	2
g005227	crop4	1	OG03171	0	1	0	8	transposed	transporter	1
g005228	crop4	0	OG03165	0	1	0	5	tandem	other	2
g005229	crop4	0	OG03266	0	0	1	1	singleton	defense	1
g005230	crop4	0	OG03147	0	1	0	10	tandem	other	4
g005231	crop4	0	OG03286	0	1	0	6	proximal	other	4
g005232	crop4	0	OG03398	1	1	0	8	wgd	TF	3
g005233	crop4	0	OG03328	0	1	0	10	transposed	transporter	2
g005234	crop4	0	OG03105	0	1	0	2	tandem	other	4
g005235	crop4	0	OG03249	0	1	0	3	transposed	hormone	4
g005236	crop4	1	OG03259	1	1	0	5	wgd	other	2
g005237	crop4	0	OG03028	0	1	0	3	transposed	defense	2
g005238	crop4	0	OG03203	0	1	0	5	transposed	hormone	2
g005239	crop4	0	OG03393	0	1	0	10	dispersed	enzyme	4
g005240	crop4	0	OG03217	1	1	0	10	wgd	TF	3
g005241	crop4	0	OG03009	1	1	0	3	wgd	enzyme	3
g005242	crop4	0	OG03111	0	1	0	4	proximal	defense	3
g005243	crop4	0	OG03042	1	1	0	9	wgd	hormone	3
g005244	crop4	0	OG03016	0	1	0	2	transposed	kinase	1
g005245	crop4	0	OG03095	0	1	0	6	dispersed	TF	1
g005246	crop4	0	OG03383	1	1	0	10	wgd	transporter	4
g005247	crop4	0	OG03315	0	1	0	2	proximal	defense	1
g005248	crop4	0	OG03357	0	1	0	8	dispersed	other	3
g005249	crop4	0	OG03291	0	0	1	1	singleton	other	3
g005250	crop4	0	OG03121	1	1	0	6	wgd	TF	2
g005251	crop4	0	OG03169	0	1	0	10	tandem	other	1
g005252	crop4	0	OG03098	0	1	0	2	dispersed	defense	3
g005253	crop4	0	OG03235	1	1	0	9	wgd	enzyme	1
g005254	crop4	0	OG03258	0	1	0	10	tandem	kinase	4
g005255	crop4	0	OG03273	1	1	0	4	wgd	hormone	1
g005256	crop4	0	OG03248	0	1	0	3	dispersed	enzyme	3
g005257	crop4	0	OG03397	0	1	0	8	proximal	enzyme	2
g005258	crop4	0	OG03031	1	1	0	2	wgd	enzyme	4
g005259	crop4	0	OG03265	0	1	0	2	dispersed	enzyme	4
g005260	crop4	0	OG03205	1	1	0	8	wgd	kinase	3
g005261	crop4	0	OG03347	0	1	0	9	dispersed	transporter	4
g005262	crop4	0	OG03287	0	1	0	7	dispersed	enzyme	4
g005263	crop4	0	OG03038	0	1	0	5	dispersed	enzyme	2
g005264	crop4	0	OG03147	0	1	0	9	transposed	transporter	2
g005265	crop4	0	OG03300	0	0	1	1	singleton	enzyme	3
g005266	crop4	0	OG03060	0	1	0	7	proximal	other	1
g005267	crop4	0	OG03030	0	1	0	10	transposed	TF	4
g005268	crop4	0	OG03220	0	1	0	4	dispersed	TF	1
g005269	crop4	1	OG03166	0	1	0	2	tandem	other	2
g005270	crop4	0	OG03001	0	1	0	4	dispersed	defense	1
g005271	crop4	0	OG03184	1	1	0	3	wgd	hormone	2
g005272	crop4	0	OG03254	0	1	0	9	dispersed	kinase	4
g005273	crop4	1	OG03106	1	1	0	9	wgd	other	2
g005274	crop4	0	OG03343	1	1	0	7	wgd	kinase	1
g005275	crop4	0	OG03163	0	1	0	8	transposed	other	3
g005276	crop4	0	OG03122	0	1	0	4	transposed	enzyme	1
g005277	crop4	0	OG03216	0	1	0	5	transposed	enzyme	3
g005278	crop4	0	OG03365	0	1	0	3	tandem	enzyme	4
g005279	crop4	0	OG03055	1	1	0	10	wgd	TF	4
g005280	crop4	0	OG03225	1	1	0	10	wgd	TF	1
g005281	crop4	0	OG03315	0	1	0	10	dispersed	TF	4
g005282	crop4	0	OG03205	1	1	0	6	wgd	TF	4
g005283	crop4	0	OG03267	0	1	0	5	dispersed	defense	1
g005284	crop4	0	OG03306	0	1	0	2	transposed	kinase	2
g005285	crop4	0	OG03238	0	1	0	9	dispersed	other	3
g005286	crop4	1	OG03018	0	1	0	9	transposed	kinase	3
g005287	crop4	0	OG03091	0	1	0	2	dispersed	other	2
g005288	crop4	0	OG03221	0	1	0	8	tandem	hormone	4
g005289	crop4	0	OG03322	0	0	1	1	singleton	transporter	4
g005290	crop4	0	OG03150	1	1	0	10	wgd	TF	3
g005291	crop4	0	OG03050	0	1	0	6	dispersed	defense	1
g005292	crop4	0	OG03188	0	1	0	6	transposed	kinase	3
g005293	crop4	0	OG03123	0	1	0	10	dispersed	TF	4
g005294	crop4	0	OG03021	0	1	0	11	dispersed	other	2
g005295	crop4	0	OG03132	0	1	0	8	transposed	transporter	1
g005296	crop4	0	OG03359	1	1	0	2	wgd	transporter	2
g005297	crop4	0	OG03055	0	1	0	10	transposed	other	4
g005298	crop4	0	OG03388	1	1	0	11	wgd	TF	3
g005299	crop4	0	OG03013	0	1	0	8	transposed	enzyme	2
g005300	crop4	0	OG03298	0	1	0	8	dispersed	defense	3
g005301	crop4	0	OG03238	0	1	0	2	transposed	enzyme	4
g005302	crop4	0	OG03052	0	1	0	10	tandem	enzyme	3
g005303	crop4	0	OG03098	0	0	1	1	singleton	hormone	3
g005304	crop4	0	OG03374	1	1	0	10	wgd	TF	1
g005305	crop4	0	OG03149	1	1	0	7	wgd	TF	1
g005306	crop4	0	OG03066	1	1	0	6	wgd	hormone	1
g005307	crop4	0	OG03328	0	1	0	3	transposed	other	3
g005308	crop4	0	OG03143	1	1	0	8	wgd	TF	1
g005309	crop4	0	OG03323	0	1	0	5	tandem	transporter	4
g005310	crop4	0	OG03152	1	1	0	10	wgd	TF	1
g005311	crop4	0	OG03179	1	1	0	7	wgd	other	2
g005312	crop4	0	OG03390	1	1	0	4	wgd	transporter	1
g005313	crop4	0	OG03309	0	1	0	10	dispersed	kinase	1
g005314	crop4	0	OG03296	0	1	0	7	dispersed	other	4
g005315	crop4	0	OG03362	0	1	0	6	dispersed	enzyme	1
g005316	crop4	0	OG03381	0	1	0	7	dispersed	enzyme	1
g005317	crop4	0	OG03137	0	1	0	9	tandem	enzyme	2
g005318	crop4	0	OG03126	0	1	0	8	tandem	enzyme	2
g005319	crop4	0	OG03105	0	1	0	10	tandem	defense	4
g005320	crop4	0	OG03178	1	1	0	6	wgd	other	2
g005321	crop4	0	OG03223	0	1	0	5	proximal	other	3
g005322	crop4	0	OG03097	0	1	0	11	tandem	defense	4
g005323	crop4	0	OG03008	0	1	0	8	dispersed	other	3
g005324	crop4	0	OG03256	0	1	0	11	proximal	enzyme	1
g005325	crop4	0	OG03040	0	1	0	2	dispersed	other	3
g005326	crop4	0	OG03320	0	1	0	6	transposed	TF	3
g005327	crop4	0	OG03103	0	1	0	8	tandem	defense	1
g005328	crop4	0	OG03293	0	1	0	9	dispersed	enzyme	1
g005329	crop4	0	OG03030	1	1	0	11	wgd	other	2
g005330	crop4	0	OG03177	0	1	0	5	proximal	enzyme	3
g005331	crop4	0	OG03162	0	1	0	7	transposed	TF	1
g005332	crop4	0	OG03014	0	1	0	3	proximal	enzyme	4
g005333	crop4	0	OG03390	0	1	0	2	tandem	defense	4
g005334	crop4	0	OG03037	0	1	0	5	dispersed	other	1
g005335	crop4	0	OG03002	1	1	0	6	wgd	other	3
g005336	crop4	0	OG03142	0	1	0	7	dispersed	TF	3
g005337	crop4	0	OG03333	1	1	0	9	wgd	transporter	1
g005338	crop4	0	OG03014	1	1	0	10	wgd	TF	1
g005339	crop4	0	OG03013	0	1	0	3	proximal	defense	4
g005340	crop4	0	OG03067	0	1	0	10	tandem	transporter	4
g005341	crop4	0	OG03256	0	1	0	9	dispersed	transporter	2
g005342	crop4	0	OG03193	0	1	0	4	transposed	enzyme	1
g005343	crop4	0	OG03348	0	1	0	4	tandem	enzyme	4
g005344	crop4	0	OG03274	0	1	0	3	tandem	defense	1
g005345	crop4	0	OG03098	1	1	0	8	wgd	other	1
g005346	crop4	0	OG03123	1	1	0	7	wgd	hormone	1
g005347	crop4	0	OG03116	1	1	0	11	wgd	TF	1
g005348	crop4	0	OG03290	1	1	0	9	wgd	TF	3
g005349	crop4	0	OG03097	1	1	0	7	wgd	defense	4
g005350	crop4	0	OG03069	0	1	0	7	proximal	defense	2
g005351	crop4	0	OG03141	1	1	0	6	wgd	enzyme	4
g005352	crop4	1	OG03076	0	1	0	7	transposed	TF	1
g005353	crop4	0	OG03121	0	1	0	9	dispersed	kinase	1
g005354	crop4	0	OG03031	0	0	1	1	singleton	hormone	3
g005355	crop4	1	OG03217	1	1	0	7	wgd	TF	1
g005356	crop4	0	OG03327	0	1	0	4	transposed	transporter	1
g005357	crop4	0	OG03109	0	1	0	4	transposed	TF	4
g005358	crop4	0	OG03343	0	0	1	1	singleton	kinase	4
g005359	crop4	0	OG03328	0	1	0	7	tandem	enzyme	3
g005360	crop4	0	OG03307	0	1	0	2	tandem	other	3
g005361	crop4	0	OG03352	0	1	0	3	tandem	defense	1
g005362	crop4	0	OG03053	0	1	0	2	dispersed	other	2
g005363	crop4	0	OG03145	0	1	0	7	proximal	enzyme	4
g005364	crop4	0	OG03029	0	0	1	1	singleton	transporter	1
g005365	crop4	0	OG03051	1	1	0	2	wgd	hormone	4
g005366	crop4	0	OG03282	1	1	0	6	wgd	kinase	1
g005367	crop4	0	OG03005	0	1	0	11	proximal	TF	1
g005368	crop4	0	OG03317	0	1	0	2	dispersed	defense	1
g005369	crop4	0	OG03230	1	1	0	2	wgd	kinase	3
g005370	crop4	0	OG03168	0	1	0	3	tandem	enzyme	1
g005371	crop4	0	OG03043	1	1	0	3	wgd	TF	1
g005372	crop4	0	OG03091	0	0	1	1	singleton	kinase	2
g005373	crop4	0	OG03284	1	1	0	5	wgd	TF	4
g005374	crop4	0	OG03040	0	1	0	11	transposed	transporter	3
g005375	crop4	0	OG03073	0	1	0	4	transposed	hormone	1
g005376	crop4	0	OG03161	1	1	0	8	wgd	TF	1
g005377	crop4	0	OG03379	0	1	0	8	tandem	enzyme	2
g005378	crop4	0	OG03365	0	1	0	7	transposed	other	2
g005379	crop4	0	OG03185	0	0	1	1	singleton	defense	2
g005380	crop4	0	OG03168	0	1	0	6	dispersed	enzyme	2
g005381	crop4	0	OG03225	0	0	1	1	singleton	transporter	2
g005382	crop4	0	OG03004	0	1	0	11	dispersed	other	2
g005383	crop4	0	OG03284	0	1	0	3	dispersed	kinase	1
g005384	crop4	0	OG03075	0	1	0	4	dispersed	other	2
g005385	crop4	0	OG03342	0	1	0	10	transposed	transporter	1
g005386	crop4	0	OG03011	1	1	0	9	wgd	TF	4
g005387	crop4	0	OG03198	1	1	0	11	wgd	TF	2
g005388	crop4	0	OG03238	1	1	0	5	wgd	other	4
g005389	crop4	0	OG03188	0	1	0	2	dispersed	TF	4
g005390	crop4	0	OG03182	0	1	0	9	dispersed	kinase	3
g005391	crop4	0	OG03166	0	0	1	1	singleton	hormone	2
g005392	crop4	0	OG03376	1	1	0	10	wgd	TF	4
g005393	crop4	0	OG03304	0	1	0	10	transposed	defense	3
g005394	crop4	0	OG03220	1	1	0	7	wgd	hormone	1
g005395	crop4	0	OG03018	0	1	0	9	transposed	kinase	1
g005396	crop4	0	OG03341	0	1	0	9	tandem	enzyme	2
g005397	crop4	0	OG03272	0	0	1	1	singleton	defense	2
g005398	crop4	0	OG03197	1	1	0	2	wgd	TF	4
g005399	crop4	0	OG03179	0	1	0	7	tandem	other	1
g005400	crop4	0	OG03099	1	1	0	11	wgd	hormone	3
g005401	crop4	0	OG03250	0	1	0	11	transposed	other	3
g005402	crop4	0	OG03391	1	1	0	6	wgd	hormone	2
g005403	crop4	0	OG03044	0	1	0	9	tandem	transporter	1
g005404	crop4	1	OG03172	1	1	0	8	wgd	TF	2
g005405	crop4	0	OG03229	0	1	0	5	dispersed	enzyme	3
g005406	crop4	0	OG03189	0	0	1	1	singleton	other	3
g005407	crop4	0	OG03056	0	1	0	4	proximal	defense	3
g005408	crop4	0	OG03067	0	1	0	10	dispersed	other	1
g005409	crop4	0	OG03265	1	1	0	11	wgd	defense	4
g005410	crop4	1	OG03305	1	1	0	9	wgd	other	3
g005411	crop4	0	OG03253	0	1	0	6	dispersed	hormone	2
g005412	crop4	0	OG03112	1	1	0	5	wgd	transporter	4
g005413	crop4	0	OG03122	1	1	0	6	wgd	hormone	1
g005414	crop4	0	OG03356	0	1	0	11	proximal	enzyme	4
g005415	crop4	0	OG03103	0	1	0	3	proximal	enzyme	3
g005416	crop4	0	OG03381	0	1	0	6	tandem	TF	1
g005417	crop4	0	OG03347	0	0	1	1	singleton	kinase	2
g005418	crop4	0	OG03292	0	1	0	7	transposed	defense	4
g005419	crop4	0	OG03103	1	1	0	5	wgd	enzyme	3
g005420	crop4	0	OG03368	0	1	0	6	transposed	defense	4
g005421	crop4	0	OG03165	0	1	0	11	dispersed	hormone	3
g005422	crop4	0	OG03053	0	1	0	10	tandem	kinase	4
g005423	crop4	0	OG03305	0	1	0	10	tandem	enzyme	2
g005424	crop4	0	OG03156	1	1	0	8	wgd	other	4
g005425	crop4	0	OG03072	0	1	0	9	transposed	enzyme	3
g005426	crop4	1	OG03029	0	1	0	2	proximal	other	3
g005427	crop4	0	OG03011	0	1	0	3	dispersed	TF	1
g005428	crop4	0	OG03327	0	1	0	5	dispersed	enzyme	1
g005429	crop4	0	OG03291	0	1	0	6	proximal	kinase	4
g005430	crop4	0	OG03275	1	1	0	7	wgd	transporter	4
g005431	crop4	0	OG03160	0	1	0	8	transposed	enzyme	3
g005432	crop4	1	OG03371	0	1	0	4	transposed	other	4
g005433	crop4	0	OG03092	0	0	1	1	singleton	kinase	1
g005434	crop4	0	OG03005	0	0	1	1	singleton	transporter	1
g005435	crop4	0	OG03015	1	1	0	10	wgd	TF	2
g005436	crop4	0	OG03347	0	1	0	7	proximal	enzyme	3
g005437	crop4	0	OG03291	0	0	1	1	singleton	transporter	3
g005438	crop4	0	OG03248	0	1	0	10	dispersed	other	3
g005439	crop4	0	OG03010	0	1	0	5	transposed	defense	4
g005440	crop4	0	OG03128	1	1	0	2	wgd	transporter	4
g005441	crop4	0	OG03216	1	1	0	8	wgd	kinase	1
g005442	crop4	0	OG03166	0	1	0	8	dispersed	transporter	1
g005443	crop4	0	OG03074	0	0	1	1	singleton	enzyme	3
g005444	crop4	0	OG03313	1	1	0	2	wgd	TF	3
g005445	crop4	0	OG03255	0	1	0	4	transposed	defense	1
g005446	crop4	0	OG03248	0	1	0	10	dispersed	enzyme	2
g005447	crop4	0	OG03379	0	0	1	1	singleton	hormone	3
g005448	crop4	0	OG03140	1	1	0	9	wgd	defense	3
g005449	crop4	0	OG03226	0	1	0	2	tandem	TF	2
g005450	crop4	0	OG03391	0	1	0	7	dispersed	kinase	4
g005451	crop4	1	OG03044	0	1	0	5	dispersed	enzyme	3
g005452	crop4	0	OG03017	0	1	0	3	transposed	defense	4
g005453	crop4	0	OG03175	0	0	1	1	singleton	other	3
g005454	crop4	0	OG03145	1	1	0	3	wgd	TF	1
g005455	crop4	0	OG03015	0	0	1	1	singleton	defense	1
g005456	crop4	1	OG03290	0	0	1	1	singleton	hormone	3
g005457	crop4	0	OG03069	1	1	0	10	wgd	TF	2
g005458	crop4	0	OG03258	0	1	0	6	dispersed	defense	4
g005459	crop4	0	OG03260	0	1	0	2	transposed	other	2
g005460	crop4	0	OG03149	1	1	0	3	wgd	transporter	3
g005461	crop4	0	OG03215	1	1	0	5	wgd	TF	4
g005462	crop4	1	OG03086	1	1	0	11	wgd	transporter	3
g005463	crop4	0	OG03380	0	1	0	9	tandem	defense	3
g005464	crop4	0	OG03101	1	1	0	6	wgd	transporter	4
g005465	crop4	0	OG03159	0	1	0	8	dispersed	kinase	4
g005466	crop4	0	OG03358	1	1	0	5	wgd	TF	3
g005467	crop4	0	OG03210	0	1	0	9	tandem	kinase	2
g005468	crop4	0	OG03186	0	1	0	6	transposed	enzyme	4
g005469	crop4	0	OG03245	0	1	0	5	dispersed	other	4
g005470	crop4	0	OG03261	0	1	0	9	transposed	other	2
g005471	crop4	1	OG03236	0	1	0	9	dispersed	hormone	4
g005472	crop4	0	OG03242	0	0	1	1	singleton	transporter	3
g005473	crop4	0	OG03067	0	1	0	11	tandem	kinase	1
g005474	crop4	0	OG03078	1	1	0	8	wgd	hormone	4
g005475	crop4	0	OG03007	0	1	0	11	tandem	enzyme	1
g005476	crop4	0	OG03028	0	1	0	8	dispersed	transporter	1
g005477	crop4	0	OG03152	0	1	0	7	proximal	enzyme	1
g005478	crop4	0	OG03370	1	1	0	3	wgd	enzyme	4
g005479	crop4	0	OG03035	0	1	0	8	tandem	defense	4
g005480	crop4	0	OG03386	0	1	0	9	transposed	defense	4
g005481	crop4	0	OG03217	1	1	0	4	wgd	other	1
g005482	crop4	0	OG03068	1	1	0	5	wgd	kinase	4
g005483	crop4	0	OG03033	1	1	0	2	wgd	enzyme	1
g005484	crop4	0	OG03181	0	1	0	3	transposed	enzyme	3
g005485	crop4	0	OG03069	1	1	0	3	wgd	kinase	1
g005486	crop4	0	OG03249	0	1	0	4	transposed	hormone	2
g005487	crop4	0	OG03357	0	1	0	8	transposed	kinase	3
g005488	crop4	0	OG03356	0	1	0	11	transposed	TF	4
g005489	crop4	0	OG03087	1	1	0	7	wgd	kinase	4
g005490	crop4	0	OG03396	0	1	0	11	transposed	TF	3
g005491	crop4	0	OG03113	0	1	0	7	dispersed	hormone	3
g005492	crop4	0	OG03016	0	1	0	4	transposed	hormone	2
g005493	crop4	0	OG03370	0	1	0	5	dispersed	enzyme	2
g005494	crop4	0	OG03083	0	1	0	7	transposed	other	1
g005495	crop4	0	OG03264	0	1	0	11	dispersed	TF	1
g005496	crop4	0	OG03156	1	1	0	9	wgd	TF	1
g005497	crop4	0	OG03227	0	1	0	10	transposed	kinase	4
g005498	crop4	0	OG03346	1	1	0	7	wgd	hormone	2
g005499	crop4	0	OG03252	1	1	0	4	wgd	hormone	4
g005500	crop4	0	OG03165	0	1	0	2	dispersed	transporter	1
g005501	crop4	0	OG03181	0	1	0	6	proximal	other	2
g005502	crop4	0	OG03149	0	1	0	6	dispersed	other	3
g005503	crop4	0	OG03266	1	1	0	4	wgd	TF	1
g005504	crop4	0	OG03169	1	1	0	4	wgd	TF	1
g005505	crop4	0	OG03318	0	1	0	4	transposed	other	1
g005506	crop4	0	OG03115	0	1	0	3	tandem	transporter	4
g005507	crop4	0	OG03337	0	1	0	9	transposed	kinase	2
g005508	crop4	0	OG03376	1	1	0	4	wgd	hormone	3
g005509	crop4	0	OG03182	0	1	0	5	proximal	enzyme	4
g005510	crop4	0	OG03076	1	1	0	9	wgd	kinase	1
g005511	crop4	0	OG03308	1	1	0	8	wgd	enzyme	1
g005512	crop4	1	OG03061	0	1	0	6	tandem	defense	2
g005513	crop4	0	OG03139	1	1	0	6	wgd	enzyme	1
g005514	crop4	0	OG03259	0	1	0	11	tandem	defense	3
g005515	crop4	0	OG03268	1	1	0	6	wgd	kinase	3
g005516	crop4	0	OG03057	0	1	0	6	transposed	other	4
g005517	crop4	1	OG03177	0	1	0	6	tandem	kinase	1
g005518	crop4	0	OG03329	0	1	0	9	proximal	enzyme	2
g005519	crop4	0	OG03211	1	1	0	8	wgd	hormone	2
g005520	crop4	1	OG03250	0	1	0	11	transposed	kinase	4
g005521	crop4	0	OG03198	0	1	0	2	dispersed	transporter	4
g005522	crop4	0	OG03150	0	1	0	6	tandem	enzyme	1
g005523	crop4	0	OG03219	0	1	0	11	tandem	defense	1
g005524	crop4	0	OG03021	0	1	0	3	dispersed	enzyme	1
g005525	crop4	0	OG03382	0	1	0	5	dispersed	TF	3
g005526	crop4	0	OG03040	0	1	0	3	transposed	other	2
g005527	crop4	0	OG03150	0	1	0	3	transposed	enzyme	1
g005528	crop4	0	OG03256	1	1	0	3	wgd	transporter	1
g005529	crop4	0	OG03359	0	0	1	1	singleton	other	1
g005530	crop4	0	OG03161	0	1	0	7	transposed	TF	2
g005531	crop4	0	OG03221	0	0	1	1	singleton	other	4
g005532	crop4	0	OG03124	0	1	0	6	transposed	enzyme	4
g005533	crop4	0	OG03082	0	1	0	5	dispersed	other	1
g005534	crop4	0	OG03288	1	1	0	3	wgd	kinase	2
g005535	crop4	0	OG03164	1	1	0	7	wgd	enzyme	4
g005536	crop4	1	OG03114	1	1	0	11	wgd	hormone	4
g005537	crop4	0	OG03025	0	1	0	10	dispersed	other	1
g005538	crop4	0	OG03012	0	1	0	11	transposed	other	4
g005539	crop4	0	OG03197	0	0	1	1	singleton	enzyme	1
g005540	crop4	0	OG03370	0	1	0	4	transposed	enzyme	3
g005541	crop4	0	OG03366	1	1	0	4	wgd	enzyme	4
g005542	crop4	0	OG03041	0	1	0	11	tandem	enzyme	3
g005543	crop4	0	OG03237	0	1	0	2	proximal	enzyme	2
g005544	crop4	0	OG03312	0	1	0	3	transposed	kinase	3
g005545	crop4	0	OG03150	0	1	0	11	transposed	other	1
g005546	crop4	0	OG03032	0	1	0	11	transposed	enzyme	2
g005547	crop4	1	OG03229	0	1	0	7	transposed	TF	1
g005548	crop4	0	OG03123	1	1	0	6	wgd	TF	4
g005549	crop4	0	OG03204	0	1	0	6	transposed	TF	3
g005550	crop4	0	OG03144	1	1	0	3	wgd	kinase	4
g005551	crop4	0	OG03052	0	1	0	3	dispersed	hormone	2
g005552	crop4	0	OG03113	0	1	0	9	tandem	defense	1
g005553	crop4	0	OG03353	0	1	0	2	transposed	hormone	3
g005554	crop4	0	OG03192	1	1	0	8	wgd	TF	1
g005555	crop4	0	OG03097	0	1	0	2	dispersed	TF	1
g005556	crop4	0	OG03238	0	0	1	1	singleton	transporter	3
g005557	crop4	0	OG03006	0	0	1	1	singleton	kinase	2
g005558	crop4	0	OG03014	0	1	0	6	proximal	defense	2
g005559	crop4	0	OG03155	0	1	0	7	transposed	other	1
g005560	crop4	0	OG03351	1	1	0	9	wgd	kinase	3
g005561	crop4	0	OG03390	1	1	0	8	wgd	defense	3
g005562	crop4	0	OG03202	0	1	0	5	transposed	kinase	3
g005563	crop4	0	OG03090	1	1	0	8	wgd	kinase	2
g005564	crop4	0	OG03262	0	1	0	8	transposed	other	4
g005565	crop4	0	OG03303	0	1	0	6	dispersed	transporter	3
g005566	crop4	0	OG03380	0	1	0	6	transposed	transporter	3
g005567	crop4	0	OG03204	1	1	0	8	wgd	hormone	4
g005568	crop4	0	OG03103	0	0	1	1	singleton	TF	2
g005569	crop4	0	OG03106	0	1	0	10	transposed	defense	4
g005570	crop4	0	OG03071	0	1	0	7	dispersed	other	1
g005571	crop4	0	OG03137	0	1	0	11	transposed	hormone	4
g005572	crop4	0	OG03284	1	1	0	8	wgd	other	1
g005573	crop4	0	OG03068	1	1	0	6	wgd	other	2
g005574	crop4	0	OG03149	0	0	1	1	singleton	enzyme	1
g005575	crop4	0	OG03256	0	1	0	2	tandem	enzyme	1
g005576	crop4	0	OG03187	1	1	0	5	wgd	enzyme	2
g005577	crop4	0	OG03152	1	1	0	9	wgd	hormone	1
g005578	crop4	0	OG03355	1	1	0	9	wgd	TF	2
g005579	crop4	0	OG03110	0	1	0	6	dispersed	TF	3
g005580	crop4	0	OG03051	0	1	0	9	transposed	other	4
g005581	crop4	0	OG03234	0	0	1	1	singleton	kinase	3
g005582	crop4	1	OG03114	0	1	0	9	transposed	enzyme	2
g005583	crop4	0	OG03322	0	0	1	1	singleton	defense	4
g005584	crop4	0	OG03058	0	1	0	3	tandem	enzyme	4
g005585	crop4	0	OG03346	0	1	0	7	tandem	enzyme	3
g005586	crop4	0	OG03026	1	1	0	4	wgd	TF	1
g005587	crop4	0	OG03239	0	1	0	9	tandem	hormone	3
g005588	crop4	0	OG03163	1	1	0	10	wgd	hormone	3
g005589	crop4	0	OG03183	1	1	0	11	wgd	defense	4
g005590	crop4	0	OG03391	0	0	1	1	singleton	kinase	4
g005591	crop4	0	OG03082	0	1	0	3	dispersed	kinase	1
g005592	crop4	0	OG03174	0	0	1	1	singleton	other	1
g005593	crop4	0	OG03166	0	1	0	3	transposed	defense	4
g005594	crop4	0	OG03239	0	1	0	11	dispersed	TF	4
g005595	crop4	0	OG03114	0	1	0	10	transposed	TF	2
g005596	crop4	0	OG03015	0	1	0	10	dispersed	transporter	1
g005597	crop4	0	OG03328	1	1	0	10	wgd	other	4
g005598	crop4	0	OG03365	0	0	1	1	singleton	defense	1
g005599	crop4	0	OG03001	1	1	0	7	wgd	other	1
g005600	crop4	0	OG03044	0	1	0	4	transposed	enzyme	2
g005601	crop4	0	OG03296	1	1	0	2	wgd	kinase	3
g005602	crop4	0	OG03240	0	1	0	7	transposed	other	3
g005603	crop4	0	OG03324	1	1	0	2	wgd	other	1
g005604	crop4	0	OG03264	0	0	1	1	singleton	kinase	1
g005605	crop4	0	OG03196	1	1	0	5	wgd	enzyme	2
g005606	crop4	0	OG03178	0	0	1	1	singleton	other	3
g005607	crop4	0	OG03214	1	1	0	4	wgd	hormone	3
g005608	crop4	0	OG03324	0	1	0	3	dispersed	enzyme	1
g005609	crop4	0	OG03373	1	1	0	6	wgd	defense	1
g005610	crop4	0	OG03157	0	1	0	11	dispersed	transporter	3
g005611	crop4	0	OG03388	0	1	0	3	tandem	enzyme	4
g005612	crop4	0	OG03118	0	1	0	2	dispersed	transporter	1
g005613	crop4	0	OG03033	0	1	0	3	tandem	defense	1
g005614	crop4	0	OG03247	1	1	0	7	wgd	enzyme	1
g005615	crop4	0	OG03309	0	1	0	7	transposed	transporter	2
g005616	crop4	0	OG03304	0	1	0	6	transposed	other	3
g005617	crop4	0	OG03314	0	1	0	4	proximal	enzyme	3
g005618	crop4	0	OG03193	0	1	0	5	transposed	other	3
g005619	crop4	0	OG03208	0	1	0	10	tandem	hormone	3
g005620	crop4	0	OG03246	0	0	1	1	singleton	defense	3
g005621	crop4	0	OG03189	1	1	0	5	wgd	hormone	1
g005622	crop4	0	OG03097	0	0	1	1	singleton	other	2
g005623	crop4	0	OG03328	0	1	0	7	dispersed	defense	3
g005624	crop4	0	OG03329	1	1	0	10	wgd	defense	3
g005625	crop4	0	OG03008	0	1	0	9	tandem	TF	1
g005626	crop4	0	OG03068	0	1	0	11	transposed	enzyme	3
g005627	crop4	0	OG03064	0	1	0	4	tandem	kinase	4
g005628	crop4	0	OG03314	0	1	0	4	tandem	defense	1
g005629	crop4	0	OG03048	0	1	0	8	dispersed	enzyme	3
g005630	crop4	0	OG03002	1	1	0	2	wgd	hormone	2
g005631	crop4	0	OG03096	0	1	0	4	tandem	other	3
g005632	crop4	0	OG03102	0	0	1	1	singleton	defense	2
g005633	crop4	0	OG03228	1	1	0	7	wgd	hormone	2
g005634	crop4	0	OG03325	0	1	0	9	transposed	kinase	2
g005635	crop4	0	OG03079	1	1	0	4	wgd	TF	4
g005636	crop4	0	OG03122	0	1	0	7	dispersed	kinase	2
g005637	crop4	0	OG03071	0	1	0	2	transposed	enzyme	1
g005638	crop4	0	OG03053	1	1	0	6	wgd	TF	3
g005639	crop4	0	OG03101	0	0	1	1	singleton	hormone	3
g005640	crop4	0	OG03093	0	1	0	6	transposed	hormone	4
g005641	crop4	1	OG03136	0	1	0	11	transposed	other	3
g005642	crop4	0	OG03306	0	1	0	11	transposed	TF	4
g005643	crop4	0	OG03172	0	1	0	4	tandem	defense	4
g005644	crop4	0	OG03266	0	1	0	7	dispersed	transporter	2
g005645	crop4	0	OG03313	0	1	0	9	tandem	other	2
g005646	crop4	0	OG03249	0	1	0	4	transposed	transporter	2
g005647	crop4	0	OG03131	0	1	0	4	dispersed	kinase	3
g005648	crop4	0	OG03096	0	1	0	5	transposed	enzyme	2
g005649	crop4	0	OG03252	1	1	0	9	wgd	enzyme	1
g005650	crop4	0	OG03193	0	1	0	9	transposed	other	4
g005651	crop4	0	OG03146	0	1	0	11	dispersed	hormone	3
g005652	crop4	0	OG03121	0	1	0	8	dispersed	kinase	4
g005653	crop4	0	OG03224	0	1	0	9	dispersed	transporter	3
g005654	crop4	0	OG03313	0	0	1	1	singleton	kinase	1
g005655	crop4	0	OG03153	0	1	0	3	dispersed	TF	1
g005656	crop4	0	OG03144	1	1	0	7	wgd	TF	4
g005657	crop4	0	OG03020	1	1	0	3	wgd	other	2
g005658	crop4	0	OG03176	0	1	0	6	transposed	defense	4
g005659	crop4	0	OG03054	0	0	1	1	singleton	TF	2
g005660	crop4	0	OG03125	0	1	0	8	transposed	hormone	4
g005661	crop4	0	OG03239	1	1	0	10	wgd	transporter	2
g005662	crop4	0	OG03258	0	1	0	2	transposed	transporter	3
g005663	crop4	0	OG03316	1	1	0	5	wgd	kinase	1
g005664	crop4	1	OG03159	1	1	0	3	wgd	TF	4
g005665	crop4	0	OG03280	0	0	1	1	singleton	TF	1
g005666	crop4	0	OG03083	0	1	0	11	dispersed	transporter	3
g005667	crop4	0	OG03014	1	1	0	10	wgd	kinase	1
g005668	crop4	0	OG03261	0	1	0	9	dispersed	enzyme	4
g005669	crop4	0	OG03175	1	1	0	9	wgd	TF	1
g005670	crop4	0	OG03156	0	1	0	8	transposed	hormone	2
g005671	crop4	0	OG03024	1	1	0	4	wgd	other	3
g005672	crop4	0	OG03172	1	1	0	6	wgd	hormone	2
g005673	crop4	1	OG03131	0	1	0	8	dispersed	other	3
g005674	crop4	0	OG03236	0	1	0	8	dispersed	transporter	2
g005675	crop4	0	OG03108	0	1	0	3	dispersed	kinase	1
g005676	crop4	0	OG03386	0	1	0	2	transposed	other	2
g005677	crop4	0	OG03062	0	1	0	11	dispersed	hormone	3
g005678	crop4	0	OG03008	0	1	0	5	transposed	enzyme	4
g005679	crop4	0	OG03076	0	1	0	11	transposed	other	2
g005680	crop4	0	OG03168	1	1	0	11	wgd	other	4
g005681	crop4	0	OG03132	0	1	0	2	dispersed	hormone	1
g005682	crop4	0	OG03093	0	1	0	2	dispersed	defense	4
g005683	crop4	0	OG03012	0	1	0	8	dispersed	TF	2
g005684	crop4	0	OG03240	1	1	0	10	wgd	enzyme	2
g005685	crop4	0	OG03237	1	1	0	11	wgd	hormone	4
g005686	crop4	0	OG03104	0	1	0	4	dispersed	other	3
g005687	crop4	0	OG03266	0	1	0	3	tandem	enzyme	3
g005688	crop4	0	OG03021	0	1	0	8	transposed	enzyme	2
g005689	crop4	0	OG03172	0	1	0	11	dispersed	other	4
g005690	crop4	0	OG03069	0	1	0	9	tandem	hormone	3
g005691	crop4	0	OG03130	0	1	0	11	dispersed	enzyme	3
g005692	crop4	0	OG03329	0	1	0	6	transposed	defense	2
g005693	crop4	0	OG03078	0	1	0	7	proximal	defense	4
g005694	crop4	0	OG03364	0	1	0	6	transposed	transporter	1
g005695	crop4	0	OG03176	0	0	1	1	singleton	other	2
g005696	crop4	0	OG03333	0	1	0	8	transposed	enzyme	1
g005697	crop4	0	OG03312	0	1	0	10	dispersed	other	2
g005698	crop4	0	OG03081	0	0	1	1	singleton	hormone	4
g005699	crop4	0	OG03377	0	1	0	4	tandem	enzyme	2
g005700	crop4	0	OG03282	0	1	0	4	transposed	TF	1
g005701	crop4	0	OG03178	1	1	0	9	wgd	hormone	2
g005702	crop4	1	OG03364	1	1	0	8	wgd	other	2
g005703	crop4	1	OG03364	0	1	0	5	dispersed	hormone	3
g005704	crop4	0	OG03344	0	1	0	3	proximal	enzyme	1
g005705	crop4	0	OG03025	1	1	0	5	wgd	other	1
g005706	crop4	0	OG03230	0	1	0	5	dispersed	TF	3
g005707	crop4	0	OG03338	1	1	0	6	wgd	hormone	4
g005708	crop4	0	OG03044	0	1	0	10	transposed	other	4
g005709	crop4	0	OG03161	0	1	0	4	transposed	kinase	3
g005710	crop4	0	OG03128	0	1	0	10	proximal	enzyme	1
g005711	crop4	0	OG03013	0	1	0	5	proximal	defense	1
g005712	crop4	0	OG03198	0	1	0	4	dispersed	hormone	4
g005713	crop4	0	OG03165	1	1	0	6	wgd	enzyme	4
g005714	crop4	0	OG03122	1	1	0	9	wgd	other	4
g005715	crop4	0	OG03074	0	1	0	11	dispersed	other	4
g005716	crop4	0	OG03399	0	1	0	9	tandem	other	4
g005717	crop4	0	OG03294	1	1	0	2	wgd	enzyme	1
g005718	crop4	0	OG03217	0	1	0	8	proximal	enzyme	4
g005719	crop4	0	OG03179	0	1	0	10	dispersed	TF	4
g005720	crop4	0	OG03275	0	1	0	2	dispersed	kinase	3
g005721	crop4	0	OG03268	0	1	0	6	dispersed	TF	4
g005722	crop4	0	OG03337	0	1	0	8	tandem	defense	1
g005723	crop4	0	OG03270	0	1	0	2	transposed	kinase	4
g005724	crop4	0	OG03286	0	1	0	11	transposed	hormone	3
g005725	crop4	0	OG03385	0	1	0	10	dispersed	kinase	4
g005726	crop4	0	OG03284	0	1	0	6	tandem	other	1
g005727	crop4	0	OG03044	0	1	0	9	tandem	defense	4
g005728	crop4	0	OG03336	0	1	0	4	dispersed	other	3
g005729	crop4	0	OG03155	1	1	0	4	wgd	hormone	1
g005730	crop4	0	OG03336	0	1	0	6	tandem	TF	2
g005731	crop4	0	OG03336	1	1	0	9	wgd	TF	4
g005732	crop4	0	OG03177	0	1	0	7	dispersed	TF	2
g005733	crop4	0	OG03378	0	1	0	6	dispersed	enzyme	4
g005734	crop4	0	OG03253	1	1	0	10	wgd	hormone	1
g005735	crop4	0	OG03129	1	1	0	9	wgd	hormone	3
g005736	crop4	1	OG03123	0	1	0	3	transposed	transporter	4
g005737	crop4	0	OG03163	0	1	0	2	dispersed	other	2
g005738	crop4	0	OG03307	0	1	0	10	transposed	other	3
g005739	crop4	0	OG03137	0	0	1	1	singleton	other	1
g005740	crop4	0	OG03327	0	1	0	8	transposed	TF	2
g005741	crop4	0	OG03330	0	0	1	1	singleton	defense	4
g005742	crop4	0	OG03280	0	1	0	3	tandem	enzyme	4
g005743	crop4	0	OG03212	1	1	0	3	wgd	TF	1
g005744	crop4	0	OG03134	0	1	0	5	tandem	defense	1
g005745	crop4	0	OG03376	0	1	0	9	dispersed	kinase	3
g005746	crop4	0	OG03109	0	0	1	1	singleton	kinase	3
g005747	crop4	0	OG03355	0	1	0	9	tandem	enzyme	1
g005748	crop4	0	OG03062	0	1	0	4	tandem	other	4
g005749	crop4	0	OG03013	0	1	0	8	tandem	other	2
g005750	crop4	0	OG03230	0	1	0	3	dispersed	defense	3
g005751	crop4	0	OG03164	0	1	0	6	tandem	enzyme	2
g005752	crop4	0	OG03258	1	1	0	2	wgd	hormone	3
g005753	crop4	0	OG03108	1	1	0	5	wgd	hormone	3
g005754	crop4	0	OG03258	1	1	0	7	wgd	hormone	2
g005755	crop4	0	OG03220	0	1	0	4	transposed	enzyme	2
g005756	crop4	0	OG03168	0	1	0	10	dispersed	kinase	2
g005757	crop4	0	OG03183	0	1	0	10	transposed	TF	3
g005758	crop4	0	OG03053	0	1	0	9	tandem	other	3
g005759	crop4	1	OG03147	1	1	0	4	wgd	TF	1
g005760	crop4	0	OG03385	1	1	0	10	wgd	other	3
g005761	crop4	0	OG03112	0	1	0	2	tandem	enzyme	3
g005762	crop4	0	OG03308	0	1	0	3	dispersed	kinase	4
g005763	crop4	1	OG03122	1	1	0	7	wgd	transporter	1
g005764	crop4	0	OG03367	1	1	0	11	wgd	hormone	3
g005765	crop4	0	OG03077	0	1	0	10	proximal	other	3
g005766	crop4	0	OG03113	0	1	0	3	transposed	transporter	4
g005767	crop4	0	OG03054	0	1	0	9	dispersed	hormone	3
g005768	crop4	0	OG03204	0	1	0	7	tandem	TF	1
g005769	crop4	0	OG03037	0	0	1	1	singleton	other	2
g005770	crop4	0	OG03139	0	1	0	7	proximal	TF	1
g005771	crop4	0	OG03048	0	1	0	7	dispersed	TF	3
g005772	crop4	0	OG03294	0	1	0	11	tandem	other	4
g005773	crop4	0	OG03002	1	1	0	8	wgd	kinase	2
g005774	crop4	0	OG03037	0	1	0	10	dispersed	defense	3
g005775	crop4	0	OG03097	0	0	1	1	singleton	transporter	2
g005776	crop4	0	OG03136	0	1	0	5	dispersed	transporter	2
g005777	crop4	0	OG03119	0	1	0	5	dispersed	kinase	3
g005778	crop4	0	OG03191	0	1	0	10	transposed	TF	4
g005779	crop4	0	OG03023	1	1	0	7	wgd	other	1
g005780	crop4	0	OG03329	0	0	1	1	singleton	other	1
g005781	crop4	0	OG03096	0	1	0	10	dispersed	transporter	3
g005782	crop4	1	OG03235	1	1	0	11	wgd	TF	1
g005783	crop4	0	OG03288	0	1	0	6	transposed	TF	2
g005784	crop4	0	OG03082	0	1	0	8	tandem	TF	3
g005785	crop4	1	OG03142	1	1	0	2	wgd	defense	1
g005786	crop4	0	OG03189	0	1	0	3	dispersed	kinase	1
g005787	crop4	0	OG03291	0	1	0	5	dispersed	defense	4
g005788	crop4	0	OG03226	0	1	0	10	transposed	kinase	1
g005789	crop4	0	OG03253	0	1	0	9	tandem	hormone	1
g005790	crop4	0	OG03176	0	1	0	8	dispersed	kinase	4
g005791	crop4	0	OG03050	1	1	0	7	wgd	transporter	3
g005792	crop4	0	OG03144	0	1	0	10	dispersed	other	1
g005793	crop4	0	OG03237	1	1	0	11	wgd	hormone	3
g005794	crop4	0	OG03362	0	1	0	3	transposed	other	2
g005795	crop4	0	OG03307	0	1	0	5	tandem	other	2
g005796	crop4	0	OG03186	1	1	0	9	wgd	other	3
g005797	crop4	0	OG03067	1	1	0	3	wgd	TF	2
g005798	crop4	0	OG03221	0	0	1	1	singleton	other	4
g005799	crop4	0	OG03114	0	1	0	7	tandem	TF	3
g005800	crop4	0	OG03194	0	1	0	5	transposed	transporter	2
g005801	crop4	0	OG03390	0	1	0	7	transposed	other	1
g005802	crop4	0	OG03371	1	1	0	11	wgd	TF	2
g005803	crop4	0	OG03369	0	1	0	5	dispersed	other	1
g005804	crop4	0	OG03342	0	1	0	8	dispersed	kinase	1
g005805	crop4	0	OG03070	0	1	0	4	tandem	enzyme	3
g005806	crop4	0	OG03017	1	1	0	10	wgd	TF	2
g005807	crop4	0	OG03112	0	1	0	5	dispersed	kinase	2
g005808	crop4	0	OG03247	0	0	1	1	singleton	kinase	4
g005809	crop4	0	OG03208	0	0	1	1	singleton	TF	2
g005810	crop4	0	OG03302	0	0	1	1	singleton	transporter	1
g005811	crop4	1	OG03264	1	1	0	10	wgd	hormone	1
g005812	crop4	0	OG03340	1	1	0	4	wgd	hormone	1
g005813	crop4	0	OG03309	0	0	1	1	singleton	TF	2
g005814	crop4	0	OG03120	0	1	0	4	dispersed	hormone	4
g005815	crop4	0	OG03272	1	1	0	4	wgd	kinase	2
g005816	crop4	0	OG03199	0	1	0	2	transposed	enzyme	1
g005817	crop4	0	OG03206	0	1	0	5	dispersed	hormone	1
g005818	crop4	0	OG03065	1	1	0	9	wgd	enzyme	2
g005819	crop4	0	OG03255	0	1	0	7	transposed	hormone	2
g005820	crop4	0	OG03037	0	1	0	8	transposed	defense	4
g005821	crop4	0	OG03159	0	0	1	1	singleton	hormone	2
g005822	crop4	0	OG03112	0	1	0	9	proximal	TF	1
g005823	crop4	0	OG03148	1	1	0	2	wgd	other	1
g005824	crop4	0	OG03145	0	1	0	4	transposed	transporter	4
g005825	crop4	0	OG03071	0	1	0	4	dispersed	kinase	3
g005826	crop4	0	OG03114	0	1	0	8	transposed	hormone	1
g005827	crop4	0	OG03208	1	1	0	3	wgd	hormone	3
g005828	crop4	0	OG03357	1	1	0	4	wgd	TF	4
g005829	crop4	0	OG03028	1	1	0	10	wgd	other	2
g005830	crop4	0	OG03183	0	1	0	11	proximal	enzyme	1
g005831	crop4	0	OG03203	0	1	0	7	transposed	defense	1
g005832	crop4	0	OG03078	0	0	1	1	singleton	TF	4
g005833	crop4	0	OG03105	0	1	0	6	tandem	enzyme	1
g005834	crop4	0	OG03342	0	1	0	7	dispersed	other	2
g005835	crop4	0	OG03215	0	1	0	5	transposed	defense	1
g005836	crop4	0	OG03352	0	0	1	1	singleton	other	4
g005837	crop4	0	OG03047	0	1	0	10	transposed	TF	3
g005838	crop4	0	OG03233	0	1	0	10	tandem	kinase	2
g005839	crop4	0	OG03210	1	1	0	6	wgd	other	4
g005840	crop4	0	OG03356	0	1	0	8	transposed	TF	4
g005841	crop4	0	OG03117	0	1	0	11	transposed	kinase	3
g005842	crop4	0	OG03091	0	0	1	1	singleton	hormone	2
g005843	crop4	0	OG03108	0	1	0	6	dispersed	other	3
g005844	crop4	0	OG03389	1	1	0	11	wgd	TF	2
g005845	crop4	0	OG03204	0	1	0	9	dispersed	enzyme	1
g005846	crop4	0	OG03123	1	1	0	8	wgd	TF	4
g005847	crop4	0	OG03322	0	1	0	9	dispersed	defense	3
g005848	crop4	0	OG03056	1	1	0	9	wgd	hormone	1
g005849	crop4	0	OG03300	0	1	0	4	dispersed	TF	4
g005850	crop4	0	OG03259	1	1	0	3	wgd	hormone	3
g005851	crop4	0	OG03116	0	1	0	8	transposed	TF	2
g005852	crop4	0	OG03198	0	1	0	5	transposed	other	2
g005853	crop4	0	OG03315	0	1	0	9	transposed	transporter	1
g005854	crop4	0	OG03117	1	1	0	8	wgd	other	3
g005855	crop4	0	OG03138	0	1	0	2	proximal	defense	4
g005856	crop4	1	OG03223	1	1	0	11	wgd	TF	2
g005857	crop4	1	OG03034	0	1	0	7	tandem	hormone	4
g005858	crop4	0	OG03260	1	1	0	6	wgd	other	3
g005859	crop4	0	OG03188	0	0	1	1	singleton	TF	1
g005860	crop4	0	OG03026	0	1	0	7	dispersed	enzyme	1
g005861	crop4	0	OG03308	0	1	0	6	transposed	defense	3
g005862	crop4	0	OG03325	0	1	0	2	dispersed	enzyme	1
g005863	crop4	0	OG03135	0	1	0	4	dispersed	other	2
g005864	crop4	1	OG03030	1	1	0	5	wgd	TF	1
g005865	crop4	0	OG03316	1	1	0	4	wgd	hormone	3
g005866	crop4	0	OG03074	0	1	0	6	dispersed	transporter	3
g005867	crop4	0	OG03327	0	1	0	3	transposed	other	2
g005868	crop4	0	OG03028	1	1	0	10	wgd	enzyme	2
g005869	crop4	0	OG03120	0	1	0	7	transposed	hormone	1
g005870	crop4	0	OG03053	0	1	0	6	dispersed	other	2
g005871	crop4	1	OG03156	0	1	0	11	dispersed	transporter	1
g005872	crop4	0	OG03310	1	1	0	9	wgd	TF	2
g005873	crop4	0	OG03106	0	1	0	3	transposed	kinase	4
g005874	crop4	0	OG03081	0	1	0	3	tandem	defense	4
g005875	crop4	0	OG03323	1	1	0	2	wgd	enzyme	1
g005876	crop4	0	OG03199	0	0	1	1	singleton	transporter	3
g005877	crop4	0	OG03113	1	1	0	4	wgd	hormone	4
g005878	crop4	0	OG03329	0	1	0	7	dispersed	TF	2
g005879	crop4	0	OG03090	1	1	0	2	wgd	enzyme	4
g005880	crop4	0	OG03189	1	1	0	8	wgd	defense	1
g005881	crop4	0	OG03348	0	1	0	3	dispersed	TF	2
g005882	crop4	0	OG03011	1	1	0	3	wgd	kinase	4
g005883	crop4	0	OG03151	0	1	0	5	tandem	enzyme	1
g005884	crop4	0	OG03141	0	1	0	4	transposed	enzyme	1
g005885	crop4	0	OG03394	0	1	0	7	dispersed	other	2
g005886	crop4	0	OG03026	1	1	0	4	wgd	enzyme	3
g005887	crop4	0	OG03397	1	1	0	10	wgd	kinase	4
g005888	crop4	0	OG03276	1	1	0	3	wgd	enzyme	2
g005889	crop4	0	OG03210	0	1	0	2	tandem	defense	4
g005890	crop4	0	OG03063	1	1	0	7	wgd	other	2
g005891	crop4	0	OG03301	0	1	0	3	transposed	TF	4
g005892	crop4	0	OG03203	0	1	0	2	dispersed	other	1
g005893	crop4	0	OG03253	0	0	1	1	singleton	other	1
g005894	crop4	0	OG03347	0	1	0	7	dispersed	defense	1
g005895	crop4	0	OG03129	0	1	0	2	dispersed	other	2
g005896	crop4	0	OG03345	1	1	0	8	wgd	defense	4
g005897	crop4	0	OG03031	1	1	0	5	wgd	TF	4
g005898	crop4	1	OG03239	0	0	1	1	singleton	enzyme	3
g005899	crop4	0	OG03019	0	0	1	1	singleton	kinase	1
g005900	crop4	0	OG03183	0	1	0	10	transposed	defense	2
g005901	crop4	1	OG03158	1	1	0	4	wgd	TF	3
g005902	crop4	0	OG03200	0	0	1	1	singleton	other	2
g005903	crop4	0	OG03251	0	1	0	2	dispersed	transporter	4
g005904	crop4	0	OG03343	0	1	0	2	tandem	transporter	3
g005905	crop4	0	OG03007	0	1	0	3	dispersed	kinase	4
g005906	crop4	0	OG03087	0	1	0	11	tandem	other	2
g005907	crop4	0	OG03231	0	1	0	2	transposed	TF	3
g005908	crop4	0	OG03320	0	1	0	3	proximal	defense	2
g005909	crop4	0	OG03368	0	1	0	10	proximal	kinase	4
g005910	crop4	0	OG03253	1	1	0	10	wgd	enzyme	1
g005911	crop4	0	OG03071	0	1	0	11	proximal	enzyme	3
g005912	crop4	0	OG03366	0	1	0	9	transposed	kinase	4
g005913	crop4	0	OG03091	0	1	0	7	tandem	enzyme	4
g005914	crop4	0	OG03013	0	1	0	11	dispersed	kinase	3
g005915	crop4	0	OG03129	0	1	0	4	transposed	transporter	2
g005916	crop4	1	OG03313	0	1	0	2	transposed	TF	4
g005917	crop4	0	OG03018	0	1	0	2	transposed	defense	4
g005918	crop4	0	OG03150	0	0	1	1	singleton	other	1
g005919	crop4	0	OG03272	0	1	0	5	dispersed	defense	1
g005920	crop4	0	OG03106	1	1	0	7	wgd	hormone	3
g005921	crop4	0	OG03080	0	1	0	2	tandem	kinase	2
g005922	crop4	0	OG03044	1	1	0	3	wgd	TF	2
g005923	crop4	0	OG03127	0	1	0	5	transposed	defense	4
g005924	crop4	0	OG03270	1	1	0	8	wgd	TF	3
g005925	crop4	0	OG03323	0	1	0	10	transposed	hormone	3
g005926	crop4	0	OG03356	1	1	0	10	wgd	other	3
g005927	crop4	0	OG03147	0	1	0	6	tandem	TF	4
g005928	crop4	0	OG03179	0	1	0	3	dispersed	other	3
g005929	crop4	0	OG03126	0	1	0	4	proximal	other	4
g005930	crop4	0	OG03051	1	1	0	2	wgd	enzyme	2
g005931	crop4	0	OG03184	1	1	0	7	wgd	other	4
g005932	crop4	0	OG03196	0	1	0	7	transposed	kinase	1
g005933	crop4	0	OG03172	0	1	0	3	tandem	enzyme	2
g005934	crop4	0	OG03343	1	1	0	6	wgd	TF	4
g005935	crop4	0	OG03236	1	1	0	10	wgd	TF	3
g005936	crop4	0	OG03279	0	1	0	2	proximal	enzyme	1
g005937	crop4	0	OG03322	0	1	0	5	tandem	enzyme	1
g005938	crop4	0	OG03066	1	1	0	7	wgd	TF	4
g005939	crop4	0	OG03001	0	1	0	7	dispersed	kinase	2
g005940	crop4	0	OG03068	0	1	0	11	proximal	defense	2
g005941	crop4	0	OG03121	0	1	0	9	tandem	TF	2
g005942	crop4	0	OG03150	0	1	0	6	transposed	hormone	2
g005943	crop4	0	OG03084	1	1	0	10	wgd	TF	1
g005944	crop4	0	OG03050	0	1	0	3	dispersed	hormone	1
g005945	crop4	0	OG03385	1	1	0	11	wgd	hormone	1
g005946	crop4	0	OG03319	1	1	0	3	wgd	transporter	4
g005947	crop4	0	OG03129	1	1	0	9	wgd	enzyme	2
g005948	crop4	0	OG03190	0	1	0	3	tandem	other	3
g005949	crop4	0	OG03047	0	1	0	8	proximal	defense	1
g005950	crop4	0	OG03396	1	1	0	8	wgd	kinase	2
g005951	crop4	0	OG03206	1	1	0	10	wgd	TF	3
g005952	crop4	0	OG03019	0	1	0	7	proximal	enzyme	2
g005953	crop4	0	OG03334	1	1	0	10	wgd	transporter	3
g005954	crop4	0	OG03226	0	1	0	3	dispersed	hormone	4
g005955	crop4	0	OG03140	0	1	0	4	proximal	other	1
g005956	crop4	0	OG03243	1	1	0	8	wgd	defense	2
g005957	crop4	0	OG03277	0	1	0	4	transposed	TF	2
g005958	crop4	0	OG03173	0	1	0	6	transposed	kinase	2
g005959	crop4	0	OG03255	1	1	0	4	wgd	kinase	2
g005960	crop4	0	OG03100	0	1	0	5	transposed	hormone	2
g005961	crop4	0	OG03253	0	1	0	4	proximal	enzyme	2
g005962	crop4	0	OG03059	0	1	0	5	dispersed	kinase	1
g005963	crop4	0	OG03170	0	1	0	2	dispersed	enzyme	2
g005964	crop4	0	OG03371	0	1	0	9	transposed	other	3
g005965	crop4	1	OG03281	0	0	1	1	singleton	enzyme	1
g005966	crop4	0	OG03018	0	1	0	7	transposed	enzyme	1
g005967	crop4	0	OG03010	0	0	1	1	singleton	other	1
g005968	crop4	0	OG03024	1	1	0	6	wgd	hormone	1
g005969	crop4	0	OG03067	1	1	0	4	wgd	TF	3
g005970	crop4	0	OG03220	0	1	0	8	dispersed	transporter	3
g005971	crop4	0	OG03260	0	1	0	10	transposed	hormone	4
g005972	crop4	0	OG03195	1	1	0	10	wgd	defense	1
g005973	crop4	0	OG03147	0	1	0	3	dispersed	defense	1
g005974	crop4	0	OG03371	0	1	0	11	dispersed	other	2
g005975	crop4	0	OG03008	1	1	0	2	wgd	hormone	2
g005976	crop4	0	OG03057	1	1	0	6	wgd	enzyme	2
g005977	crop4	0	OG03000	0	1	0	3	transposed	TF	4
g005978	crop4	0	OG03096	0	0	1	1	singleton	defense	4
g005979	crop4	0	OG03380	1	1	0	10	wgd	TF	1
g005980	crop4	0	OG03261	1	1	0	11	wgd	hormone	2
g005981	crop4	0	OG03044	0	1	0	11	dispersed	other	2
g005982	crop4	0	OG03085	0	1	0	5	transposed	kinase	3
g005983	crop4	0	OG03338	0	0	1	1	singleton	defense	4
g005984	crop4	0	OG03049	0	0	1	1	singleton	enzyme	2
g005985	crop4	0	OG03093	0	1	0	2	tandem	kinase	4
g005986	crop4	0	OG03164	1	1	0	3	wgd	kinase	1
g005987	crop4	0	OG03054	1	1	0	2	wgd	kinase	2
g005988	crop4	0	OG03042	0	1	0	8	dispersed	other	4
g005989	crop4	0	OG03331	0	1	0	11	proximal	hormone	4
g005990	crop4	0	OG03362	1	1	0	3	wgd	TF	1
g005991	crop4	0	OG03387	1	1	0	2	wgd	TF	3
g005992	crop4	0	OG03143	0	1	0	3	proximal	other	3
g005993	crop4	0	OG03190	0	1	0	9	transposed	transporter	4
g005994	crop4	0	OG03020	0	0	1	1	singleton	kinase	3
g005995	crop4	0	OG03302	0	1	0	6	dispersed	defense	2
g005996	crop4	0	OG03269	0	1	0	6	transposed	kinase	2
g005997	crop4	0	OG03254	1	1	0	2	wgd	other	2
g005998	crop4	0	OG03221	0	0	1	1	singleton	kinase	2
g005999	crop4	1	OG03395	1	1	0	2	wgd	kinase	4
g006000	crop5	0	OG04352	0	1	0	7	proximal	other	1
g006001	crop5	0	OG04100	0	0	1	1	singleton	other	3
g006002	crop5	0	OG04068	0	1	0	6	transposed	enzyme	1
g006003	crop5	0	OG04070	1	1	0	5	wgd	other	3
g006004	crop5	0	OG04285	0	1	0	10	dispersed	enzyme	4
g006005	crop5	0	OG04248	1	1	0	7	wgd	TF	4
g006006	crop5	0	OG04307	1	1	0	4	wgd	TF	4
g006007	crop5	0	OG04155	0	1	0	11	transposed	hormone	2
g006008	crop5	0	OG04194	0	1	0	3	transposed	kinase	4
g006009	crop5	0	OG04050	1	1	0	4	wgd	defense	1
g006010	crop5	0	OG04126	0	0	1	1	singleton	TF	4
g006011	crop5	0	OG04300	0	1	0	3	proximal	enzyme	1
g006012	crop5	0	OG04276	0	1	0	10	tandem	enzyme	3
g006013	crop5	0	OG04305	0	1	0	9	proximal	defense	3
g006014	crop5	0	OG04390	1	1	0	11	wgd	hormone	2
g006015	crop5	0	OG04256	0	1	0	3	transposed	kinase	1
g006016	crop5	0	OG04228	1	1	0	3	wgd	TF	2
g006017	crop5	0	OG04247	0	1	0	9	tandem	kinase	4
g006018	crop5	0	OG04110	0	1	0	2	tandem	enzyme	1
g006019	crop5	0	OG04328	0	1	0	6	proximal	defense	4
g006020	crop5	0	OG04395	0	1	0	6	proximal	defense	2
g006021	crop5	0	OG04364	0	1	0	5	proximal	hormone	3
g006022	crop5	0	OG04193	0	1	0	4	transposed	other	4
g006023	crop5	0	OG04112	0	1	0	10	dispersed	other	1
g006024	crop5	0	OG04310	1	1	0	9	wgd	other	2
g006025	crop5	0	OG04331	1	1	0	9	wgd	defense	1
g006026	crop5	0	OG04282	0	1	0	7	tandem	transporter	2
g006027	crop5	0	OG04219	0	1	0	4	transposed	transporter	3
g006028	crop5	0	OG04204	0	0	1	1	singleton	other	1
g006029	crop5	0	OG04123	0	1	0	11	dispersed	hormone	3
g006030	crop5	0	OG04086	0	0	1	1	singleton	other	1
g006031	crop5	0	OG04128	1	1	0	4	wgd	other	3
g006032	crop5	0	OG04316	1	1	0	11	wgd	other	3
g006033	crop5	0	OG04180	1	1	0	2	wgd	enzyme	2
g006034	crop5	0	OG04325	1	1	0	5	wgd	enzyme	4
g006035	crop5	0	OG04140	0	1	0	2	dispersed	TF	1
g006036	crop5	0	OG04261	0	1	0	3	transposed	transporter	4
g006037	crop5	0	OG04058	0	0	1	1	singleton	kinase	1
g006038	crop5	0	OG04374	0	0	1	1	singleton	other	4
g006039	crop5	0	OG04014	0	0	1	1	singleton	TF	4
g006040	crop5	0	OG04222	1	1	0	5	wgd	other	1
g006041	crop5	0	OG04251	0	1	0	7	proximal	other	2
g006042	crop5	0	OG04357	0	1	0	3	tandem	other	3
g006043	crop5	0	OG04109	1	1	0	4	wgd	enzyme	4
g006044	crop5	0	OG04050	0	1	0	3	tandem	enzyme	2
g006045	crop5	0	OG04216	1	1	0	2	wgd	kinase	4
g006046	crop5	0	OG04147	0	1	0	11	transposed	other	1
g006047	crop5	0	OG04133	0	1	0	5	transposed	other	4
g006048	crop5	0	OG04132	0	1	0	4	transposed	other	4
g006049	crop5	0	OG04380	0	1	0	4	dispersed	other	4
g006050	crop5	0	OG04163	0	1	0	9	dispersed	other	2
g006051	crop5	0	OG04107	1	1	0	7	wgd	hormone	2
g006052	crop5	0	OG04232	1	1	0	4	wgd	kinase	4
g006053	crop5	0	OG04307	0	1	0	9	dispersed	other	2
g006054	crop5	0	OG04171	1	1	0	5	wgd	hormone	3
g006055	crop5	0	OG04093	0	0	1	1	singleton	other	2
g006056	crop5	0	OG04139	0	1	0	7	tandem	defense	1
g006057	crop5	0	OG04062	0	1	0	6	transposed	hormone	2
g006058	crop5	0	OG04117	0	1	0	9	dispersed	hormone	4
g006059	crop5	0	OG04030	0	1	0	7	transposed	defense	4
g006060	crop5	0	OG04073	0	1	0	9	dispersed	enzyme	2
g006061	crop5	0	OG04156	0	1	0	9	tandem	TF	4
g006062	crop5	0	OG04302	1	1	0	5	wgd	TF	3
g006063	crop5	0	OG04153	0	0	1	1	singleton	defense	2
g006064	crop5	0	OG04277	1	1	0	5	wgd	kinase	1
g006065	crop5	0	OG04012	0	1	0	2	tandem	defense	2
g006066	crop5	0	OG04289	0	0	1	1	singleton	hormone	2
g006067	crop5	0	OG04060	1	1	0	6	wgd	kinase	1
g006068	crop5	0	OG04067	1	1	0	4	wgd	hormone	4
g006069	crop5	0	OG04271	1	1	0	7	wgd	TF	2
g006070	crop5	0	OG04112	0	1	0	3	transposed	hormone	2
g006071	crop5	0	OG04378	0	1	0	8	transposed	other	3
g006072	crop5	0	OG04189	1	1	0	8	wgd	TF	4
g006073	crop5	0	OG04081	0	1	0	2	transposed	other	3
g006074	crop5	0	OG04296	0	1	0	2	dispersed	defense	3
g006075	crop5	0	OG04399	0	1	0	11	transposed	other	2
g006076	crop5	0	OG04336	1	1	0	5	wgd	enzyme	4
g006077	crop5	0	OG04072	0	1	0	8	tandem	defense	1
g006078	crop5	0	OG04351	0	1	0	6	transposed	kinase	2
g006079	crop5	0	OG04344	0	0	1	1	singleton	enzyme	2
g006080	crop5	0	OG04049	0	1	0	6	transposed	TF	4
g006081	crop5	0	OG04228	1	1	0	6	wgd	other	1
g006082	crop5	0	OG04009	0	1	0	4	dispersed	TF	1
g006083	crop5	0	OG04243	0	1	0	6	dispersed	TF	1
g006084	crop5	1	OG04197	0	0	1	1	singleton	hormone	1
g006085	crop5	0	OG04078	0	1	0	7	dispersed	defense	4
g006086	crop5	0	OG04304	1	1	0	11	wgd	other	4
g006087	crop5	0	OG04370	0	1	0	10	proximal	enzyme	4
g006088	crop5	0	OG04168	0	1	0	8	dispersed	kinase	2
g006089	crop5	0	OG04041	0	1	0	8	tandem	enzyme	2
g006090	crop5	0	OG04001	0	1	0	10	transposed	kinase	2
g006091	crop5	0	OG04156	0	1	0	7	dispersed	defense	4
g006092	crop5	0	OG04123	0	1	0	9	dispersed	other	3
g006093	crop5	0	OG04058	0	1	0	4	transposed	transporter	2
g006094	crop5	0	OG04052	0	1	0	2	dispersed	enzyme	1
g006095	crop5	0	OG04158	0	1	0	10	dispersed	defense	2
g006096	crop5	0	OG04162	1	1	0	3	wgd	other	2
g006097	crop5	0	OG04284	1	1	0	7	wgd	enzyme	3
g006098	crop5	0	OG04203	0	1	0	11	transposed	hormone	2
g006099	crop5	0	OG04267	0	1	0	6	transposed	kinase	1
g006100	crop5	0	OG04016	0	1	0	5	transposed	enzyme	1
g006101	crop5	0	OG04070	0	1	0	5	transposed	transporter	3
g006102	crop5	0	OG04357	0	1	0	7	dispersed	other	3
g006103	crop5	0	OG04163	0	1	0	8	transposed	other	3
g006104	crop5	0	OG04285	0	1	0	10	proximal	defense	1
g006105	crop5	0	OG04157	1	1	0	8	wgd	TF	3
g006106	crop5	0	OG04336	1	1	0	3	wgd	hormone	4
g006107	crop5	0	OG04030	0	1	0	2	dispersed	enzyme	2
g006108	crop5	1	OG04207	1	1	0	6	wgd	transporter	1
g006109	crop5	0	OG04349	0	1	0	4	dispersed	other	4
g006110	crop5	0	OG04380	0	1	0	8	transposed	kinase	4
g006111	crop5	0	OG04326	0	1	0	11	transposed	TF	2
g006112	crop5	0	OG04049	0	1	0	3	tandem	enzyme	1
g006113	crop5	0	OG04012	0	1	0	2	transposed	kinase	2
g006114	crop5	0	OG04286	0	0	1	1	singleton	enzyme	3
g006115	crop5	0	OG04372	1	1	0	9	wgd	kinase	2
g006116	crop5	0	OG04284	0	1	0	6	tandem	kinase	1
g006117	crop5	0	OG04215	0	0	1	1	singleton	defense	4
g006118	crop5	0	OG04184	1	1	0	11	wgd	TF	2
g006119	crop5	0	OG04011	0	1	0	3	transposed	enzyme	4
g006120	crop5	0	OG04099	1	1	0	7	wgd	TF	2
g006121	crop5	0	OG04111	1	1	0	4	wgd	TF	1
g006122	crop5	0	OG04386	1	1	0	3	wgd	transporter	2
g006123	crop5	0	OG04033	0	1	0	3	proximal	kinase	2
g006124	crop5	0	OG04204	0	1	0	7	transposed	defense	1
g006125	crop5	0	OG04079	0	1	0	6	dispersed	enzyme	4
g006126	crop5	1	OG04012	0	1	0	6	tandem	kinase	2
g006127	crop5	0	OG04217	0	1	0	11	transposed	other	2
g006128	crop5	0	OG04137	1	1	0	2	wgd	hormone	2
g006129	crop5	0	OG04148	0	1	0	6	transposed	other	1
g006130	crop5	0	OG04169	1	1	0	4	wgd	hormone	3
g006131	crop5	0	OG04143	1	1	0	10	wgd	kinase	2
g006132	crop5	0	OG04107	0	1	0	10	dispersed	enzyme	1
g006133	crop5	0	OG04312	0	1	0	9	proximal	other	3
g006134	crop5	0	OG04271	0	1	0	8	dispersed	hormone	1
g006135	crop5	0	OG04026	0	1	0	8	dispersed	enzyme	4
g006136	crop5	0	OG04316	0	1	0	7	dispersed	other	1
g006137	crop5	0	OG04153	0	1	0	8	proximal	other	3
g006138	crop5	0	OG04248	1	1	0	11	wgd	TF	4
g006139	crop5	0	OG04115	0	1	0	5	transposed	other	2
g006140	crop5	0	OG04184	0	1	0	8	transposed	hormone	4
g006141	crop5	0	OG04131	0	1	0	4	dispersed	transporter	4
g006142	crop5	0	OG04360	1	1	0	10	wgd	kinase	4
g006143	crop5	0	OG04244	0	1	0	6	dispersed	other	4
g006144	crop5	0	OG04031	1	1	0	7	wgd	hormone	4
g006145	crop5	0	OG04305	0	1	0	9	proximal	enzyme	3
g006146	crop5	0	OG04051	0	1	0	6	tandem	enzyme	1
g006147	crop5	0	OG04238	0	1	0	2	tandem	hormone	3
g006148	crop5	0	OG04054	0	1	0	7	dispersed	defense	4
g006149	crop5	0	OG04382	0	0	1	1	singleton	other	1
g006150	crop5	0	OG04338	1	1	0	2	wgd	other	4
g006151	crop5	0	OG04048	0	1	0	3	proximal	defense	3
g006152	crop5	0	OG04167	0	1	0	4	proximal	other	4
g006153	crop5	0	OG04145	0	0	1	1	singleton	other	4
g006154	crop5	0	OG04079	0	1	0	5	proximal	TF	2
g006155	crop5	0	OG04228	1	1	0	9	wgd	transporter	3
g006156	crop5	0	OG04010	0	1	0	3	tandem	defense	1
g006157	crop5	0	OG04338	1	1	0	7	wgd	other	3
g006158	crop5	0	OG04228	1	1	0	4	wgd	TF	2
g006159	crop5	0	OG04062	0	1	0	5	dispersed	TF	3
g006160	crop5	0	OG04123	0	1	0	11	dispersed	hormone	1
g006161	crop5	0	OG04192	0	0	1	1	singleton	other	3
g006162	crop5	0	OG04096	0	1	0	8	transposed	TF	1
g006163	crop5	0	OG04383	0	0	1	1	singleton	defense	3
g006164	crop5	0	OG04007	1	1	0	9	wgd	TF	3
g006165	crop5	0	OG04057	0	1	0	11	dispersed	other	3
g006166	crop5	0	OG04236	0	1	0	8	proximal	defense	2
g006167	crop5	0	OG04301	0	0	1	1	singleton	other	2
g006168	crop5	0	OG04282	0	1	0	8	transposed	transporter	2
g006169	crop5	0	OG04151	1	1	0	4	wgd	other	3
g006170	crop5	0	OG04383	0	1	0	4	transposed	hormone	4
g006171	crop5	0	OG04073	0	1	0	9	tandem	defense	4
g006172	crop5	0	OG04295	0	1	0	2	tandem	enzyme	4
g006173	crop5	0	OG04092	0	1	0	3	transposed	TF	2
g006174	crop5	0	OG04301	0	1	0	9	transposed	other	2
g006175	crop5	0	OG04283	0	1	0	10	transposed	other	3
g006176	crop5	0	OG04052	0	1	0	9	transposed	enzyme	4
g006177	crop5	0	OG04108	0	0	1	1	singleton	other	4
g006178	crop5	0	OG04039	0	0	1	1	singleton	defense	2
g006179	crop5	0	OG04309	0	1	0	3	dispersed	enzyme	3
g006180	crop5	0	OG04084	0	0	1	1	singleton	kinase	3
g006181	crop5	0	OG04174	0	1	0	11	transposed	transporter	4
g006182	crop5	0	OG04122	1	1	0	8	wgd	TF	3
g006183	crop5	0	OG04107	0	1	0	11	proximal	other	3
g006184	crop5	0	OG04292	0	1	0	2	proximal	defense	2
g006185	crop5	0	OG04078	0	1	0	9	transposed	TF	1
g006186	crop5	0	OG04276	1	1	0	7	wgd	other	2
g006187	crop5	0	OG04224	0	1	0	5	proximal	transporter	2
g006188	crop5	0	OG04246	0	0	1	1	singleton	kinase	4
g006189	crop5	0	OG04044	1	1	0	10	wgd	TF	4
g006190	crop5	0	OG04217	0	1	0	11	dispersed	transporter	3
g006191	crop5	0	OG04243	0	1	0	10	dispersed	enzyme	3
g006192	crop5	0	OG04357	0	0	1	1	singleton	transporter	2
g006193	crop5	0	OG04302	0	1	0	9	dispersed	kinase	4
g006194	crop5	0	OG04247	0	1	0	6	tandem	enzyme	3
g006195	crop5	0	OG04059	0	1	0	8	proximal	enzyme	3
g006196	crop5	0	OG04180	0	1	0	6	transposed	kinase	3
g006197	crop5	0	OG04375	0	1	0	8	dispersed	other	1
g006198	crop5	0	OG04201	1	1	0	10	wgd	defense	2
g006199	crop5	0	OG04219	0	1	0	11	proximal	other	1
g006200	crop5	0	OG04200	0	0	1	1	singleton	hormone	3
g006201	crop5	0	OG04075	0	1	0	10	tandem	other	1
g006202	crop5	0	OG04032	0	1	0	9	tandem	defense	4
g006203	crop5	0	OG04276	0	1	0	6	dispersed	kinase	3
g006204	crop5	0	OG04007	0	0	1	1	singleton	defense	2
g006205	crop5	0	OG04179	0	1	0	5	proximal	defense	1
g006206	crop5	0	OG04038	0	1	0	6	transposed	hormone	4
g006207	crop5	0	OG04070	1	1	0	5	wgd	other	4
g006208	crop5	0	OG04214	0	0	1	1	singleton	other	4
g006209	crop5	0	OG04056	0	1	0	11	proximal	transporter	3
g006210	crop5	0	OG04231	0	1	0	7	dispersed	enzyme	2
g006211	crop5	0	OG04006	1	1	0	10	wgd	TF	3
g006212	crop5	0	OG04357	0	1	0	4	tandem	enzyme	4
g006213	crop5	0	OG04349	0	1	0	10	dispersed	other	1
g006214	crop5	0	OG04381	0	1	0	9	proximal	other	3
g006215	crop5	0	OG04250	0	0	1	1	singleton	other	2
g006216	crop5	0	OG04031	1	1	0	7	wgd	TF	1
g006217	crop5	0	OG04311	0	1	0	4	dispersed	defense	4
g006218	crop5	0	OG04100	0	1	0	5	proximal	enzyme	3
g006219	crop5	0	OG04277	0	1	0	6	transposed	hormone	2
g006220	crop5	0	OG04345	0	1	0	10	transposed	hormone	2
g006221	crop5	0	OG04300	1	1	0	3	wgd	hormone	3
g006222	crop5	0	OG04144	0	1	0	11	transposed	enzyme	4
g006223	crop5	0	OG04156	1	1	0	7	wgd	enzyme	3
g006224	crop5	0	OG04039	0	0	1	1	singleton	other	2
g006225	crop5	0	OG04141	0	1	0	4	transposed	transporter	3
g006226	crop5	0	OG04112	0	1	0	8	proximal	transporter	1
g006227	crop5	0	OG04195	0	1	0	4	tandem	hormone	2
g006228	crop5	0	OG04155	1	1	0	6	wgd	hormone	2
g006229	crop5	0	OG04382	0	1	0	10	transposed	transporter	3
g006230	crop5	0	OG04341	0	1	0	10	dispersed	other	3
g006231	crop5	1	OG04291	1	1	0	11	wgd	hormone	1
g006232	crop5	0	OG04026	0	0	1	1	singleton	hormone	2
g006233	crop5	0	OG04385	0	1	0	5	transposed	other	3
g006234	crop5	0	OG04179	1	1	0	6	wgd	TF	3
g006235	crop5	0	OG04153	0	1	0	7	dispersed	enzyme	2
g006236	crop5	0	OG04178	0	1	0	8	dispersed	kinase	2
g006237	crop5	0	OG04386	0	0	1	1	singleton	TF	1
g006238	crop5	0	OG04098	0	1	0	4	transposed	transporter	4
g006239	crop5	0	OG04049	1	1	0	7	wgd	TF	3
g006240	crop5	0	OG04273	0	1	0	6	dispersed	TF	3
g006241	crop5	1	OG04273	0	0	1	1	singleton	TF	4
g006242	crop5	0	OG04019	0	1	0	6	transposed	kinase	1
g006243	crop5	0	OG04328	1	1	0	6	wgd	transporter	2
g006244	crop5	0	OG04374	0	0	1	1	singleton	defense	4
g006245	crop5	0	OG04083	0	1	0	6	transposed	enzyme	2
g006246	crop5	0	OG04359	0	1	0	11	transposed	kinase	4
g006247	crop5	0	OG04313	0	1	0	9	transposed	kinase	4
g006248	crop5	0	OG04068	0	1	0	11	transposed	kinase	1
g006249	crop5	0	OG04288	0	1	0	3	dispersed	kinase	4
g006250	crop5	0	OG04262	0	1	0	4	tandem	TF	1
g006251	crop5	0	OG04309	1	1	0	6	wgd	defense	4
g006252	crop5	0	OG04013	0	1	0	6	transposed	enzyme	1
g006253	crop5	0	OG04266	0	1	0	7	dispersed	other	4
g006254	crop5	0	OG04202	0	1	0	6	dispersed	TF	2
g006255	crop5	0	OG04323	0	1	0	2	dispersed	TF	3
g006256	crop5	0	OG04118	0	1	0	2	dispersed	transporter	1
g006257	crop5	0	OG04049	0	1	0	9	transposed	TF	1
g006258	crop5	0	OG04140	0	1	0	4	transposed	transporter	1
g006259	crop5	0	OG04283	0	1	0	9	tandem	enzyme	1
g006260	crop5	0	OG04087	1	1	0	8	wgd	TF	2
g006261	crop5	0	OG04203	0	0	1	1	singleton	other	2
g006262	crop5	0	OG04283	0	0	1	1	singleton	other	3
g006263	crop5	0	OG04362	1	1	0	2	wgd	other	4
g006264	crop5	0	OG04298	0	1	0	5	dispersed	hormone	4
g006265	crop5	0	OG04232	1	1	0	5	wgd	other	1
g006266	crop5	0	OG04246	1	1	0	10	wgd	TF	4
g006267	crop5	0	OG04259	0	0	1	1	singleton	other	2
g006268	crop5	0	OG04249	0	1	0	3	proximal	other	4
g006269	crop5	0	OG04140	0	1	0	7	dispersed	TF	2
g006270	crop5	0	OG04054	0	1	0	6	tandem	defense	1
g006271	crop5	0	OG04347	1	1	0	7	wgd	transporter	2
g006272	crop5	0	OG04077	0	1	0	5	proximal	defense	1
g006273	crop5	0	OG04208	1	1	0	3	wgd	enzyme	2
g006274	crop5	0	OG04363	0	1	0	8	transposed	hormone	3
g006275	crop5	0	OG04187	1	1	0	9	wgd	TF	4
g006276	crop5	0	OG04241	0	1	0	3	tandem	defense	2
g006277	crop5	0	OG04249	1	1	0	4	wgd	enzyme	4
g006278	crop5	0	OG04319	0	1	0	7	transposed	hormone	4
g006279	crop5	0	OG04067	0	1	0	7	proximal	TF	2
g006280	crop5	0	OG04233	1	1	0	2	wgd	hormone	4
g006281	crop5	0	OG04333	0	1	0	10	transposed	transporter	4
g006282	crop5	0	OG04250	0	1	0	6	dispersed	defense	3
g006283	crop5	0	OG04195	1	1	0	4	wgd	enzyme	4
g006284	crop5	0	OG04170	1	1	0	7	wgd	other	2
g006285	crop5	0	OG04035	1	1	0	5	wgd	other	4
g006286	crop5	0	OG04058	1	1	0	9	wgd	other	1
g006287	crop5	0	OG04110	0	1	0	10	proximal	enzyme	3
g006288	crop5	1	OG04297	1	1	0	3	wgd	TF	4
g006289	crop5	0	OG04110	0	1	0	4	proximal	defense	2
g006290	crop5	0	OG04218	1	1	0	2	wgd	kinase	1
g006291	crop5	0	OG04289	0	1	0	7	tandem	defense	3
g006292	crop5	0	OG04349	1	1	0	5	wgd	hormone	4
g006293	crop5	0	OG04341	0	0	1	1	singleton	hormone	4
g006294	crop5	0	OG04292	0	1	0	11	transposed	hormone	3
g006295	crop5	0	OG04359	0	1	0	7	transposed	transporter	1
g006296	crop5	0	OG04024	0	1	0	11	dispersed	hormone	4
g006297	crop5	0	OG04300	1	1	0	4	wgd	other	4
g006298	crop5	0	OG04059	0	1	0	2	transposed	transporter	2
g006299	crop5	0	OG04378	1	1	0	4	wgd	TF	3
g006300	crop5	0	OG04333	0	1	0	8	dispersed	TF	3
g006301	crop5	0	OG04095	0	0	1	1	singleton	kinase	3
g006302	crop5	0	OG04055	0	1	0	7	transposed	defense	1
g006303	crop5	0	OG04034	1	1	0	8	wgd	defense	4
g006304	crop5	0	OG04277	0	0	1	1	singleton	defense	2
g006305	crop5	0	OG04138	1	1	0	9	wgd	TF	2
g006306	crop5	0	OG04014	0	1	0	3	proximal	defense	2
g006307	crop5	0	OG04176	0	1	0	9	transposed	enzyme	4
g006308	crop5	0	OG04106	1	1	0	7	wgd	defense	3
g006309	crop5	0	OG04324	0	1	0	4	transposed	kinase	1
g006310	crop5	0	OG04369	0	1	0	5	tandem	enzyme	4
g006311	crop5	0	OG04078	0	1	0	2	tandem	enzyme	2
g006312	crop5	0	OG04154	0	0	1	1	singleton	defense	3
g006313	crop5	0	OG04078	0	0	1	1	singleton	TF	1
g006314	crop5	0	OG04307	0	0	1	1	singleton	other	2
g006315	crop5	0	OG04061	0	1	0	7	transposed	transporter	4
g006316	crop5	0	OG04037	0	1	0	3	dispersed	kinase	3
g006317	crop5	0	OG04371	0	1	0	10	tandem	enzyme	2
g006318	crop5	0	OG04084	1	1	0	8	wgd	transporter	2
g006319	crop5	0	OG04131	0	1	0	4	tandem	defense	4
g006320	crop5	0	OG04319	0	1	0	9	transposed	other	3
g006321	crop5	0	OG04352	1	1	0	11	wgd	hormone	4
g006322	crop5	0	OG04008	0	1	0	3	dispersed	other	1
g006323	crop5	0	OG04389	1	1	0	5	wgd	TF	4
g006324	crop5	0	OG04309	0	1	0	2	dispersed	TF	2
g006325	crop5	0	OG04319	0	1	0	10	transposed	transporter	3
g006326	crop5	0	OG04346	0	1	0	8	proximal	enzyme	4
g006327	crop5	0	OG04018	0	0	1	1	singleton	hormone	1
g006328	crop5	0	OG04105	0	1	0	5	proximal	TF	4
g006329	crop5	0	OG04378	0	0	1	1	singleton	kinase	2
g006330	crop5	0	OG04161	1	1	0	9	wgd	TF	1
g006331	crop5	0	OG04182	1	1	0	2	wgd	defense	2
g006332	crop5	0	OG04193	1	1	0	9	wgd	transporter	4
g006333	crop5	0	OG04115	1	1	0	7	wgd	TF	3
g006334	crop5	0	OG04053	1	1	0	2	wgd	TF	4
g006335	crop5	0	OG04053	0	1	0	4	tandem	defense	1
g006336	crop5	0	OG04366	1	1	0	4	wgd	hormone	3
g006337	crop5	0	OG04162	1	1	0	4	wgd	other	3
g006338	crop5	0	OG04082	0	1	0	8	proximal	other	4
g006339	crop5	0	OG04041	1	1	0	10	wgd	TF	1
g006340	crop5	0	OG04085	0	1	0	2	transposed	transporter	2
g006341	crop5	0	OG04356	0	0	1	1	singleton	hormone	4
g006342	crop5	0	OG04271	0	1	0	6	dispersed	transporter	1
g006343	crop5	0	OG04305	1	1	0	5	wgd	TF	1
g006344	crop5	0	OG04212	0	1	0	7	proximal	defense	3
g006345	crop5	0	OG04033	1	1	0	8	wgd	TF	2
g006346	crop5	0	OG04260	0	1	0	6	transposed	enzyme	2
g006347	crop5	0	OG04007	0	0	1	1	singleton	kinase	2
g006348	crop5	0	OG04093	0	1	0	8	tandem	defense	3
g006349	crop5	0	OG04339	0	0	1	1	singleton	defense	4
g006350	crop5	0	OG04291	0	1	0	3	tandem	enzyme	2
g006351	crop5	0	OG04019	0	0	1	1	singleton	hormone	2
g006352	crop5	0	OG04374	0	1	0	8	proximal	enzyme	4
g006353	crop5	0	OG04257	1	1	0	10	wgd	kinase	3
g006354	crop5	0	OG04066	1	1	0	5	wgd	enzyme	2
g006355	crop5	0	OG04312	1	1	0	6	wgd	transporter	3
g006356	crop5	0	OG04026	0	0	1	1	singleton	hormone	3
g006357	crop5	0	OG04117	0	1	0	3	transposed	kinase	4
g006358	crop5	0	OG04396	0	1	0	2	proximal	transporter	2
g006359	crop5	0	OG04206	1	1	0	8	wgd	other	4
g006360	crop5	0	OG04119	1	1	0	10	wgd	enzyme	1
g006361	crop5	1	OG04057	1	1	0	6	wgd	other	3
g006362	crop5	0	OG04284	1	1	0	4	wgd	enzyme	4
g006363	crop5	0	OG04336	1	1	0	7	wgd	hormone	1
g006364	crop5	0	OG04000	0	1	0	10	transposed	other	4
g006365	crop5	0	OG04300	0	1	0	5	dispersed	hormone	2
g006366	crop5	0	OG04029	0	1	0	8	tandem	transporter	4
g006367	crop5	0	OG04361	0	1	0	3	tandem	hormone	1
g006368	crop5	0	OG04199	0	1	0	3	transposed	defense	1
g006369	crop5	0	OG04315	1	1	0	7	wgd	kinase	4
g006370	crop5	0	OG04307	1	1	0	10	wgd	other	1
g006371	crop5	0	OG04236	1	1	0	9	wgd	hormone	2
g006372	crop5	0	OG04366	0	1	0	10	dispersed	TF	4
g006373	crop5	0	OG04388	0	1	0	9	dispersed	enzyme	3
g006374	crop5	0	OG04380	0	1	0	10	dispersed	other	3
g006375	crop5	0	OG04305	0	1	0	2	dispersed	hormone	1
g006376	crop5	0	OG04271	0	1	0	6	dispersed	TF	3
g006377	crop5	0	OG04136	1	1	0	8	wgd	TF	3
g006378	crop5	0	OG04117	0	1	0	3	proximal	defense	2
g006379	crop5	0	OG04233	0	1	0	11	transposed	defense	3
g006380	crop5	0	OG04342	0	1	0	11	dispersed	hormone	2
g006381	crop5	0	OG04197	0	1	0	9	dispersed	kinase	4
g006382	crop5	0	OG04303	0	1	0	10	transposed	transporter	1
g006383	crop5	0	OG04187	0	1	0	9	dispersed	enzyme	2
g006384	crop5	0	OG04106	0	1	0	3	transposed	defense	3
g006385	crop5	0	OG04063	1	1	0	9	wgd	TF	2
g006386	crop5	0	OG04256	0	1	0	7	transposed	TF	4
g006387	crop5	0	OG04224	0	1	0	11	tandem	defense	1
g006388	crop5	0	OG04009	0	0	1	1	singleton	enzyme	2
g006389	crop5	0	OG04064	0	1	0	11	tandem	defense	1
g006390	crop5	0	OG04075	0	1	0	11	tandem	transporter	3
g006391	crop5	0	OG04059	0	1	0	5	transposed	defense	3
g006392	crop5	0	OG04290	0	1	0	9	proximal	defense	2
g006393	crop5	0	OG04057	0	1	0	9	dispersed	defense	1
g006394	crop5	0	OG04128	0	1	0	2	dispersed	defense	4
g006395	crop5	0	OG04143	0	1	0	4	transposed	TF	2
g006396	crop5	0	OG04312	0	1	0	3	tandem	enzyme	4
g006397	crop5	0	OG04133	1	1	0	8	wgd	TF	1
g006398	crop5	0	OG04181	0	1	0	4	dispersed	kinase	4
g006399	crop5	0	OG04257	1	1	0	9	wgd	TF	2
g006400	crop5	0	OG04246	0	1	0	2	dispersed	defense	1
g006401	crop5	0	OG04322	0	1	0	10	dispersed	enzyme	3
g006402	crop5	0	OG04174	0	1	0	2	dispersed	TF	1
g006403	crop5	0	OG04128	1	1	0	10	wgd	other	3
g006404	crop5	0	OG04096	0	1	0	8	proximal	enzyme	1
g006405	crop5	0	OG04042	1	1	0	6	wgd	TF	2
g006406	crop5	0	OG04074	0	1	0	8	tandem	transporter	3
g006407	crop5	0	OG04202	0	1	0	4	transposed	transporter	2
g006408	crop5	0	OG04179	0	1	0	10	tandem	enzyme	2
g006409	crop5	0	OG04310	0	0	1	1	singleton	defense	2
g006410	crop5	0	OG04338	1	1	0	4	wgd	other	2
g006411	crop5	1	OG04192	1	1	0	6	wgd	hormone	3
g006412	crop5	0	OG04151	0	1	0	8	transposed	transporter	4
g006413	crop5	0	OG04230	0	0	1	1	singleton	TF	1
g006414	crop5	0	OG04007	1	1	0	2	wgd	kinase	3
g006415	crop5	0	OG04376	1	1	0	7	wgd	hormone	3
g006416	crop5	0	OG04398	1	1	0	3	wgd	TF	4
g006417	crop5	0	OG04090	0	1	0	11	tandem	transporter	2
g006418	crop5	0	OG04185	0	1	0	8	dispersed	enzyme	2
g006419	crop5	0	OG04094	0	1	0	10	transposed	TF	2
g006420	crop5	0	OG04154	1	1	0	9	wgd	other	2
g006421	crop5	0	OG04202	0	1	0	2	dispersed	other	1
g006422	crop5	0	OG04215	0	1	0	10	proximal	transporter	4
g006423	crop5	0	OG04357	1	1	0	8	wgd	enzyme	4
g006424	crop5	1	OG04121	0	1	0	8	transposed	other	4
g006425	crop5	0	OG04086	0	1	0	10	tandem	hormone	3
g006426	crop5	0	OG04104	0	1	0	3	dispersed	transporter	3
g006427	crop5	0	OG04058	0	1	0	10	tandem	transporter	3
g006428	crop5	0	OG04327	0	1	0	4	dispersed	defense	2
g006429	crop5	0	OG04140	0	1	0	7	tandem	enzyme	4
g006430	crop5	0	OG04346	0	0	1	1	singleton	transporter	4
g006431	crop5	0	OG04120	1	1	0	8	wgd	hormone	1
g006432	crop5	0	OG04251	0	1	0	10	tandem	kinase	3
g006433	crop5	0	OG04049	0	1	0	6	transposed	transporter	4
g006434	crop5	0	OG04107	1	1	0	11	wgd	other	3
g006435	crop5	0	OG04393	0	1	0	6	transposed	defense	3
g006436	crop5	0	OG04227	1	1	0	10	wgd	defense	4
g006437	crop5	0	OG04392	0	1	0	7	transposed	transporter	4
g006438	crop5	0	OG04395	0	1	0	3	transposed	kinase	2
g006439	crop5	0	OG04075	1	1	0	5	wgd	other	3
g006440	crop5	0	OG04246	1	1	0	6	wgd	enzyme	1
g006441	crop5	0	OG04295	1	1	0	11	wgd	kinase	4
g006442	crop5	0	OG04008	1	1	0	11	wgd	hormone	1
g006443	crop5	0	OG04036	1	1	0	5	wgd	hormone	3
g006444	crop5	0	OG04163	0	1	0	4	tandem	enzyme	1
g006445	crop5	0	OG04237	1	1	0	4	wgd	transporter	4
g006446	crop5	0	OG04204	0	1	0	3	transposed	kinase	1
g006447	crop5	0	OG04038	1	1	0	5	wgd	enzyme	3
g006448	crop5	0	OG04050	1	1	0	11	wgd	other	1
g006449	crop5	0	OG04399	1	1	0	6	wgd	transporter	1
g006450	crop5	0	OG04197	0	1	0	9	transposed	hormone	2
g006451	crop5	0	OG04010	0	1	0	8	dispersed	transporter	4
g006452	crop5	0	OG04067	1	1	0	9	wgd	TF	4
g006453	crop5	0	OG04051	0	1	0	8	proximal	enzyme	2
g006454	crop5	0	OG04146	0	1	0	9	dispersed	transporter	1
g006455	crop5	0	OG04171	0	1	0	5	dispersed	kinase	4
g006456	crop5	0	OG04049	0	1	0	6	transposed	hormone	4
g006457	crop5	0	OG04159	0	1	0	10	dispersed	other	4
g006458	crop5	0	OG04269	0	1	0	11	transposed	other	2
g006459	crop5	0	OG04120	0	1	0	3	transposed	TF	4
g006460	crop5	0	OG04077	0	1	0	8	dispersed	enzyme	4
g006461	crop5	0	OG04288	0	1	0	10	transposed	transporter	2
g006462	crop5	0	OG04163	0	1	0	3	transposed	hormone	4
g006463	crop5	0	OG04367	1	1	0	8	wgd	kinase	1
g006464	crop5	0	OG04201	1	1	0	7	wgd	enzyme	2
g006465	crop5	0	OG04338	1	1	0	8	wgd	TF	2
g006466	crop5	0	OG04212	0	1	0	2	transposed	kinase	3
g006467	crop5	0	OG04334	0	1	0	8	tandem	enzyme	2
g006468	crop5	0	OG04327	0	1	0	3	proximal	enzyme	3
g006469	crop5	0	OG04075	1	1	0	11	wgd	kinase	3
g006470	crop5	0	OG04377	1	1	0	5	wgd	TF	1
g006471	crop5	0	OG04371	0	1	0	6	transposed	TF	2
g006472	crop5	0	OG04094	1	1	0	3	wgd	kinase	1
g006473	crop5	0	OG04269	0	1	0	2	transposed	TF	3
g006474	crop5	0	OG04174	1	1	0	10	wgd	TF	2
g006475	crop5	0	OG04293	0	1	0	3	dispersed	kinase	3
g006476	crop5	0	OG04004	0	0	1	1	singleton	transporter	2
g006477	crop5	0	OG04339	0	1	0	3	proximal	defense	4
g006478	crop5	0	OG04153	0	1	0	4	dispersed	kinase	3
g006479	crop5	0	OG04370	1	1	0	4	wgd	hormone	4
g006480	crop5	0	OG04293	1	1	0	9	wgd	other	1
g006481	crop5	0	OG04119	0	1	0	6	transposed	other	2
g006482	crop5	1	OG04220	0	0	1	1	singleton	transporter	4
g006483	crop5	0	OG04245	0	1	0	3	transposed	other	1
g006484	crop5	0	OG04037	0	1	0	3	dispersed	other	1
g006485	crop5	0	OG04293	0	1	0	3	tandem	hormone	4
g006486	crop5	0	OG04099	0	1	0	9	dispersed	transporter	1
g006487	crop5	0	OG04335	0	1	0	9	transposed	kinase	1
g006488	crop5	0	OG04156	0	1	0	3	dispersed	transporter	3
g006489	crop5	1	OG04363	1	1	0	10	wgd	enzyme	2
g006490	crop5	0	OG04219	1	1	0	2	wgd	TF	3
g006491	crop5	0	OG04025	0	1	0	2	dispersed	enzyme	2
g006492	crop5	0	OG04067	0	1	0	5	dispersed	other	2
g006493	crop5	0	OG04261	0	1	0	9	dispersed	TF	1
g006494	crop5	0	OG04346	0	0	1	1	singleton	defense	4
g006495	crop5	0	OG04150	0	1	0	11	transposed	other	1
g006496	crop5	0	OG04389	0	1	0	6	transposed	other	3
g006497	crop5	0	OG04193	0	1	0	3	dispersed	kinase	2
g006498	crop5	0	OG04160	0	1	0	5	transposed	enzyme	3
g006499	crop5	0	OG04029	0	1	0	5	transposed	TF	3
g006500	crop5	0	OG04378	1	1	0	11	wgd	kinase	3
g006501	crop5	0	OG04332	0	1	0	6	dispersed	hormone	3
g006502	crop5	0	OG04131	0	1	0	8	transposed	other	1
g006503	crop5	0	OG04002	0	1	0	8	dispersed	hormone	4
g006504	crop5	0	OG04324	0	1	0	6	dispersed	other	3
g006505	crop5	0	OG04079	0	1	0	11	dispersed	kinase	2
g006506	crop5	0	OG04191	0	1	0	5	tandem	other	2
g006507	crop5	0	OG04351	0	1	0	5	dispersed	enzyme	1
g006508	crop5	0	OG04149	1	1	0	4	wgd	kinase	1
g006509	crop5	0	OG04332	0	0	1	1	singleton	transporter	3
g006510	crop5	0	OG04078	0	1	0	2	dispersed	other	3
g006511	crop5	0	OG04377	0	1	0	8	tandem	transporter	4
g006512	crop5	0	OG04256	0	1	0	7	transposed	kinase	1
g006513	crop5	0	OG04100	0	1	0	8	dispersed	other	4
g006514	crop5	0	OG04346	0	1	0	9	tandem	other	4
g006515	crop5	0	OG04042	0	1	0	10	tandem	hormone	2
g006516	crop5	0	OG04057	0	0	1	1	singleton	defense	4
g006517	crop5	0	OG04239	0	0	1	1	singleton	kinase	2
g006518	crop5	0	OG04299	0	1	0	5	transposed	transporter	4
g006519	crop5	0	OG04152	1	1	0	4	wgd	TF	3
g006520	crop5	1	OG04395	0	1	0	2	dispersed	defense	4
g006521	crop5	0	OG04111	0	1	0	8	dispersed	enzyme	3
g006522	crop5	0	OG04285	1	1	0	2	wgd	transporter	4
g006523	crop5	0	OG04085	0	1	0	10	proximal	other	2
g006524	crop5	0	OG04205	1	1	0	7	wgd	hormone	3
g006525	crop5	0	OG04024	0	1	0	7	transposed	TF	3
g006526	crop5	0	OG04325	0	1	0	10	dispersed	enzyme	1
g006527	crop5	0	OG04023	0	1	0	8	dispersed	enzyme	4
g006528	crop5	0	OG04261	1	1	0	9	wgd	defense	4
g006529	crop5	1	OG04087	1	1	0	6	wgd	TF	2
g006530	crop5	0	OG04092	0	0	1	1	singleton	kinase	3
g006531	crop5	0	OG04380	0	1	0	9	transposed	other	4
g006532	crop5	0	OG04259	0	1	0	8	dispersed	hormone	1
g006533	crop5	0	OG04388	0	1	0	4	tandem	enzyme	3
g006534	crop5	0	OG04374	0	1	0	11	dispersed	other	4
g006535	crop5	0	OG04137	0	1	0	4	transposed	defense	1
g006536	crop5	0	OG04381	0	0	1	1	singleton	enzyme	2
g006537	crop5	0	OG04085	1	1	0	11	wgd	kinase	4
g006538	crop5	0	OG04343	1	1	0	2	wgd	TF	3
g006539	crop5	0	OG04233	0	1	0	6	tandem	defense	4
g006540	crop5	0	OG04029	0	1	0	4	dispersed	TF	4
g006541	crop5	0	OG04071	0	1	0	11	dispersed	other	4
g006542	crop5	0	OG04354	0	1	0	2	tandem	defense	1
g006543	crop5	0	OG04094	1	1	0	2	wgd	other	4
g006544	crop5	0	OG04127	0	1	0	4	dispersed	enzyme	1
g006545	crop5	0	OG04131	0	1	0	10	transposed	kinase	1
g006546	crop5	0	OG04211	0	1	0	3	dispersed	defense	4
g006547	crop5	1	OG04238	1	1	0	11	wgd	TF	3
g006548	crop5	0	OG04309	1	1	0	11	wgd	TF	4
g006549	crop5	0	OG04379	0	0	1	1	singleton	other	3
g006550	crop5	0	OG04181	0	0	1	1	singleton	TF	3
g006551	crop5	0	OG04388	0	1	0	8	transposed	hormone	1
g006552	crop5	0	OG04067	0	1	0	2	proximal	enzyme	2
g006553	crop5	0	OG04002	1	1	0	8	wgd	TF	1
g006554	crop5	0	OG04015	0	1	0	6	tandem	transporter	1
g006555	crop5	0	OG04018	0	0	1	1	singleton	transporter	2
g006556	crop5	0	OG04138	1	1	0	2	wgd	hormone	3
g006557	crop5	0	OG04318	1	1	0	7	wgd	other	2
g006558	crop5	0	OG04005	0	1	0	2	transposed	transporter	3
g006559	crop5	1	OG04121	1	1	0	9	wgd	TF	1
g006560	crop5	0	OG04002	0	1	0	11	tandem	other	4
g006561	crop5	0	OG04311	0	1	0	4	tandem	defense	1
g006562	crop5	0	OG04043	0	1	0	11	transposed	TF	3
g006563	crop5	0	OG04002	0	0	1	1	singleton	other	3
g006564	crop5	0	OG04087	1	1	0	5	wgd	other	4
g006565	crop5	0	OG04276	0	1	0	5	transposed	enzyme	2
g006566	crop5	0	OG04306	0	0	1	1	singleton	hormone	1
g006567	crop5	0	OG04005	0	1	0	4	transposed	TF	4
g006568	crop5	0	OG04389	0	1	0	4	transposed	other	3
g006569	crop5	0	OG04208	0	1	0	6	transposed	enzyme	1
g006570	crop5	0	OG04119	0	1	0	8	transposed	hormone	2
g006571	crop5	0	OG04374	0	1	0	8	transposed	enzyme	4
g006572	crop5	0	OG04306	0	1	0	7	tandem	enzyme	3
g006573	crop5	0	OG04372	0	1	0	4	transposed	transporter	3
g006574	crop5	0	OG04012	0	0	1	1	singleton	TF	1
g006575	crop5	0	OG04323	0	0	1	1	singleton	enzyme	3
g006576	crop5	0	OG04322	1	1	0	7	wgd	hormone	3
g006577	crop5	0	OG04114	0	0	1	1	singleton	TF	2
g006578	crop5	0	OG04284	0	1	0	6	dispersed	enzyme	2
g006579	crop5	0	OG04055	0	1	0	5	proximal	enzyme	4
g006580	crop5	0	OG04293	0	1	0	4	transposed	other	2
g006581	crop5	0	OG04252	0	1	0	11	tandem	defense	1
g006582	crop5	0	OG04016	0	1	0	4	transposed	other	4
g006583	crop5	0	OG04261	0	1	0	8	tandem	other	1
g006584	crop5	0	OG04049	1	1	0	10	wgd	other	1
g006585	crop5	0	OG04279	1	1	0	11	wgd	TF	4
g006586	crop5	0	OG04315	0	1	0	6	tandem	other	3
g006587	crop5	0	OG04230	0	1	0	8	transposed	other	3
g006588	crop5	0	OG04314	0	1	0	11	transposed	other	3
g006589	crop5	0	OG04103	0	1	0	5	proximal	other	4
g006590	crop5	0	OG04310	0	0	1	1	singleton	enzyme	2
g006591	crop5	0	OG04175	0	1	0	9	dispersed	kinase	2
g006592	crop5	0	OG04231	0	1	0	7	tandem	TF	1
g006593	crop5	0	OG04208	1	1	0	10	wgd	TF	3
g006594	crop5	0	OG04110	1	1	0	5	wgd	hormone	3
g006595	crop5	0	OG04166	0	1	0	8	tandem	defense	1
g006596	crop5	0	OG04163	0	1	0	3	dispersed	other	4
g006597	crop5	0	OG04124	0	1	0	2	transposed	hormone	4
g006598	crop5	1	OG04055	0	1	0	7	tandem	other	2
g006599	crop5	0	OG04201	0	1	0	5	dispersed	hormone	2
g006600	crop5	0	OG04199	0	0	1	1	singleton	kinase	4
g006601	crop5	0	OG04061	0	1	0	7	transposed	hormone	2
g006602	crop5	0	OG04255	0	1	0	7	tandem	other	4
g006603	crop5	0	OG04375	0	1	0	4	dispersed	other	1
g006604	crop5	0	OG04137	0	1	0	11	transposed	defense	3
g006605	crop5	0	OG04262	0	1	0	6	dispersed	kinase	4
g006606	crop5	0	OG04008	0	1	0	8	tandem	transporter	4
g006607	crop5	0	OG04095	0	1	0	10	dispersed	enzyme	3
g006608	crop5	0	OG04078	0	1	0	10	tandem	hormone	3
g006609	crop5	0	OG04086	0	1	0	4	dispersed	enzyme	2
g006610	crop5	0	OG04125	0	1	0	7	tandem	kinase	3
g006611	crop5	0	OG04170	0	1	0	3	transposed	other	4
g006612	crop5	0	OG04376	0	0	1	1	singleton	hormone	3
g006613	crop5	0	OG04347	1	1	0	4	wgd	enzyme	3
g006614	crop5	0	OG04127	0	1	0	7	tandem	enzyme	3
g006615	crop5	0	OG04138	0	0	1	1	singleton	enzyme	3
g006616	crop5	0	OG04091	0	1	0	10	transposed	other	4
g006617	crop5	0	OG04280	0	1	0	4	dispersed	enzyme	3
g006618	crop5	0	OG04183	1	1	0	3	wgd	defense	1
g006619	crop5	0	OG04358	0	1	0	6	tandem	other	1
g006620	crop5	0	OG04116	0	1	0	3	tandem	defense	2
g006621	crop5	0	OG04135	0	0	1	1	singleton	TF	1
g006622	crop5	0	OG04023	1	1	0	6	wgd	transporter	2
g006623	crop5	0	OG04153	0	1	0	5	transposed	TF	2
g006624	crop5	0	OG04339	0	1	0	2	tandem	enzyme	1
g006625	crop5	0	OG04126	1	1	0	10	wgd	enzyme	1
g006626	crop5	0	OG04292	1	1	0	8	wgd	other	1
g006627	crop5	0	OG04277	1	1	0	3	wgd	kinase	4
g006628	crop5	0	OG04098	0	1	0	7	tandem	defense	4
g006629	crop5	0	OG04323	0	1	0	4	dispersed	hormone	2
g006630	crop5	0	OG04181	1	1	0	2	wgd	kinase	4
g006631	crop5	0	OG04382	0	1	0	5	transposed	other	3
g006632	crop5	0	OG04243	0	1	0	3	transposed	TF	2
g006633	crop5	0	OG04186	0	0	1	1	singleton	enzyme	4
g006634	crop5	0	OG04125	0	1	0	4	proximal	enzyme	1
g006635	crop5	0	OG04332	0	1	0	7	dispersed	transporter	4
g006636	crop5	0	OG04340	0	1	0	9	tandem	defense	1
g006637	crop5	0	OG04236	0	1	0	3	transposed	enzyme	3
g006638	crop5	0	OG04264	0	1	0	2	dispersed	TF	4
g006639	crop5	0	OG04271	1	1	0	2	wgd	hormone	2
g006640	crop5	0	OG04155	0	1	0	3	transposed	enzyme	4
g006641	crop5	0	OG04010	1	1	0	4	wgd	transporter	1
g006642	crop5	0	OG04199	0	1	0	6	dispersed	transporter	2
g006643	crop5	0	OG04018	1	1	0	6	wgd	TF	4
g006644	crop5	0	OG04240	0	0	1	1	singleton	enzyme	3
g006645	crop5	0	OG04374	0	0	1	1	singleton	kinase	3
g006646	crop5	0	OG04113	0	1	0	2	dispersed	hormone	3
g006647	crop5	0	OG04354	1	1	0	4	wgd	enzyme	2
g006648	crop5	0	OG04060	0	1	0	3	transposed	hormone	3
g006649	crop5	0	OG04172	1	1	0	7	wgd	TF	2
g006650	crop5	0	OG04061	1	1	0	9	wgd	other	1
g006651	crop5	0	OG04322	0	1	0	10	transposed	other	4
g006652	crop5	0	OG04188	0	1	0	2	tandem	kinase	2
g006653	crop5	0	OG04141	0	1	0	2	dispersed	TF	3
g006654	crop5	0	OG04210	1	1	0	2	wgd	other	3
g006655	crop5	0	OG04164	0	1	0	2	transposed	other	1
g006656	crop5	0	OG04201	0	1	0	11	transposed	other	3
g006657	crop5	0	OG04082	1	1	0	8	wgd	kinase	2
g006658	crop5	0	OG04357	0	1	0	6	tandem	TF	2
g006659	crop5	0	OG04194	0	1	0	9	transposed	transporter	2
g006660	crop5	0	OG04019	1	1	0	5	wgd	other	3
g006661	crop5	0	OG04339	1	1	0	8	wgd	TF	4
g006662	crop5	0	OG04196	1	1	0	7	wgd	defense	1
g006663	crop5	0	OG04280	0	1	0	10	proximal	defense	2
g006664	crop5	0	OG04166	1	1	0	3	wgd	kinase	1
g006665	crop5	0	OG04166	0	1	0	11	tandem	kinase	4
g006666	crop5	0	OG04295	0	1	0	8	tandem	enzyme	1
g006667	crop5	0	OG04353	0	1	0	6	proximal	other	4
g006668	crop5	0	OG04391	0	1	0	3	proximal	other	1
g006669	crop5	1	OG04114	1	1	0	2	wgd	TF	4
g006670	crop5	0	OG04017	1	1	0	10	wgd	other	3
g006671	crop5	0	OG04113	0	1	0	7	proximal	other	2
g006672	crop5	0	OG04154	1	1	0	4	wgd	enzyme	2
g006673	crop5	0	OG04013	0	1	0	2	dispersed	transporter	1
g006674	crop5	0	OG04161	0	1	0	5	dispersed	enzyme	1
g006675	crop5	0	OG04051	0	1	0	10	dispersed	transporter	4
g006676	crop5	0	OG04005	0	1	0	2	tandem	other	1
g006677	crop5	1	OG04193	1	1	0	9	wgd	hormone	2
g006678	crop5	0	OG04346	1	1	0	3	wgd	TF	2
g006679	crop5	0	OG04043	0	1	0	2	dispersed	other	4
g006680	crop5	0	OG04069	0	1	0	7	transposed	other	2
g006681	crop5	0	OG04011	0	1	0	7	proximal	transporter	4
g006682	crop5	0	OG04070	1	1	0	4	wgd	hormone	1
g006683	crop5	0	OG04170	0	1	0	4	tandem	defense	1
g006684	crop5	0	OG04108	0	1	0	10	dispersed	enzyme	1
g006685	crop5	0	OG04258	0	1	0	8	dispersed	transporter	2
g006686	crop5	0	OG04147	0	1	0	9	transposed	enzyme	1
g006687	crop5	0	OG04370	1	1	0	7	wgd	transporter	4
g006688	crop5	0	OG04123	1	1	0	9	wgd	TF	3
g006689	crop5	0	OG04159	0	1	0	4	dispersed	enzyme	2
g006690	crop5	0	OG04261	0	1	0	11	dispersed	other	3
g006691	crop5	0	OG04059	1	1	0	9	wgd	TF	2
g006692	crop5	0	OG04312	0	1	0	3	tandem	defense	4
g006693	crop5	0	OG04206	1	1	0	11	wgd	enzyme	2
g006694	crop5	0	OG04327	1	1	0	2	wgd	TF	3
g006695	crop5	0	OG04347	1	1	0	2	wgd	other	3
g006696	crop5	0	OG04342	0	1	0	4	transposed	other	3
g006697	crop5	0	OG04066	1	1	0	8	wgd	TF	1
g006698	crop5	0	OG04370	0	0	1	1	singleton	TF	4
g006699	crop5	0	OG04285	1	1	0	8	wgd	enzyme	1
g006700	crop5	0	OG04387	0	1	0	3	transposed	defense	3
g006701	crop5	0	OG04146	0	1	0	8	transposed	transporter	2
g006702	crop5	0	OG04003	0	1	0	2	dispersed	TF	4
g006703	crop5	0	OG04285	1	1	0	4	wgd	enzyme	4
g006704	crop5	0	OG04319	0	1	0	10	dispersed	enzyme	2
g006705	crop5	0	OG04282	1	1	0	5	wgd	defense	3
g006706	crop5	0	OG04383	0	1	0	5	tandem	transporter	4
g006707	crop5	0	OG04187	0	1	0	6	dispersed	transporter	1
g006708	crop5	0	OG04261	0	0	1	1	singleton	other	2
g006709	crop5	0	OG04155	0	1	0	10	dispersed	transporter	2
g006710	crop5	0	OG04392	0	1	0	8	tandem	TF	3
g006711	crop5	0	OG04014	1	1	0	8	wgd	hormone	4
g006712	crop5	0	OG04028	1	1	0	5	wgd	enzyme	3
g006713	crop5	0	OG04387	0	1	0	3	tandem	transporter	3
g006714	crop5	0	OG04027	0	1	0	6	dispersed	TF	3
g006715	crop5	0	OG04192	0	1	0	4	tandem	enzyme	2
g006716	crop5	0	OG04109	0	0	1	1	singleton	kinase	1
g006717	crop5	0	OG04164	1	1	0	8	wgd	enzyme	2
g006718	crop5	0	OG04363	0	1	0	6	transposed	enzyme	2
g006719	crop5	0	OG04159	0	1	0	3	tandem	kinase	1
g006720	crop5	0	OG04327	0	1	0	7	tandem	defense	3
g006721	crop5	0	OG04025	0	0	1	1	singleton	defense	4
g006722	crop5	0	OG04275	0	1	0	9	tandem	defense	2
g006723	crop5	0	OG04351	0	1	0	7	dispersed	other	2
g006724	crop5	0	OG04098	0	1	0	9	proximal	TF	1
g006725	crop5	0	OG04185	0	0	1	1	singleton	kinase	2
g006726	crop5	0	OG04208	0	1	0	11	tandem	defense	4
g006727	crop5	0	OG04231	0	1	0	4	dispersed	transporter	2
g006728	crop5	0	OG04166	1	1	0	9	wgd	enzyme	3
g006729	crop5	0	OG04006	1	1	0	7	wgd	TF	3
g006730	crop5	0	OG04044	1	1	0	9	wgd	TF	4
g006731	crop5	0	OG04078	0	1	0	6	transposed	other	1
g006732	crop5	1	OG04110	0	1	0	8	transposed	kinase	2
g006733	crop5	0	OG04059	0	1	0	9	dispersed	other	4
g006734	crop5	0	OG04298	0	1	0	4	tandem	enzyme	2
g006735	crop5	0	OG04067	0	1	0	3	transposed	transporter	1
g006736	crop5	0	OG04151	0	1	0	2	dispersed	hormone	1
g006737	crop5	0	OG04172	0	1	0	4	transposed	defense	4
g006738	crop5	0	OG04083	0	1	0	4	proximal	defense	4
g006739	crop5	0	OG04241	0	1	0	10	transposed	other	3
g006740	crop5	0	OG04319	0	1	0	6	transposed	enzyme	2
g006741	crop5	0	OG04350	1	1	0	11	wgd	enzyme	4
g006742	crop5	0	OG04293	0	0	1	1	singleton	enzyme	4
g006743	crop5	0	OG04223	0	1	0	9	dispersed	TF	2
g006744	crop5	0	OG04113	1	1	0	10	wgd	hormone	3
g006745	crop5	0	OG04288	0	1	0	2	dispersed	other	4
g006746	crop5	0	OG04257	0	1	0	6	transposed	other	2
g006747	crop5	0	OG04006	1	1	0	2	wgd	hormone	4
g006748	crop5	0	OG04384	1	1	0	3	wgd	TF	2
g006749	crop5	0	OG04095	0	1	0	11	tandem	enzyme	3
g006750	crop5	0	OG04216	0	1	0	4	proximal	enzyme	2
g006751	crop5	0	OG04132	0	0	1	1	singleton	transporter	4
g006752	crop5	0	OG04082	0	1	0	4	tandem	TF	2
g006753	crop5	0	OG04243	0	0	1	1	singleton	transporter	3
g006754	crop5	0	OG04271	0	0	1	1	singleton	other	2
g006755	crop5	0	OG04076	0	1	0	6	tandem	defense	3
g006756	crop5	0	OG04073	1	1	0	3	wgd	enzyme	2
g006757	crop5	0	OG04290	1	1	0	3	wgd	TF	4
g006758	crop5	0	OG04383	0	1	0	10	transposed	TF	3
g006759	crop5	0	OG04242	0	1	0	4	dispersed	TF	3
g006760	crop5	0	OG04239	0	1	0	10	transposed	kinase	2
g006761	crop5	0	OG04330	1	1	0	6	wgd	TF	4
g006762	crop5	0	OG04374	1	1	0	9	wgd	TF	4
g006763	crop5	0	OG04199	0	1	0	4	transposed	other	1
g006764	crop5	1	OG04163	0	1	0	10	dispersed	TF	3
g006765	crop5	0	OG04026	1	1	0	4	wgd	transporter	3
g006766	crop5	0	OG04277	0	1	0	6	transposed	other	3
g006767	crop5	0	OG04201	1	1	0	3	wgd	defense	2
g006768	crop5	0	OG04150	0	1	0	7	transposed	transporter	2
g006769	crop5	0	OG04226	0	1	0	4	transposed	transporter	3
g006770	crop5	0	OG04337	1	1	0	10	wgd	hormone	2
g006771	crop5	0	OG04127	0	1	0	10	transposed	other	2
g006772	crop5	0	OG04013	0	1	0	8	proximal	other	3
g006773	crop5	0	OG04040	0	1	0	10	transposed	kinase	2
g006774	crop5	0	OG04329	0	1	0	6	tandem	kinase	3
g006775	crop5	0	OG04150	1	1	0	9	wgd	TF	4
g006776	crop5	0	OG04381	0	1	0	8	transposed	other	4
g006777	crop5	0	OG04294	1	1	0	11	wgd	transporter	4
g006778	crop5	0	OG04019	0	1	0	6	transposed	hormone	1
g006779	crop5	0	OG04301	0	1	0	4	dispersed	other	2
g006780	crop5	0	OG04335	1	1	0	7	wgd	other	3
g006781	crop5	0	OG04234	0	1	0	5	transposed	other	2
g006782	crop5	0	OG04346	0	1	0	4	transposed	enzyme	4
g006783	crop5	0	OG04144	0	1	0	9	tandem	enzyme	1
g006784	crop5	0	OG04398	0	1	0	5	tandem	defense	2
g006785	crop5	0	OG04372	0	1	0	8	transposed	transporter	2
g006786	crop5	0	OG04312	0	1	0	4	dispersed	other	2
g006787	crop5	0	OG04323	0	0	1	1	singleton	hormone	4
g006788	crop5	0	OG04197	0	1	0	10	tandem	hormone	3
g006789	crop5	0	OG04059	1	1	0	7	wgd	hormone	2
g006790	crop5	0	OG04260	1	1	0	5	wgd	TF	3
g006791	crop5	0	OG04300	0	0	1	1	singleton	other	1
g006792	crop5	0	OG04255	1	1	0	9	wgd	transporter	4
g006793	crop5	0	OG04232	0	1	0	9	transposed	other	3
g006794	crop5	0	OG04073	0	1	0	6	transposed	defense	1
g006795	crop5	0	OG04317	0	0	1	1	singleton	TF	4
g006796	crop5	0	OG04349	0	1	0	8	dispersed	enzyme	4
g006797	crop5	0	OG04331	1	1	0	11	wgd	enzyme	1
g006798	crop5	0	OG04265	0	1	0	2	transposed	transporter	1
g006799	crop5	0	OG04114	0	1	0	5	dispersed	defense	4
g006800	crop5	0	OG04269	0	1	0	7	dispersed	enzyme	4
g006801	crop5	0	OG04279	0	1	0	2	dispersed	transporter	4
g006802	crop5	0	OG04327	0	1	0	2	transposed	enzyme	3
g006803	crop5	0	OG04195	0	0	1	1	singleton	defense	4
g006804	crop5	0	OG04152	0	0	1	1	singleton	TF	1
g006805	crop5	0	OG04181	1	1	0	3	wgd	TF	3
g006806	crop5	0	OG04230	0	1	0	7	transposed	defense	3
g006807	crop5	0	OG04129	1	1	0	10	wgd	TF	4
g006808	crop5	0	OG04037	0	1	0	8	dispersed	defense	1
g006809	crop5	0	OG04185	0	0	1	1	singleton	defense	2
g006810	crop5	0	OG04259	1	1	0	4	wgd	kinase	3
g006811	crop5	0	OG04142	0	1	0	7	transposed	other	1
g006812	crop5	0	OG04218	0	1	0	11	tandem	other	2
g006813	crop5	0	OG04231	0	1	0	6	dispersed	TF	1
g006814	crop5	0	OG04383	1	1	0	6	wgd	TF	1
g006815	crop5	0	OG04384	1	1	0	7	wgd	enzyme	1
g006816	crop5	0	OG04346	1	1	0	11	wgd	kinase	2
g006817	crop5	0	OG04058	1	1	0	2	wgd	hormone	4
g006818	crop5	0	OG04259	1	1	0	3	wgd	hormone	3
g006819	crop5	0	OG04018	0	1	0	10	dispersed	defense	3
g006820	crop5	0	OG04018	1	1	0	3	wgd	defense	3
g006821	crop5	0	OG04311	0	1	0	6	transposed	kinase	4
g006822	crop5	0	OG04297	0	0	1	1	singleton	kinase	4
g006823	crop5	0	OG04011	0	1	0	7	dispersed	TF	4
g006824	crop5	0	OG04240	0	1	0	4	tandem	other	3
g006825	crop5	0	OG04359	1	1	0	9	wgd	hormone	4
g006826	crop5	0	OG04355	1	1	0	7	wgd	enzyme	2
g006827	crop5	0	OG04045	0	1	0	10	dispersed	other	1
g006828	crop5	0	OG04102	0	0	1	1	singleton	other	1
g006829	crop5	0	OG04244	0	1	0	11	transposed	transporter	4
g006830	crop5	0	OG04024	1	1	0	5	wgd	enzyme	4
g006831	crop5	1	OG04248	1	1	0	11	wgd	kinase	3
g006832	crop5	0	OG04047	1	1	0	6	wgd	TF	3
g006833	crop5	0	OG04233	1	1	0	8	wgd	defense	1
g006834	crop5	0	OG04343	1	1	0	11	wgd	TF	3
g006835	crop5	0	OG04388	0	0	1	1	singleton	other	1
g006836	crop5	0	OG04062	0	1	0	8	tandem	other	2
g006837	crop5	0	OG04393	1	1	0	7	wgd	TF	2
g006838	crop5	0	OG04065	0	0	1	1	singleton	enzyme	1
g006839	crop5	0	OG04251	0	0	1	1	singleton	TF	3
g006840	crop5	0	OG04164	1	1	0	6	wgd	TF	1
g006841	crop5	0	OG04155	1	1	0	8	wgd	hormone	2
g006842	crop5	0	OG04025	0	1	0	7	dispersed	transporter	4
g006843	crop5	0	OG04339	0	1	0	9	proximal	enzyme	3
g006844	crop5	0	OG04369	0	1	0	7	dispersed	TF	3
g006845	crop5	0	OG04123	0	1	0	6	tandem	transporter	3
g006846	crop5	0	OG04010	0	1	0	8	dispersed	enzyme	4
g006847	crop5	0	OG04045	1	1	0	5	wgd	TF	1
g006848	crop5	0	OG04188	0	1	0	7	transposed	hormone	4
g006849	crop5	0	OG04260	0	1	0	8	dispersed	hormone	2
g006850	crop5	0	OG04357	1	1	0	6	wgd	transporter	1
g006851	crop5	0	OG04330	0	0	1	1	singleton	other	4
g006852	crop5	0	OG04052	0	0	1	1	singleton	other	4
g006853	crop5	0	OG04208	0	0	1	1	singleton	enzyme	1
g006854	crop5	0	OG04120	0	1	0	11	transposed	other	2
g006855	crop5	0	OG04315	0	1	0	9	transposed	hormone	3
g006856	crop5	0	OG04161	0	1	0	5	dispersed	TF	3
g006857	crop5	0	OG04151	1	1	0	7	wgd	defense	2
g006858	crop5	0	OG04071	1	1	0	3	wgd	enzyme	2
g006859	crop5	0	OG04175	0	0	1	1	singleton	TF	3
g006860	crop5	0	OG04105	0	1	0	2	proximal	enzyme	4
g006861	crop5	0	OG04278	0	1	0	9	dispersed	kinase	2
g006862	crop5	0	OG04195	0	1	0	5	dispersed	other	4
g006863	crop5	0	OG04175	1	1	0	11	wgd	TF	3
g006864	crop5	0	OG04394	0	1	0	9	transposed	defense	1
g006865	crop5	0	OG04140	0	1	0	9	transposed	TF	2
g006866	crop5	0	OG04119	1	1	0	2	wgd	kinase	1
g006867	crop5	0	OG04251	0	1	0	3	transposed	kinase	2
g006868	crop5	0	OG04017	1	1	0	8	wgd	transporter	3
g006869	crop5	0	OG04207	0	1	0	9	dispersed	other	2
g006870	crop5	0	OG04283	0	1	0	5	transposed	TF	4
g006871	crop5	0	OG04016	0	1	0	10	dispersed	hormone	1
g006872	crop5	0	OG04385	0	1	0	8	transposed	other	1
g006873	crop5	0	OG04339	0	1	0	5	transposed	enzyme	3
g006874	crop5	0	OG04069	0	1	0	7	transposed	defense	1
g006875	crop5	0	OG04095	0	1	0	5	transposed	other	1
g006876	crop5	0	OG04286	0	1	0	4	dispersed	kinase	1
g006877	crop5	0	OG04398	1	1	0	5	wgd	kinase	1
g006878	crop5	0	OG04135	0	1	0	4	dispersed	transporter	2
g006879	crop5	0	OG04194	0	1	0	2	tandem	other	3
g006880	crop5	0	OG04177	0	1	0	3	transposed	other	1
g006881	crop5	0	OG04216	0	1	0	2	transposed	defense	2
g006882	crop5	0	OG04357	0	1	0	4	dispersed	hormone	4
g006883	crop5	0	OG04026	0	0	1	1	singleton	transporter	1
g006884	crop5	0	OG04022	0	1	0	7	tandem	enzyme	1
g006885	crop5	0	OG04169	0	1	0	8	tandem	other	3
g006886	crop5	0	OG04246	0	1	0	11	dispersed	enzyme	4
g006887	crop5	0	OG04237	0	1	0	3	dispersed	other	4
g006888	crop5	0	OG04295	0	1	0	11	transposed	other	4
g006889	crop5	0	OG04058	0	1	0	4	dispersed	transporter	1
g006890	crop5	0	OG04354	0	1	0	11	dispersed	hormone	3
g006891	crop5	0	OG04289	0	1	0	9	transposed	other	4
g006892	crop5	0	OG04143	0	1	0	3	proximal	defense	2
g006893	crop5	0	OG04032	0	1	0	8	transposed	TF	4
g006894	crop5	0	OG04270	1	1	0	6	wgd	hormone	4
g006895	crop5	0	OG04231	0	1	0	4	dispersed	transporter	4
g006896	crop5	0	OG04187	0	1	0	4	transposed	other	1
g006897	crop5	0	OG04368	0	1	0	11	dispersed	other	4
g006898	crop5	0	OG04399	0	0	1	1	singleton	enzyme	4
g006899	crop5	0	OG04300	0	1	0	9	tandem	TF	4
g006900	crop5	0	OG04258	0	0	1	1	singleton	defense	4
g006901	crop5	0	OG04377	0	1	0	10	dispersed	kinase	3
g006902	crop5	0	OG04109	1	1	0	4	wgd	TF	1
g006903	crop5	0	OG04160	0	1	0	9	transposed	TF	4
g006904	crop5	0	OG04277	0	1	0	11	transposed	other	2
g006905	crop5	0	OG04240	0	1	0	9	transposed	hormone	3
g006906	crop5	0	OG04098	0	1	0	9	dispersed	enzyme	4
g006907	crop5	0	OG04026	1	1	0	10	wgd	transporter	2
g006908	crop5	0	OG04360	1	1	0	4	wgd	enzyme	3
g006909	crop5	0	OG04055	0	1	0	2	transposed	transporter	3
g006910	crop5	0	OG04205	0	1	0	8	dispersed	transporter	3
g006911	crop5	0	OG04298	1	1	0	10	wgd	other	2
g006912	crop5	0	OG04160	1	1	0	11	wgd	other	1
g006913	crop5	0	OG04157	0	1	0	8	transposed	transporter	3
g006914	crop5	0	OG04170	0	1	0	11	dispersed	TF	2
g006915	crop5	0	OG04149	0	0	1	1	singleton	transporter	1
g006916	crop5	0	OG04171	0	1	0	2	tandem	hormone	4
g006917	crop5	0	OG04259	1	1	0	11	wgd	hormone	1
g006918	crop5	0	OG04235	0	1	0	9	tandem	other	1
g006919	crop5	0	OG04200	0	1	0	10	transposed	defense	3
g006920	crop5	0	OG04298	0	1	0	10	tandem	defense	4
g006921	crop5	0	OG04114	0	1	0	11	transposed	other	4
g006922	crop5	0	OG04178	0	0	1	1	singleton	other	4
g006923	crop5	0	OG04055	1	1	0	10	wgd	hormone	3
g006924	crop5	0	OG04392	0	1	0	9	transposed	other	2
g006925	crop5	0	OG04312	1	1	0	7	wgd	other	1
g006926	crop5	0	OG04316	1	1	0	7	wgd	TF	2
g006927	crop5	0	OG04002	0	1	0	2	transposed	transporter	4
g006928	crop5	0	OG04298	0	1	0	7	tandem	enzyme	2
g006929	crop5	0	OG04167	1	1	0	7	wgd	defense	3
g006930	crop5	0	OG04327	0	1	0	8	transposed	defense	4
g006931	crop5	0	OG04273	0	1	0	2	dispersed	other	2
g006932	crop5	0	OG04378	0	1	0	9	dispersed	enzyme	2
g006933	crop5	0	OG04045	0	1	0	11	dispersed	TF	3
g006934	crop5	0	OG04052	1	1	0	4	wgd	other	1
g006935	crop5	0	OG04305	0	1	0	4	transposed	other	1
g006936	crop5	0	OG04248	0	0	1	1	singleton	enzyme	2
g006937	crop5	0	OG04322	0	1	0	5	proximal	defense	1
g006938	crop5	0	OG04192	0	1	0	11	dispersed	TF	4
g006939	crop5	0	OG04365	0	1	0	10	tandem	defense	2
g006940	crop5	0	OG04379	0	1	0	8	transposed	enzyme	2
g006941	crop5	0	OG04034	0	1	0	3	dispersed	other	2
g006942	crop5	0	OG04339	0	1	0	9	transposed	defense	3
g006943	crop5	0	OG04350	1	1	0	7	wgd	hormone	4
g006944	crop5	0	OG04372	0	1	0	9	dispersed	transporter	4
g006945	crop5	0	OG04039	0	1	0	10	transposed	other	3
g006946	crop5	0	OG04133	0	1	0	6	tandem	enzyme	4
g006947	crop5	0	OG04132	1	1	0	8	wgd	defense	1
g006948	crop5	0	OG04294	1	1	0	9	wgd	other	4
g006949	crop5	0	OG04087	0	0	1	1	singleton	transporter	1
g006950	crop5	0	OG04358	1	1	0	2	wgd	transporter	2
g006951	crop5	0	OG04334	1	1	0	7	wgd	other	3
g006952	crop5	0	OG04066	0	0	1	1	singleton	other	3
g006953	crop5	0	OG04117	0	1	0	2	dispersed	kinase	1
g006954	crop5	0	OG04264	1	1	0	5	wgd	kinase	2
g006955	crop5	0	OG04009	1	1	0	4	wgd	kinase	1
g006956	crop5	0	OG04235	0	1	0	10	dispersed	TF	1
g006957	crop5	0	OG04181	0	1	0	5	tandem	defense	1
g006958	crop5	0	OG04050	1	1	0	6	wgd	defense	1
g006959	crop5	0	OG04196	0	0	1	1	singleton	transporter	1
g006960	crop5	0	OG04132	1	1	0	2	wgd	other	1
g006961	crop5	0	OG04284	0	1	0	5	transposed	other	1
g006962	crop5	0	OG04208	0	1	0	11	transposed	TF	2
g006963	crop5	0	OG04133	0	1	0	10	dispersed	enzyme	2
g006964	crop5	0	OG04259	0	1	0	7	dispersed	kinase	1
g006965	crop5	0	OG04040	0	1	0	4	transposed	transporter	1
g006966	crop5	0	OG04325	0	1	0	10	dispersed	other	4
g006967	crop5	0	OG04385	0	1	0	11	dispersed	enzyme	1
g006968	crop5	0	OG04268	0	1	0	11	transposed	other	4
g006969	crop5	0	OG04238	0	0	1	1	singleton	transporter	4
g006970	crop5	0	OG04293	0	1	0	8	transposed	enzyme	4
g006971	crop5	0	OG04124	1	1	0	5	wgd	other	2
g006972	crop5	0	OG04317	0	1	0	8	dispersed	defense	2
g006973	crop5	0	OG04135	0	1	0	2	dispersed	hormone	2
g006974	crop5	0	OG04205	0	1	0	6	dispersed	other	1
g006975	crop5	0	OG04155	0	0	1	1	singleton	other	4
g006976	crop5	0	OG04392	0	1	0	7	tandem	enzyme	1
g006977	crop5	0	OG04224	1	1	0	10	wgd	defense	4
g006978	crop5	0	OG04268	1	1	0	10	wgd	TF	2
g006979	crop5	0	OG04025	1	1	0	3	wgd	hormone	3
g006980	crop5	0	OG04034	0	1	0	5	dispersed	other	2
g006981	crop5	0	OG04320	0	1	0	7	tandem	enzyme	2
g006982	crop5	0	OG04303	1	1	0	10	wgd	other	2
g006983	crop5	0	OG04067	1	1	0	7	wgd	kinase	1
g006984	crop5	0	OG04359	0	1	0	11	tandem	defense	2
g006985	crop5	0	OG04217	0	1	0	11	transposed	enzyme	2
g006986	crop5	0	OG04093	0	1	0	8	dispersed	other	3
g006987	crop5	0	OG04328	1	1	0	9	wgd	defense	2
g006988	crop5	0	OG04270	1	1	0	4	wgd	TF	1
g006989	crop5	0	OG04045	0	0	1	1	singleton	other	1
g006990	crop5	0	OG04391	0	1	0	2	dispersed	other	3
g006991	crop5	0	OG04026	0	1	0	6	tandem	enzyme	4
g006992	crop5	0	OG04127	1	1	0	6	wgd	TF	1
g006993	crop5	0	OG04211	0	1	0	2	dispersed	defense	3
g006994	crop5	0	OG04028	0	1	0	6	tandem	enzyme	1
g006995	crop5	0	OG04213	0	1	0	10	transposed	defense	2
g006996	crop5	0	OG04151	0	0	1	1	singleton	defense	3
g006997	crop5	0	OG04124	0	1	0	10	tandem	enzyme	2
g006998	crop5	0	OG04363	0	1	0	5	dispersed	enzyme	2
g006999	crop5	0	OG04193	0	1	0	5	dispersed	TF	4
g007000	crop5	0	OG04348	0	0	1	1	singleton	transporter	1
g007001	crop5	0	OG04248	0	1	0	4	dispersed	other	2
g007002	crop5	0	OG04209	0	1	0	2	tandem	other	3
g007003	crop5	0	OG04337	0	1	0	5	transposed	other	4
g007004	crop5	0	OG04123	0	1	0	10	transposed	hormone	2
g007005	crop5	0	OG04198	1	1	0	8	wgd	transporter	4
g007006	crop5	0	OG04177	0	1	0	7	transposed	defense	1
g007007	crop5	0	OG04047	0	1	0	6	tandem	defense	1
g007008	crop5	1	OG04096	1	1	0	10	wgd	other	4
g007009	crop5	0	OG04246	0	1	0	3	dispersed	kinase	1
g007010	crop5	0	OG04287	0	0	1	1	singleton	TF	4
g007011	crop5	0	OG04140	0	1	0	6	tandem	defense	3
g007012	crop5	0	OG04101	0	1	0	10	transposed	other	1
g007013	crop5	1	OG04270	0	1	0	8	transposed	enzyme	3
g007014	crop5	0	OG04163	0	1	0	11	dispersed	TF	1
g007015	crop5	0	OG04054	0	0	1	1	singleton	enzyme	1
g007016	crop5	0	OG04057	0	0	1	1	singleton	hormone	1
g007017	crop5	0	OG04224	1	1	0	4	wgd	TF	3
g007018	crop5	0	OG04305	1	1	0	6	wgd	other	4
g007019	crop5	0	OG04027	0	1	0	3	proximal	kinase	4
g007020	crop5	0	OG04368	0	1	0	8	transposed	other	1
g007021	crop5	0	OG04041	0	1	0	3	transposed	TF	1
g007022	crop5	0	OG04332	0	1	0	5	dispersed	TF	2
g007023	crop5	0	OG04102	0	1	0	10	transposed	TF	3
g007024	crop5	0	OG04330	1	1	0	8	wgd	other	4
g007025	crop5	0	OG04078	0	1	0	6	transposed	other	1
g007026	crop5	0	OG04381	0	1	0	7	transposed	TF	3
g007027	crop5	0	OG04245	0	1	0	10	dispersed	enzyme	3
g007028	crop5	0	OG04221	0	0	1	1	singleton	kinase	2
g007029	crop5	0	OG04390	0	1	0	4	tandem	defense	3
g007030	crop5	0	OG04272	1	1	0	5	wgd	hormone	2
g007031	crop5	0	OG04051	1	1	0	4	wgd	defense	3
g007032	crop5	0	OG04247	0	1	0	7	transposed	enzyme	3
g007033	crop5	0	OG04154	0	1	0	5	dispersed	other	4
g007034	crop5	0	OG04039	0	1	0	9	transposed	enzyme	3
g007035	crop5	0	OG04053	0	1	0	11	transposed	enzyme	3
g007036	crop5	0	OG04066	0	0	1	1	singleton	kinase	3
g007037	crop5	0	OG04160	0	1	0	6	dispersed	transporter	2
g007038	crop5	0	OG04305	1	1	0	7	wgd	transporter	2
g007039	crop5	0	OG04015	0	1	0	3	transposed	other	1
g007040	crop5	0	OG04377	0	1	0	2	transposed	other	4
g007041	crop5	0	OG04240	0	1	0	7	dispersed	other	1
g007042	crop5	0	OG04312	0	0	1	1	singleton	enzyme	1
g007043	crop5	0	OG04387	0	1	0	6	dispersed	hormone	2
g007044	crop5	1	OG04063	0	1	0	9	tandem	kinase	2
g007045	crop5	0	OG04075	1	1	0	9	wgd	kinase	1
g007046	crop5	0	OG04000	0	1	0	7	tandem	TF	4
g007047	crop5	0	OG04001	0	1	0	6	dispersed	enzyme	4
g007048	crop5	0	OG04229	0	1	0	4	transposed	kinase	2
g007049	crop5	0	OG04111	0	1	0	7	transposed	other	1
g007050	crop5	0	OG04274	0	1	0	8	tandem	hormone	3
g007051	crop5	0	OG04002	0	1	0	10	tandem	defense	2
g007052	crop5	0	OG04279	1	1	0	10	wgd	hormone	1
g007053	crop5	0	OG04353	0	1	0	11	dispersed	enzyme	2
g007054	crop5	0	OG04288	0	1	0	5	tandem	defense	2
g007055	crop5	0	OG04100	1	1	0	3	wgd	TF	3
g007056	crop5	0	OG04147	1	1	0	10	wgd	enzyme	4
g007057	crop5	0	OG04396	0	1	0	5	tandem	transporter	4
g007058	crop5	0	OG04120	0	1	0	2	proximal	kinase	4
g007059	crop5	0	OG04177	1	1	0	7	wgd	kinase	1
g007060	crop5	0	OG04249	0	1	0	10	dispersed	kinase	2
g007061	crop5	0	OG04338	0	1	0	8	tandem	enzyme	2
g007062	crop5	0	OG04058	0	1	0	6	transposed	TF	4
g007063	crop5	0	OG04221	0	1	0	6	transposed	other	1
g007064	crop5	0	OG04180	0	1	0	10	tandem	other	2
g007065	crop5	0	OG04293	0	1	0	8	transposed	other	4
g007066	crop5	1	OG04073	0	1	0	4	tandem	defense	2
g007067	crop5	0	OG04268	0	1	0	4	transposed	enzyme	4
g007068	crop5	0	OG04193	0	0	1	1	singleton	other	4
g007069	crop5	0	OG04382	0	1	0	10	tandem	enzyme	2
g007070	crop5	0	OG04078	0	0	1	1	singleton	enzyme	4
g007071	crop5	0	OG04319	1	1	0	4	wgd	TF	4
g007072	crop5	0	OG04155	1	1	0	3	wgd	enzyme	4
g007073	crop5	0	OG04356	0	1	0	11	dispersed	enzyme	4
g007074	crop5	0	OG04165	1	1	0	7	wgd	transporter	2
g007075	crop5	0	OG04172	0	1	0	9	transposed	other	2
g007076	crop5	0	OG04272	0	1	0	9	dispersed	TF	1
g007077	crop5	0	OG04207	0	1	0	3	proximal	hormone	3
g007078	crop5	0	OG04176	0	1	0	9	dispersed	hormone	2
g007079	crop5	0	OG04142	0	1	0	8	transposed	hormone	3
g007080	crop5	0	OG04204	1	1	0	8	wgd	TF	3
g007081	crop5	0	OG04122	1	1	0	9	wgd	hormone	1
g007082	crop5	0	OG04360	0	1	0	9	dispersed	other	4
g007083	crop5	0	OG04348	0	1	0	10	tandem	defense	3
g007084	crop5	0	OG04233	0	1	0	8	dispersed	enzyme	4
g007085	crop5	0	OG04174	0	1	0	8	dispersed	defense	4
g007086	crop5	0	OG04353	0	1	0	5	dispersed	other	2
g007087	crop5	0	OG04067	1	1	0	2	wgd	enzyme	1
g007088	crop5	0	OG04382	0	1	0	5	transposed	other	1
g007089	crop5	1	OG04037	1	1	0	10	wgd	other	4
g007090	crop5	0	OG04070	0	0	1	1	singleton	defense	2
g007091	crop5	0	OG04338	0	1	0	5	transposed	other	3
g007092	crop5	0	OG04325	0	0	1	1	singleton	kinase	3
g007093	crop5	0	OG04144	1	1	0	5	wgd	other	4
g007094	crop5	0	OG04197	0	1	0	5	dispersed	other	2
g007095	crop5	0	OG04141	0	1	0	9	dispersed	kinase	4
g007096	crop5	0	OG04156	1	1	0	7	wgd	TF	1
g007097	crop5	0	OG04338	1	1	0	10	wgd	other	1
g007098	crop5	0	OG04077	0	1	0	11	transposed	hormone	2
g007099	crop5	0	OG04220	0	1	0	2	transposed	transporter	2
g007100	crop5	0	OG04349	0	0	1	1	singleton	enzyme	1
g007101	crop5	0	OG04257	0	0	1	1	singleton	enzyme	1
g007102	crop5	0	OG04206	0	0	1	1	singleton	defense	2
g007103	crop5	0	OG04379	0	1	0	2	transposed	kinase	3
g007104	crop5	0	OG04043	1	1	0	2	wgd	other	3
g007105	crop5	0	OG04381	0	1	0	5	dispersed	enzyme	1
g007106	crop5	0	OG04244	0	1	0	6	tandem	defense	2
g007107	crop5	0	OG04264	0	1	0	7	transposed	defense	2
g007108	crop5	0	OG04357	1	1	0	8	wgd	enzyme	3
g007109	crop5	1	OG04364	1	1	0	5	wgd	TF	1
g007110	crop5	0	OG04380	1	1	0	8	wgd	transporter	3
g007111	crop5	0	OG04286	0	1	0	9	tandem	defense	3
g007112	crop5	0	OG04065	0	1	0	11	proximal	hormone	2
g007113	crop5	0	OG04203	0	1	0	8	tandem	enzyme	1
g007114	crop5	0	OG04394	1	1	0	7	wgd	defense	4
g007115	crop5	0	OG04336	0	1	0	4	transposed	enzyme	3
g007116	crop5	0	OG04379	0	1	0	9	transposed	transporter	3
g007117	crop5	0	OG04104	1	1	0	7	wgd	defense	2
g007118	crop5	0	OG04261	1	1	0	10	wgd	enzyme	1
g007119	crop5	0	OG04168	0	0	1	1	singleton	enzyme	1
g007120	crop5	0	OG04190	1	1	0	7	wgd	other	1
g007121	crop5	0	OG04252	0	1	0	8	transposed	enzyme	3
g007122	crop5	0	OG04089	1	1	0	8	wgd	TF	3
g007123	crop5	0	OG04165	0	1	0	4	tandem	enzyme	1
g007124	crop5	0	OG04359	0	1	0	6	tandem	other	1
g007125	crop5	0	OG04114	1	1	0	3	wgd	TF	4
g007126	crop5	0	OG04061	0	1	0	7	dispersed	other	1
g007127	crop5	0	OG04398	0	1	0	6	transposed	kinase	3
g007128	crop5	0	OG04328	0	1	0	3	dispersed	transporter	1
g007129	crop5	0	OG04051	1	1	0	11	wgd	enzyme	2
g007130	crop5	0	OG04193	1	1	0	2	wgd	hormone	4
g007131	crop5	0	OG04070	1	1	0	4	wgd	TF	1
g007132	crop5	0	OG04352	0	1	0	10	proximal	other	2
g007133	crop5	0	OG04325	1	1	0	3	wgd	hormone	3
g007134	crop5	1	OG04337	0	1	0	4	tandem	TF	3
g007135	crop5	0	OG04354	0	1	0	9	transposed	TF	1
g007136	crop5	0	OG04185	0	1	0	9	transposed	transporter	2
g007137	crop5	0	OG04050	0	1	0	8	transposed	TF	2
g007138	crop5	0	OG04284	1	1	0	11	wgd	kinase	4
g007139	crop5	0	OG04221	0	1	0	2	dispersed	other	4
g007140	crop5	0	OG04133	1	1	0	9	wgd	TF	4
g007141	crop5	0	OG04291	0	1	0	7	dispersed	kinase	3
g007142	crop5	0	OG04216	0	1	0	9	dispersed	defense	3
g007143	crop5	1	OG04328	1	1	0	10	wgd	transporter	3
g007144	crop5	0	OG04383	0	1	0	9	transposed	enzyme	4
g007145	crop5	0	OG04327	0	0	1	1	singleton	hormone	4
g007146	crop5	0	OG04184	0	1	0	10	transposed	enzyme	3
g007147	crop5	0	OG04230	0	1	0	2	dispersed	other	2
g007148	crop5	0	OG04275	0	1	0	7	transposed	defense	2
g007149	crop5	0	OG04362	0	1	0	3	dispersed	transporter	4
g007150	crop5	0	OG04188	1	1	0	5	wgd	hormone	3
g007151	crop5	0	OG04339	1	1	0	4	wgd	other	3
g007152	crop5	0	OG04395	1	1	0	2	wgd	kinase	4
g007153	crop5	0	OG04120	1	1	0	3	wgd	hormone	2
g007154	crop5	0	OG04241	1	1	0	4	wgd	hormone	3
g007155	crop5	0	OG04393	0	1	0	2	tandem	other	1
g007156	crop5	0	OG04039	1	1	0	3	wgd	other	2
g007157	crop5	0	OG04348	0	1	0	8	dispersed	kinase	3
g007158	crop5	0	OG04067	1	1	0	3	wgd	transporter	2
g007159	crop5	0	OG04232	0	0	1	1	singleton	other	2
g007160	crop5	0	OG04062	0	0	1	1	singleton	other	2
g007161	crop5	0	OG04152	1	1	0	9	wgd	TF	3
g007162	crop5	0	OG04298	0	1	0	8	dispersed	enzyme	4
g007163	crop5	0	OG04278	0	1	0	5	dispersed	other	4
g007164	crop5	0	OG04286	1	1	0	3	wgd	hormone	4
g007165	crop5	0	OG04118	0	1	0	3	tandem	transporter	4
g007166	crop5	0	OG04315	1	1	0	7	wgd	TF	3
g007167	crop5	0	OG04074	0	1	0	5	tandem	defense	4
g007168	crop5	0	OG04044	0	1	0	5	dispersed	enzyme	1
g007169	crop5	0	OG04095	0	1	0	9	transposed	defense	3
g007170	crop5	0	OG04398	0	1	0	8	tandem	enzyme	3
g007171	crop5	0	OG04195	0	1	0	10	dispersed	defense	4
g007172	crop5	0	OG04113	0	1	0	8	transposed	other	3
g007173	crop5	0	OG04297	0	1	0	10	transposed	TF	1
g007174	crop5	0	OG04158	0	1	0	4	dispersed	enzyme	1
g007175	crop5	0	OG04232	0	1	0	2	transposed	kinase	4
g007176	crop5	0	OG04144	0	1	0	3	tandem	defense	1
g007177	crop5	0	OG04274	0	1	0	8	tandem	defense	4
g007178	crop5	0	OG04237	0	1	0	3	transposed	hormone	3
g007179	crop5	0	OG04036	0	0	1	1	singleton	defense	2
g007180	crop5	1	OG04008	1	1	0	2	wgd	kinase	3
g007181	crop5	0	OG04185	1	1	0	9	wgd	other	2
g007182	crop5	0	OG04037	0	1	0	9	transposed	kinase	2
g007183	crop5	0	OG04126	0	1	0	8	tandem	enzyme	2
g007184	crop5	0	OG04200	0	1	0	7	transposed	TF	3
g007185	crop5	0	OG04018	0	1	0	8	transposed	TF	2
g007186	crop5	0	OG04237	1	1	0	10	wgd	kinase	2
g007187	crop5	0	OG04193	0	1	0	8	dispersed	enzyme	1
g007188	crop5	0	OG04083	0	1	0	7	dispersed	hormone	4
g007189	crop5	0	OG04303	0	1	0	3	dispersed	other	2
g007190	crop5	0	OG04320	1	1	0	9	wgd	enzyme	4
g007191	crop5	0	OG04003	0	1	0	4	transposed	other	2
g007192	crop5	0	OG04265	0	1	0	6	tandem	defense	2
g007193	crop5	0	OG04202	1	1	0	4	wgd	transporter	2
g007194	crop5	0	OG04395	0	1	0	4	dispersed	hormone	2
g007195	crop5	0	OG04059	1	1	0	6	wgd	kinase	1
g007196	crop5	0	OG04302	1	1	0	8	wgd	enzyme	3
g007197	crop5	0	OG04016	1	1	0	11	wgd	hormone	4
g007198	crop5	0	OG04297	0	1	0	3	transposed	defense	2
g007199	crop5	0	OG04347	1	1	0	2	wgd	TF	1
g007200	crop5	0	OG04325	1	1	0	7	wgd	TF	1
g007201	crop5	0	OG04388	0	1	0	8	tandem	TF	4
g007202	crop5	0	OG04038	0	1	0	7	proximal	defense	2
g007203	crop5	0	OG04142	0	1	0	5	transposed	transporter	2
g007204	crop5	0	OG04086	0	1	0	8	dispersed	enzyme	4
g007205	crop5	0	OG04200	1	1	0	7	wgd	TF	1
g007206	crop5	0	OG04185	0	1	0	7	dispersed	other	1
g007207	crop5	0	OG04220	0	1	0	8	tandem	enzyme	3
g007208	crop5	0	OG04097	0	0	1	1	singleton	other	3
g007209	crop5	0	OG04000	0	1	0	5	transposed	transporter	2
g007210	crop5	0	OG04375	1	1	0	9	wgd	kinase	3
g007211	crop5	0	OG04362	1	1	0	6	wgd	defense	1
g007212	crop5	0	OG04078	0	1	0	3	dispersed	defense	1
g007213	crop5	0	OG04346	0	0	1	1	singleton	other	3
g007214	crop5	0	OG04056	0	1	0	6	transposed	hormone	3
g007215	crop5	0	OG04192	0	1	0	2	dispersed	TF	3
g007216	crop5	0	OG04249	1	1	0	6	wgd	defense	4
g007217	crop5	0	OG04056	0	1	0	3	tandem	enzyme	3
g007218	crop5	0	OG04368	0	1	0	7	transposed	other	1
g007219	crop5	0	OG04378	0	1	0	2	dispersed	transporter	4
g007220	crop5	0	OG04292	1	1	0	7	wgd	enzyme	1
g007221	crop5	0	OG04249	1	1	0	6	wgd	TF	3
g007222	crop5	0	OG04305	1	1	0	5	wgd	kinase	4
g007223	crop5	0	OG04123	0	1	0	2	transposed	TF	3
g007224	crop5	0	OG04397	1	1	0	10	wgd	hormone	1
g007225	crop5	0	OG04270	0	1	0	8	transposed	kinase	1
g007226	crop5	0	OG04118	0	1	0	6	proximal	defense	4
g007227	crop5	0	OG04151	0	1	0	5	transposed	defense	2
g007228	crop5	0	OG04392	0	1	0	11	tandem	enzyme	1
g007229	crop5	0	OG04315	1	1	0	5	wgd	hormone	1
g007230	crop5	0	OG04389	0	0	1	1	singleton	enzyme	4
g007231	crop5	0	OG04342	1	1	0	8	wgd	other	4
g007232	crop5	0	OG04200	1	1	0	10	wgd	enzyme	1
g007233	crop5	0	OG04068	0	0	1	1	singleton	other	3
g007234	crop5	0	OG04373	0	1	0	9	tandem	TF	1
g007235	crop5	0	OG04396	0	1	0	3	tandem	defense	1
g007236	crop5	0	OG04079	0	1	0	5	transposed	enzyme	4
g007237	crop5	0	OG04243	0	0	1	1	singleton	kinase	3
g007238	crop5	0	OG04222	1	1	0	9	wgd	TF	3
g007239	crop5	1	OG04293	1	1	0	2	wgd	kinase	1
g007240	crop5	0	OG04122	0	1	0	3	tandem	enzyme	4
g007241	crop5	0	OG04209	0	1	0	9	dispersed	TF	1
g007242	crop5	0	OG04141	1	1	0	7	wgd	hormone	2
g007243	crop5	0	OG04099	0	1	0	4	transposed	other	1
g007244	crop5	0	OG04292	0	1	0	4	transposed	hormone	2
g007245	crop5	0	OG04306	0	1	0	11	tandem	defense	4
g007246	crop5	0	OG04032	1	1	0	6	wgd	other	1
g007247	crop5	0	OG04146	0	0	1	1	singleton	enzyme	2
g007248	crop5	0	OG04048	0	1	0	3	transposed	other	4
g007249	crop5	0	OG04294	0	1	0	2	dispersed	enzyme	4
g007250	crop5	0	OG04008	0	1	0	5	dispersed	enzyme	3
g007251	crop5	0	OG04089	1	1	0	9	wgd	enzyme	1
g007252	crop5	0	OG04308	1	1	0	9	wgd	TF	3
g007253	crop5	0	OG04247	0	1	0	3	transposed	TF	2
g007254	crop5	0	OG04202	1	1	0	9	wgd	TF	4
g007255	crop5	0	OG04157	1	1	0	2	wgd	TF	1
g007256	crop5	0	OG04088	0	1	0	10	dispersed	hormone	2
g007257	crop5	0	OG04350	1	1	0	7	wgd	defense	4
g007258	crop5	0	OG04392	1	1	0	3	wgd	TF	2
g007259	crop5	0	OG04024	0	1	0	9	tandem	other	3
g007260	crop5	0	OG04272	0	1	0	7	dispersed	defense	4
g007261	crop5	0	OG04289	0	1	0	8	transposed	TF	1
g007262	crop5	0	OG04338	1	1	0	6	wgd	other	1
g007263	crop5	0	OG04263	1	1	0	4	wgd	transporter	4
g007264	crop5	0	OG04169	0	0	1	1	singleton	TF	1
g007265	crop5	0	OG04065	1	1	0	10	wgd	other	3
g007266	crop5	0	OG04272	1	1	0	4	wgd	other	3
g007267	crop5	0	OG04355	0	1	0	4	proximal	enzyme	4
g007268	crop5	0	OG04255	1	1	0	5	wgd	other	4
g007269	crop5	0	OG04176	0	1	0	2	tandem	defense	1
g007270	crop5	0	OG04222	0	0	1	1	singleton	defense	1
g007271	crop5	0	OG04158	0	1	0	6	dispersed	other	3
g007272	crop5	0	OG04014	1	1	0	2	wgd	enzyme	3
g007273	crop5	0	OG04064	0	1	0	5	dispersed	transporter	4
g007274	crop5	0	OG04068	1	1	0	7	wgd	other	2
g007275	crop5	0	OG04133	1	1	0	2	wgd	TF	1
g007276	crop5	0	OG04099	1	1	0	2	wgd	defense	3
g007277	crop5	0	OG04314	0	1	0	4	dispersed	TF	4
g007278	crop5	0	OG04118	0	1	0	8	tandem	defense	3
g007279	crop5	0	OG04313	0	1	0	6	tandem	TF	1
g007280	crop5	0	OG04217	0	1	0	9	transposed	kinase	3
g007281	crop5	0	OG04189	0	1	0	2	dispersed	enzyme	2
g007282	crop5	0	OG04238	0	1	0	2	transposed	other	1
g007283	crop5	0	OG04099	0	1	0	2	proximal	kinase	1
g007284	crop5	0	OG04377	1	1	0	11	wgd	enzyme	2
g007285	crop5	0	OG04396	0	1	0	7	transposed	other	3
g007286	crop5	0	OG04092	0	1	0	3	tandem	TF	4
g007287	crop5	0	OG04131	0	1	0	8	tandem	hormone	2
g007288	crop5	0	OG04138	0	1	0	7	transposed	hormone	1
g007289	crop5	0	OG04120	1	1	0	10	wgd	kinase	2
g007290	crop5	0	OG04344	0	1	0	10	transposed	hormone	1
g007291	crop5	0	OG04179	0	1	0	5	transposed	enzyme	1
g007292	crop5	0	OG04048	1	1	0	11	wgd	enzyme	4
g007293	crop5	0	OG04342	0	0	1	1	singleton	transporter	3
g007294	crop5	0	OG04286	0	1	0	10	dispersed	hormone	1
g007295	crop5	0	OG04117	0	1	0	2	tandem	TF	3
g007296	crop5	0	OG04292	0	0	1	1	singleton	kinase	1
g007297	crop5	0	OG04122	0	1	0	3	dispersed	enzyme	4
g007298	crop5	0	OG04337	0	1	0	2	proximal	defense	4
g007299	crop5	0	OG04052	0	1	0	11	transposed	TF	4
g007300	crop5	0	OG04174	0	1	0	4	tandem	other	3
g007301	crop5	0	OG04018	0	1	0	4	tandem	kinase	2
g007302	crop5	0	OG04296	1	1	0	11	wgd	TF	3
g007303	crop5	0	OG04244	0	1	0	8	transposed	other	1
g007304	crop5	0	OG04377	0	1	0	9	proximal	defense	2
g007305	crop5	0	OG04320	0	1	0	2	proximal	TF	1
g007306	crop5	0	OG04108	1	1	0	4	wgd	TF	2
g007307	crop5	0	OG04069	0	1	0	8	transposed	other	4
g007308	crop5	0	OG04182	1	1	0	7	wgd	hormone	4
g007309	crop5	0	OG04237	1	1	0	5	wgd	other	3
g007310	crop5	0	OG04282	0	1	0	5	transposed	TF	4
g007311	crop5	0	OG04364	0	1	0	3	proximal	defense	2
g007312	crop5	0	OG04211	0	1	0	8	transposed	transporter	4
g007313	crop5	0	OG04362	0	1	0	6	proximal	hormone	2
g007314	crop5	0	OG04372	1	1	0	6	wgd	hormone	4
g007315	crop5	0	OG04181	0	1	0	11	tandem	defense	4
g007316	crop5	0	OG04034	0	0	1	1	singleton	TF	1
g007317	crop5	0	OG04105	0	1	0	5	transposed	hormone	3
g007318	crop5	0	OG04083	0	1	0	11	tandem	defense	1
g007319	crop5	0	OG04161	1	1	0	2	wgd	transporter	2
g007320	crop5	0	OG04054	1	1	0	5	wgd	other	4
g007321	crop5	0	OG04214	0	0	1	1	singleton	transporter	2
g007322	crop5	0	OG04151	1	1	0	11	wgd	defense	1
g007323	crop5	0	OG04252	1	1	0	4	wgd	TF	1
g007324	crop5	0	OG04278	1	1	0	4	wgd	TF	3
g007325	crop5	0	OG04292	0	1	0	8	dispersed	transporter	3
g007326	crop5	0	OG04279	1	1	0	8	wgd	TF	3
g007327	crop5	0	OG04275	0	1	0	9	transposed	defense	4
g007328	crop5	0	OG04106	1	1	0	2	wgd	TF	2
g007329	crop5	0	OG04193	0	1	0	5	dispersed	enzyme	4
g007330	crop5	0	OG04339	0	1	0	7	transposed	defense	1
g007331	crop5	0	OG04078	1	1	0	3	wgd	other	4
g007332	crop5	0	OG04050	0	1	0	2	dispersed	other	1
g007333	crop5	0	OG04388	1	1	0	9	wgd	enzyme	1
g007334	crop5	0	OG04244	0	1	0	11	transposed	TF	4
g007335	crop5	0	OG04001	0	1	0	6	dispersed	other	1
g007336	crop5	0	OG04033	1	1	0	5	wgd	kinase	2
g007337	crop5	0	OG04217	1	1	0	4	wgd	TF	2
g007338	crop5	0	OG04153	0	1	0	5	dispersed	kinase	1
g007339	crop5	0	OG04300	0	1	0	3	transposed	defense	1
g007340	crop5	0	OG04051	1	1	0	2	wgd	TF	4
g007341	crop5	0	OG04093	0	1	0	3	proximal	enzyme	2
g007342	crop5	0	OG04173	0	1	0	10	dispersed	other	2
g007343	crop5	0	OG04109	1	1	0	10	wgd	defense	3
g007344	crop5	0	OG04150	0	1	0	7	transposed	other	1
g007345	crop5	0	OG04053	0	1	0	11	transposed	enzyme	2
g007346	crop5	0	OG04316	0	1	0	2	tandem	defense	2
g007347	crop5	0	OG04318	1	1	0	7	wgd	TF	4
g007348	crop5	0	OG04008	0	1	0	6	proximal	enzyme	2
g007349	crop5	0	OG04094	0	1	0	10	dispersed	defense	3
g007350	crop5	0	OG04392	0	1	0	2	tandem	other	1
g007351	crop5	0	OG04225	1	1	0	7	wgd	other	2
g007352	crop5	0	OG04243	0	1	0	9	tandem	defense	3
g007353	crop5	0	OG04356	0	1	0	10	tandem	TF	2
g007354	crop5	0	OG04017	1	1	0	10	wgd	TF	2
g007355	crop5	0	OG04154	0	1	0	2	tandem	hormone	4
g007356	crop5	0	OG04026	1	1	0	11	wgd	kinase	2
g007357	crop5	0	OG04197	0	1	0	9	proximal	defense	1
g007358	crop5	0	OG04183	0	1	0	5	transposed	kinase	1
g007359	crop5	0	OG04347	0	1	0	11	tandem	enzyme	4
g007360	crop5	0	OG04396	0	1	0	11	tandem	TF	4
g007361	crop5	0	OG04244	0	1	0	3	transposed	TF	2
g007362	crop5	0	OG04331	0	0	1	1	singleton	TF	3
g007363	crop5	0	OG04029	0	1	0	8	dispersed	transporter	4
g007364	crop5	0	OG04330	1	1	0	10	wgd	other	2
g007365	crop5	0	OG04206	0	1	0	8	dispersed	defense	2
g007366	crop5	0	OG04339	0	1	0	7	dispersed	enzyme	1
g007367	crop5	0	OG04176	0	1	0	9	dispersed	other	2
g007368	crop5	0	OG04090	0	1	0	3	transposed	kinase	1
g007369	crop5	0	OG04361	0	0	1	1	singleton	TF	2
g007370	crop5	0	OG04045	0	1	0	3	dispersed	TF	2
g007371	crop5	0	OG04034	0	0	1	1	singleton	enzyme	4
g007372	crop5	0	OG04170	0	1	0	7	proximal	defense	3
g007373	crop5	0	OG04273	1	1	0	11	wgd	TF	4
g007374	crop5	0	OG04074	0	0	1	1	singleton	kinase	1
g007375	crop5	0	OG04270	1	1	0	8	wgd	other	2
g007376	crop5	0	OG04396	0	1	0	9	transposed	enzyme	4
g007377	crop5	0	OG04036	0	1	0	4	tandem	enzyme	1
g007378	crop5	0	OG04179	0	1	0	5	dispersed	other	2
g007379	crop5	0	OG04298	1	1	0	7	wgd	TF	3
g007380	crop5	0	OG04127	0	1	0	6	transposed	other	1
g007381	crop5	0	OG04397	0	1	0	5	dispersed	transporter	3
g007382	crop5	0	OG04142	0	1	0	5	transposed	enzyme	2
g007383	crop5	0	OG04371	1	1	0	7	wgd	hormone	2
g007384	crop5	0	OG04063	0	1	0	4	tandem	enzyme	1
g007385	crop5	0	OG04269	1	1	0	3	wgd	TF	3
g007386	crop5	0	OG04184	0	1	0	8	tandem	defense	4
g007387	crop5	0	OG04266	0	1	0	7	dispersed	enzyme	2
g007388	crop5	0	OG04355	0	1	0	11	tandem	defense	1
g007389	crop5	0	OG04174	0	0	1	1	singleton	TF	4
g007390	crop5	0	OG04065	0	1	0	10	transposed	kinase	4
g007391	crop5	0	OG04373	0	1	0	6	tandem	other	4
g007392	crop5	0	OG04298	1	1	0	5	wgd	transporter	1
g007393	crop5	0	OG04127	1	1	0	11	wgd	hormone	1
g007394	crop5	0	OG04288	0	0	1	1	singleton	transporter	4
g007395	crop5	0	OG04207	0	0	1	1	singleton	transporter	1
g007396	crop5	0	OG04310	0	1	0	7	tandem	enzyme	1
g007397	crop5	0	OG04315	0	1	0	10	dispersed	kinase	4
g007398	crop5	0	OG04317	0	0	1	1	singleton	transporter	4
g007399	crop5	0	OG04131	0	0	1	1	singleton	other	1
g007400	crop5	0	OG04388	0	1	0	6	transposed	enzyme	3
g007401	crop5	0	OG04191	0	1	0	5	transposed	defense	2
g007402	crop5	0	OG04317	0	1	0	7	dispersed	kinase	3
g007403	crop5	0	OG04291	0	1	0	5	dispersed	other	3
g007404	crop5	0	OG04358	0	1	0	8	tandem	defense	3
g007405	crop5	0	OG04034	1	1	0	4	wgd	other	1
g007406	crop5	0	OG04089	1	1	0	7	wgd	TF	2
g007407	crop5	0	OG04327	0	1	0	11	tandem	other	4
g007408	crop5	0	OG04257	1	1	0	6	wgd	other	4
g007409	crop5	0	OG04178	0	1	0	11	transposed	kinase	4
g007410	crop5	0	OG04000	0	1	0	2	transposed	transporter	3
g007411	crop5	0	OG04030	1	1	0	11	wgd	hormone	4
g007412	crop5	0	OG04178	0	0	1	1	singleton	defense	4
g007413	crop5	0	OG04252	0	1	0	3	transposed	other	4
g007414	crop5	0	OG04167	0	1	0	4	transposed	transporter	4
g007415	crop5	0	OG04127	0	1	0	3	tandem	kinase	3
g007416	crop5	0	OG04223	1	1	0	11	wgd	other	4
g007417	crop5	0	OG04123	1	1	0	6	wgd	hormone	1
g007418	crop5	0	OG04116	0	1	0	6	tandem	defense	1
g007419	crop5	0	OG04251	0	0	1	1	singleton	other	4
g007420	crop5	0	OG04289	1	1	0	7	wgd	TF	3
g007421	crop5	0	OG04225	0	1	0	5	dispersed	other	4
g007422	crop5	0	OG04246	0	1	0	4	transposed	other	4
g007423	crop5	0	OG04262	0	0	1	1	singleton	other	2
g007424	crop5	0	OG04000	1	1	0	4	wgd	hormone	2
g007425	crop5	0	OG04102	1	1	0	5	wgd	hormone	2
g007426	crop5	0	OG04328	0	1	0	8	transposed	kinase	2
g007427	crop5	0	OG04339	0	1	0	2	transposed	TF	2
g007428	crop5	0	OG04016	1	1	0	10	wgd	TF	4
g007429	crop5	0	OG04189	1	1	0	6	wgd	other	4
g007430	crop5	0	OG04309	0	1	0	8	dispersed	hormone	3
g007431	crop5	0	OG04261	1	1	0	11	wgd	enzyme	3
g007432	crop5	0	OG04108	0	1	0	3	dispersed	other	4
g007433	crop5	0	OG04247	1	1	0	2	wgd	hormone	1
g007434	crop5	0	OG04081	0	1	0	11	dispersed	hormone	2
g007435	crop5	0	OG04165	0	1	0	9	transposed	defense	3
g007436	crop5	0	OG04360	0	1	0	4	transposed	defense	2
g007437	crop5	0	OG04382	1	1	0	5	wgd	kinase	4
g007438	crop5	0	OG04231	0	1	0	11	proximal	defense	2
g007439	crop5	0	OG04385	0	1	0	8	dispersed	enzyme	1
g007440	crop5	0	OG04188	1	1	0	6	wgd	TF	1
g007441	crop5	0	OG04039	0	1	0	7	dispersed	transporter	2
g007442	crop5	0	OG04105	0	0	1	1	singleton	kinase	3
g007443	crop5	0	OG04140	1	1	0	4	wgd	other	3
g007444	crop5	0	OG04018	0	1	0	6	transposed	transporter	3
g007445	crop5	0	OG04190	0	1	0	2	tandem	enzyme	3
g007446	crop5	0	OG04179	0	1	0	5	transposed	enzyme	2
g007447	crop5	0	OG04058	1	1	0	9	wgd	other	2
g007448	crop5	0	OG04196	0	1	0	4	transposed	TF	2
g007449	crop5	0	OG04167	0	1	0	11	transposed	other	1
g007450	crop5	0	OG04038	0	1	0	10	transposed	TF	1
g007451	crop5	0	OG04036	0	1	0	2	dispersed	enzyme	1
g007452	crop5	0	OG04344	1	1	0	11	wgd	transporter	1
g007453	crop5	1	OG04036	1	1	0	3	wgd	kinase	4
g007454	crop5	0	OG04131	0	1	0	4	tandem	enzyme	4
g007455	crop5	0	OG04325	0	0	1	1	singleton	enzyme	4
g007456	crop5	0	OG04247	0	1	0	8	tandem	other	4
g007457	crop5	0	OG04127	0	0	1	1	singleton	hormone	2
g007458	crop5	0	OG04220	1	1	0	8	wgd	TF	1
g007459	crop5	0	OG04080	1	1	0	11	wgd	hormone	4
g007460	crop5	0	OG04318	0	1	0	11	tandem	other	3
g007461	crop5	0	OG04082	1	1	0	7	wgd	TF	1
g007462	crop5	0	OG04353	0	1	0	2	transposed	other	1
g007463	crop5	0	OG04280	0	1	0	2	transposed	hormone	3
g007464	crop5	0	OG04158	0	1	0	10	tandem	kinase	1
g007465	crop5	0	OG04317	0	1	0	10	tandem	other	1
g007466	crop5	0	OG04213	0	1	0	11	dispersed	transporter	3
g007467	crop5	0	OG04269	1	1	0	4	wgd	TF	3
g007468	crop5	0	OG04393	0	1	0	3	transposed	enzyme	3
g007469	crop5	0	OG04066	0	1	0	2	dispersed	enzyme	1
g007470	crop5	0	OG04058	1	1	0	5	wgd	enzyme	2
g007471	crop5	0	OG04135	0	1	0	2	dispersed	enzyme	1
g007472	crop5	0	OG04030	0	1	0	10	transposed	other	3
g007473	crop5	0	OG04331	0	1	0	8	dispersed	kinase	2
g007474	crop5	1	OG04257	0	1	0	8	dispersed	defense	1
g007475	crop5	0	OG04061	0	1	0	7	transposed	TF	4
g007476	crop5	0	OG04304	0	1	0	9	tandem	defense	1
g007477	crop5	0	OG04248	1	1	0	5	wgd	enzyme	2
g007478	crop5	0	OG04243	0	1	0	3	dispersed	enzyme	4
g007479	crop5	0	OG04394	1	1	0	9	wgd	hormone	4
g007480	crop5	0	OG04269	1	1	0	8	wgd	other	3
g007481	crop5	0	OG04217	0	0	1	1	singleton	defense	4
g007482	crop5	0	OG04009	0	1	0	5	transposed	other	2
g007483	crop5	0	OG04280	0	0	1	1	singleton	kinase	2
g007484	crop5	0	OG04198	0	1	0	6	transposed	kinase	1
g007485	crop5	0	OG04397	0	1	0	8	dispersed	enzyme	4
g007486	crop5	0	OG04096	0	1	0	7	transposed	other	2
g007487	crop5	0	OG04238	0	0	1	1	singleton	kinase	3
g007488	crop5	0	OG04262	0	1	0	3	proximal	enzyme	2
g007489	crop5	0	OG04389	0	1	0	8	tandem	defense	2
g007490	crop5	0	OG04233	0	0	1	1	singleton	kinase	3
g007491	crop5	0	OG04122	1	1	0	6	wgd	TF	2
g007492	crop5	1	OG04177	1	1	0	4	wgd	TF	3
g007493	crop5	0	OG04366	0	1	0	8	proximal	transporter	4
g007494	crop5	0	OG04076	0	1	0	10	transposed	hormone	3
g007495	crop5	0	OG04080	0	1	0	2	tandem	enzyme	2
g007496	crop5	0	OG04033	1	1	0	8	wgd	hormone	2
g007497	crop5	0	OG04267	0	0	1	1	singleton	transporter	3
g007498	crop5	0	OG04334	0	1	0	8	transposed	hormone	1
g007499	crop5	0	OG04045	0	1	0	2	transposed	other	3
